symbol,bars,avg_close,max_high,min_low,total_vol
RELTD.NS,252,nan,196.45,114.5926,105826130
REPL.NS,250,nan,168.0,59.0,3731868
ROLEXRINGS.NS,251,nan,189.4,99.79,686299036
RSL.NS,123,nan,192.77,101.7,100407507
RUPA.NS,250,nan,212.84,109.21,54559681
SAGCEM.NS,250,nan,289.7,145.5,20996766
SAKSOFT.NS,252,168.47972222222222,224.75,107.59,450520661
SALZERELEC.NS,251,658.8336653386455,952.5,488.8,33185259
SAMHI.NS,251,172.95585657370518,217.97,127.0,247119966
SANDESH.NS,249,nan,1270.0,811.0,364771
SANSERA.NS,251,2361.809166135458,4170.0,1364.2,55570817
SAYAJIIND.NS,19,nan,124.0,106.5,28058
SBFC.NS,251,98.22067729083663,123.0,79.6,498068927
SECURKLOUD.NS,250,nan,34.18,15.6,12139275
MAXESTATES.NS,251,nan,579.0,305.45,30048238
MAXHEALTH.NS,251,nan,1221.9,903.0,708552921
MEDICAMEQ.NS,250,302.82956,447.65,212.4,9187228
MEDICO.NS,250,nan,56.88,30.22,84520159
MIIL.NS,19,nan,742.9,666.55,1580476
MINDACORP.NS,250,597.7043999999999,769.0,468.5,141785806
MMP.NS,249,nan,485.0,185.2,10380948
MPSLTD.NS,249,nan,2979.0,1336.1,9161250
MSUMI.NS,251,nan,53.59,35.7,2319917833
NATHBIOGEN.NS,250,159.20432,204.0,126.15,6320778
NAVA.NS,251,592.7725099601595,739.4,501.65,121258506
NCLIND.NS,250,nan,215.22,147.5,19010752
NDL.NS,252,nan,3.75,1.8,416920361
NIACL.NS,252,167.54896825396827,242.6,116.97,894947205
NIBL.NS,251,30.902470119521908,40.8,25.3,13993105
NTPC.NS,252,353.6053571428572,414.4,315.55,2594469700
OMFREIGHT.NS,233,nan,114.33,58.95,25124152
ONEGLOBAL.NS,19,nan,580.0,494.0,389339
ORIENTBELL.NS,250,nan,424.95,246.55,5247065
PACEDIGITK.NS,236,188.41190677966105,231.95,139.81,491106209
PARSVNATH.NS,250,nan,18.75,1.35,205051466
PAYTM.NS,251,1245.3788844621515,1840.0,930.6,862722548
PERSISTENT.NS,252,nan,6599.0,4244.5,159511292
PIGL.NS,251,121.9219920318725,189.7,88.05,17945532
POONAWALLA.NS,252,nan,570.4,361.2,503400658
PPAP.NS,249,nan,379.5,176.0,16640535
PRABHA.NS,251,nan,262.8,137.91,44517913
PROZONER.NS,250,nan,72.77,39.55,189172066
SKIPPER.NS,251,472.3312749003985,616.8,327.05,155855850
SOFTTECH.NS,249,nan,489.9,215.0,1538226
SOLEX.NS,250,nan,1985.0,651.2,13671315
INDOMIM.NS,32,881.6062499999999,1028.5,700.0,195873614
INDOWIND.NS,250,nan,18.94,7.0,133924491
INDSWFTLAB.NS,250,155.94512000000003,404.0,87.15,207832083
INOXWIND.NS,252,105.67964285714284,159.3,68.0,2861800369
JIOFIN.NS,251,264.83067729083666,321.6,223.3,3462502919
KAKATCEM.NS,250,nan,165.55,85.0,1516690
KANCHI.NS,19,nan,435.0,359.95,67617
KHAICHEM.NS,250,nan,135.8,42.92,71332924
KIRANVYPAR.NS,19,nan,212.0,194.0,92312
KOLTEPATIL.NS,249,389.84959839357435,554.6,292.25,41868443
KPITTECH.NS,252,887.3924603174604,1328.0,543.0,482283135
KSCL.NS,250,nan,1225.0,705.1,35817676
LEAPIND.NS,21,155.6652380952381,172.29,136.0,282773824
LLOYDSENGG.NS,251,63.95725099601595,99.75,37.4,2038862188
LPDC.NS,250,nan,9.46,5.23,21145693
LXCHEM.NS,251,nan,241.0,107.6,272140060
MAANALU.NS,250,nan,184.74,103.01,38102388
MANAKCOAT.NS,250,124.12104000000001,182.82,94.2,178856767
MANORAMA.NS,251,nan,2149.5,1060.6,52503354
GVKPIL.NS,251,nan,4.06,2.04,171451477
HAL.NS,251,nan,5149.8999,3479.1001,292813936
HDFCLIFE.NS,252,660.4103174603174,796.9,508.7,845652732
HINDCOMPOS.NS,249,430.84759036144584,550.0,347.1,1983193
HONAUT.NS,249,nan,41495.0,26220.0,1805793
SAB.NS,16,176.591875,192.6,165.0,1345
IGL.NS,251,nan,223.5,141.74,728879756
SOUTHBANK.NS,252,nan,49.9,28.5,5637842677
SOUTHWEST.NS,251,203.31278884462142,275.0,121.0,71092096
SPCENET.NS,250,nan,11.24,3.0,246635041
SPORTKING.NS,250,nan,241.51,78.17,92749524
SUMEDHA.NS,19,nan,45.0,36.6,57671
SUPRIYA.NS,250,756.3878000000001,1085.0,545.5,78189784
TALBROAUTO.NS,252,nan,451.6,219.9,51776200
TANLA.NS,252,544.7470238095241,766.0,365.9,219693106
TARAPUR.NS,250,nan,39.99,12.11,9858813
TATACHEM.NS,252,750.7430555555553,1026.65,580.3,217094778
TATVA.NS,252,1325.7837301587301,1838.1,981.5,31288619
TEJASNET.NS,252,489.6458333333334,644.75,294.0,1554886184
TIINDIA.NS,251,2834.2605561752985,3419.8999,2164.8999,96008814
TRIGYN.NS,250,nan,102.4,37.55,12621026
TRUALT.NS,24,453.85833333333335,494.0,413.65,6278866
TTML.NS,252,45.28123015873014,60.62,31.22,1174869310
TURTLEMINT.NS,24,137.82375,160.0,110.41,57238204
TVSSCS.NS,24,128.3345833333333,141.0,120.4,67381737
UNIENTER.NS,24,95.56291666666665,99.75,92.7,118375
UNITECH.NS,24,3.9825000000000004,4.31,3.67,104923642
URJA.NS,24,9.4225,10.39,8.95,15519834
UTKARSHBNK.NS,24,14.433749999999998,15.24,13.85,127418765
UTTAMSUGAR.NS,24,287.0166666666667,359.3,239.1,13103445
VALIANTLAB.NS,24,87.09458333333333,110.7,60.0,4423398
VENUSPIPES.NS,24,1596.4916666666668,1725.0,1527.1,2724005
VSTTILLERS.NS,24,4411.0125125,4709.0,4128.0,278922
VTL.NS,24,596.9229166666667,637.85,567.0,31785335
VTMLTD.NS,19,46.41263157894736,61.9,22.95,678169
WEBELSOLAR.NS,24,83.84375,98.49,73.08,58763388
YASHO.NS,24,4284.8166625,4994.0,3952.8,1794422
ZOTA.NS,24,1144.1166666666666,1309.0,1022.0,2271175
5PAISA.NS,251,335.19031872509953,416.95,245.5,43653674
AARNAV.NS,135,26.617185185185182,37.4,21.0,12083553
ABB.NS,251,nan,7924.5,4637.5,82639426
ABREL.NS,252,1466.928174603174,1965.3,1080.1,57466081
ALGOQUANT.NS,172,59.941337209302326,71.01,47.8,205969820
ALLCARGO.NS,252,13.591785714285715,36.55,7.11,2205073883
ALUFLUOR.NS,19,nan,509.9,430.0,136137
APARINDS.NS,251,11341.213147410359,18465.0,6801.0,29797540
APEX.NS,251,nan,514.5,219.86,229553651
APLLTD.NS,251,813.552988047809,998.0,635.8,31906640
APOLSINHOT.NS,249,nan,1450.1,950.0,349369
ASTRON.NS,250,nan,17.17,2.87,17626587
ATLANTAA.NS,250,nan,73.39,31.52,46520436
AUSOMENT.NS,250,nan,178.0,93.0,6261532
AUTOAXLES.NS,250,nan,2115.0,1540.2,2961952
AVADHSUGAR.NS,250,461.93279999999993,884.8,306.05,27938174
AVG.NS,250,nan,264.43,116.66,12048529
AWL.NS,251,nan,282.9,171.19,827221180
BASF.NS,252,nan,4829.8999,3122.2,6472078
BATAINDIA.NS,252,nan,1282.5,605.0,69524842
BHARATRAS.NS,250,nan,2987.5,1150.1,5936134
BIMETAL.NS,106,nan,750.75,470.9,91823
BOSCHLTD.NS,251,nan,50000.0,28610.0,8196559
BPCL.NS,252,331.0611111111111,391.65,266.6,2127564817
CAPACITE.NS,251,245.26015936254979,334.0,180.0,126406397
CAPILLARY.NS,204,553.941911764706,798.95,438.15,291557703
CESC.NS,251,165.8695617529881,204.5,138.12,557183267
CEWATER.NS,251,360.5051792828685,539.9,235.0,28068691
CHOICEIN.NS,251,nan,860.5,568.7,159986383
COCHINSHIP.NS,252,1565.520238095238,1979.9,1187.0,344974881
CONSOFINVT.NS,249,nan,320.0,152.0,4427955
CORALFINAC.NS,250,nan,50.9,25.01,10588639
CORONA.NS,187,nan,2270.1001,1336.6,28308315
DECCANCE.NS,249,nan,1164.9,525.0,9229556
DHARAN.NS,250,nan,0.61,0.11,6082152534
DHUNINV.NS,249,nan,1573.1,667.1,521719
DIGIDRIVE.NS,252,nan,34.37,16.1,7930781
DISHTV.NS,251,nan,5.99,1.82,900668744
DRCSYSTEMS.NS,249,nan,23.68,11.5,19092168
DSKULKARNI.NS,251,nan,21.0,8.6,4932
EASTWEST.NS,19,nan,2.68,2.2,815234
EDELWEISS.NS,252,114.83543650793649,140.9,98.0,1399699933
ELECON.NS,252,nan,634.9,352.0,179140762
ELIN.NS,250,nan,234.0,90.5,46835588
ELPROINTL.NS,102,nan,180.89,102.0,11446905
EMCURE.NS,252,nan,2048.0,1260.0,53153852
EQUIPPP.NS,250,nan,25.89,13.85,4596643
ESAFSFB.NS,251,29.81131474103585,44.99,19.78,295926219
EUROBOND.NS,249,nan,247.99,126.3,2390955
GARUDA.NS,252,184.29952380952383,249.3,130.0,368661371
GENUSPAPER.NS,249,nan,18.71,8.67,24613799
GEOJITFSL.NS,250,nan,86.5,50.86,247963932
GICHSGFIN.NS,251,nan,184.0,130.05,26905399
SIEL.NS,18,nan,44.54,28.1,64847
GLOBALVECT.NS,249,nan,248.0,129.0,4759584
GODIGIT.NS,251,nan,381.4,244.2,131965135
GODREJPROP.NS,252,1916.6194436507938,2352.0,1434.0,220034995
GRAPHITE.NS,251,640.9685258964145,874.35,516.2,416942907
TUTIALKA.NS,14,57.58214285714285,62.9,52.0,226596
TVSELECT.NS,24,451.8145833333333,530.85,415.0,1210370
VOGL.NS,24,38.21791666666666,43.3,34.43,1469528284
REDTAPE.NS,251,nan,163.5,107.53,158351795
RPSGVENT.NS,251,nan,1179.0,551.9,88160143
RSWM.NS,250,nan,238.0,120.0,18724349
SADHNANIQ.NS,251,nan,11.3,1.27,806289116
SEMAC.NS,249,nan,545.65,205.0,421681
MENNPIS.NS,19,nan,85.8,69.55,2078728
MIDHANI.NS,251,nan,482.4,266.65,319251197
MINDTECK.NS,250,nan,307.68,145.13,31434193
MITCON.NS,249,nan,91.7,49.56,3215909
MOBIKWIK.NS,252,218.74531746031744,324.75,151.46,569208654
MOKSH.NS,249,nan,16.65,8.11,56535590
NATCAPSUQ.NS,250,nan,296.0,136.36,5442846
NATIONALUM.NS,252,339.2444444444444,445.15,198.68,3065652288
NEPHROPLUS.NS,185,nan,781.5,446.0,58305948
NEUEON.NS,251,nan,27.4,5.22,6037068
NEWGEN.NS,251,nan,1041.95,401.05,625366753
NH.NS,251,1846.3760960159361,2093.3,1589.0,102810472
NIVABUPA.NS,251,nan,91.4,67.5,451362044
NRBBEARING.NS,251,327.0204780876494,519.0,212.55,117125670
NRL.NS,250,nan,138.0,45.1,19390147
OBEROIRLTY.NS,251,1675.3031872509962,1986.1,1391.2,133796752
OLECTRA.NS,251,nan,1714.2,866.6,170821613
PANCHMAHQ.NS,19,nan,331.0,253.95,4570
PARKHOTELS.NS,252,nan,164.1,95.1,74132570
PIONEEREMB.NS,250,nan,39.2,19.61,6982543
PITTIENG.NS,249,nan,1199.9,675.0,15470838
PML.NS,18,nan,515.0,475.0,3260
PNBHOUSING.NS,251,nan,1211.5,729.6,299961009
POLYPLEX.NS,251,nan,1264.0,740.0,24163435
PREMEXPLN.NS,251,580.2167330677289,829.8,378.4,173293265
PVP.NS,251,32.78573705179283,71.9,23.0,331619719
PWL.NS,207,116.91309178743961,161.99,77.72,3549354432
SOLARA.NS,252,549.2313492063491,759.55,422.0,63807711
SOMANYCERA.NS,249,nan,576.8,332.0,25927660
INCREDIBLE.NS,249,nan,49.79,28.1,3020857
INDGN.NS,252,nan,615.5,414.0,90635735
INDIQUBE.NS,250,nan,243.8,131.15,29206442
INTENTECH.NS,249,nan,149.9,66.3,29367587
INTERARCH.NS,250,nan,2762.6001,1600.0,23597813
IRB.NS,252,20.905615079365077,23.95,18.76,4364192444
ITC.NS,252,331.1894841269842,426.4,255.5,4566516526
JSWINFRA.NS,252,290.51916666666665,355.8,233.42,568257471
KAMATHOTEL.NS,250,nan,329.8,140.2,19219424
KANCOTEA.NS,19,nan,58.7,46.2,10650
KHAITANLTD.NS,249,nan,178.0,85.0,1394942
KILITCH.NS,250,nan,219.5,117.25,16692337
KIRIINDUS.NS,252,nan,779.0,333.8,246153414
KIRLOSBROS.NS,251,nan,2189.2,1335.0,28558098
KIRLOSIND.NS,250,nan,4574.7998,2463.0,3758033
KJMCFIN.NS,19,nan,84.5,55.35,75002
LATTEYS.NS,249,nan,37.0,15.79,27146092
LGHL.NS,250,nan,399.5833,168.0,16890944
LMW.NS,249,nan,20151.0,11920.0,1044553
MAHSEAMLES.NS,251,nan,738.0,500.7,48107846
MANCREDIT.NS,250,nan,287.27,152.06,36067663
MANGALAM.NS,250,nan,79.49,22.8,21686341
MANGLMCEM.NS,249,nan,1120.0,679.35,22660097
GULFPETRO.NS,250,nan,71.4,23.25,24278802
HALDER.NS,163,nan,319.0,210.0,2123140
HARDWYN.NS,251,nan,20.2,7.61,905244951
HATHWAY.NS,252,nan,15.25,8.76,579301594
HATSUN.NS,251,nan,1240.2,855.3,19981296
HEALTHX.NS,249,nan,363.0,252.5,4483440
HFCL.NS,252,120.83698412698412,256.7,59.82,7316246154
HISARMETAL.NS,249,nan,192.4,124.99,809016
HOMEFIRST.NS,250,nan,1317.7,893.7,79523000
RACLGEAR.NS,251,nan,1856.0,897.9,20981439
SHRADHA.NS,249,nan,58.95,26.34,12855162
SHRIRAMFIN.NS,252,939.7380952380952,1153.7,602.8,1657771184
SIGIND.NS,249,nan,74.99,40.66,7096208
SINGERIND.NS,120,71.62933333333334,91.3,57.15,12019834
NATIONSTD.NS,19,113.55894736842104,148.1,98.27,1864374
IEX.NS,252,130.36218253968255,160.27,113.0,2076813026
IFBAGRO.NS,251,nan,1790.0,679.15,9381032
SONATSOFTW.NS,252,309.470119047619,421.5,207.15,444647295
SRIKPRIND.NS,19,nan,36.8,19.4,914551
STYRENIX.NS,251,2169.639039043825,2653.8,1780.0,9931687
TARMAT.NS,250,nan,73.9,46.26,10773535
THEINVEST.NS,249,nan,159.29,89.0,4308003
THELEELA.NS,251,nan,582.85,384.5,111542092
THYROCARE.NS,251,nan,662.0,342.55,198420296
TOTAL.NS,249,nan,87.89,45.0,4490718
UFLEX.NS,24,580.7875,723.5,471.55,17902389
VAKRANGEE.NS,24,5.904166666666666,6.15,5.5,20745758
WOCKPHARMA.NS,24,1923.3166666666668,2108.5,1814.4,19802251
WSI.NS,24,60.23583333333334,63.95,53.8,1440496
YESBANK.NS,24,22.62875,23.15,21.82,1178047460
3BBLACKBIO.NS,19,nan,1588.9,1099.5,437025
AADHARHFC.NS,252,nan,563.0,430.15,101326445
ACEINTEG.NS,249,nan,27.9,14.2,2778763
ACI.NS,250,567.7596000000001,726.0,461.6,49999161
ADVENTHTL.NS,210,173.98995238095233,345.05,120.02,61928369
ALMONDZ.NS,252,15.703293650793654,22.1,10.68,49613226
ALPINETEX.NS,39,nan,105.0,50.46,12080661
ANSALBU.NS,19,nan,92.4,70.64,74057
ARCHIDPLY.NS,250,nan,124.78,60.0,5998311
ARTNIRMAN.NS,250,nan,66.97,29.39,897326
AUROPHARMA.NS,250,1333.6628,1717.0,1061.3,329248636
AVROIND.NS,251,11.76803187250996,15.99,7.72,82459300
BAJAJHCARE.NS,252,nan,515.9,272.35,70223911
BALAJEE.NS,251,nan,54.48,21.1,22383515
BALAJITELE.NS,251,nan,141.32,69.52,107084650
BANARBEADS.NS,249,118.49409638554218,164.7,96.05,3708708
BANG.NS,250,nan,62.07,25.84,12206538
BEDMUTHA.NS,249,nan,150.01,94.55,2517069
BEL.NS,252,417.38273809523815,473.45,380.45,3598642697
BLACKBUCK.NS,252,nan,748.0,496.0,194382554
BLUECHIP.NS,248,2.7142338709677425,4.32,1.65,2304671
BOMDYEING.NS,252,130.23297619047622,195.45,92.0,240482607
BRAHMINFRA.NS,19,nan,184.0,151.2,368927
BSHSL.NS,249,nan,139.0,59.16,10857671
BTC-USD,365,81514.66296273972,126198.0703,57747.7656,15677763704904
CAMS.NS,251,751.3067330677289,844.9,611.4,358478342
CENTUM.NS,250,nan,4450.0,2044.2,15919321
CHOLAFIN.NS,251,1675.7669322709162,1952.5,1299.4,415326482
CMLL.NS,36,528.7625,624.4,460.0,99723192
COCKERILL.NS,103,nan,10871.5,5015.25,1811189
CPL.NS,37,nan,75.74,61.45,3484466
DCI.NS,249,277.0220481927711,475.0,208.98,13231639
DCMFINSERV.NS,249,nan,8.55,3.7,6421443
DCMSRIND.NS,251,nan,181.9,31.9,46357269
DELPHIFX.NS,250,nan,18.25,5.64,200287322
DGCONTENT.NS,249,nan,39.57,21.61,7419779
DJML.NS,250,nan,124.8,52.0,53371788
DOLPHIN.NS,251,nan,731.0,322.0,29605330
EASEMYTRIP.NS,251,nan,10.6,5.74,7724043580
EMMBI.NS,249,92.12152610441768,116.9,60.3,4645240
ENTERO.NS,251,nan,1920.0,944.0,37931758
EPACK.NS,252,nan,394.05,184.0,393245807
EPL.NS,251,218.34525896414337,274.03,176.4,376747258
ESABINDIA.NS,249,nan,7319.5,4710.0,1721802
ETHOSLTD.NS,250,nan,3245.8999,1919.4,11014822
EXICOM.NS,252,130.0784523809524,189.17,75.6,535875044
FEDDERSHOL.NS,19,nan,50.32,39.0,22417209
FEL.NS,249,nan,0.65,0.34,56619966
FINPIPE.NS,249,176.6698393574297,222.5,147.54,191330360
FIVESTAR.NS,250,nan,666.0,338.15,384390845
FLFL.NS,249,nan,1.99,1.1,14062397
FRACTAL.NS,145,nan,1118.0,733.7,94343731
FSL.NS,252,285.26690476190475,379.7,202.0,651883390
GAEL.NS,252,nan,184.99,101.2,256235073
GANGAFORGE.NS,250,nan,4.15,1.53,401360141
GCSL.NS,250,376.77804000000003,616.9,213.15,69001953
GKWLIMITED.NS,249,nan,1985.4,1375.0,192509
GLOTTIS.NS,235,nan,93.0,37.0,107933536
GMRP&UI.NS,251,107.80274900398406,136.95,86.8,468517415
UJJIVANSFB.NS,24,69.54458333333334,73.94,61.4,356039904
RATEGAIN.NS,250,nan,1050.0,437.0,130658232
RATNAVEER.NS,250,170.092726,314.9,130.5,651294780
RHL.NS,250,nan,274.85,160.98,3031957
ROHLTD.NS,249,nan,562.95,269.4,13615174
ROLLT.NS,249,nan,4.95,1.07,103945776
ROSSTECH.NS,252,nan,1241.7,551.9,52184099
ROUTE.NS,251,nan,890.4,410.7,128501829
RPEL.NS,251,961.041235059761,1943.7,561.3,25281459
SAPPL.NS,19,nan,309.0,270.0,24810
SCI.NS,252,nan,368.75,195.55,1660233561
MODTHREAD.NS,250,nan,65.65,35.61,1592883
MOIL.NS,251,nan,404.9,242.35,289652999
MOTHERSON.NS,252,127.91888888888886,173.27,100.2,4893191131
MUTHOOTCAP.NS,250,nan,303.0,175.25,7373642
MUTHOOTFIN.NS,252,3345.844836904762,4149.5,2671.0,205612641
MWL.NS,251,nan,43.94,19.997,210376162
NARMADA.NS,251,nan,22.585,9.95,277709493
NAVKARCORP.NS,251,nan,132.0,74.05,142555357
NBIFIN.NS,249,nan,2991.0,1539.0,253283
NIBE.NS,252,1241.0394841269842,1848.0,809.6,26608002
NITCO.NS,250,nan,123.59,64.0,218380369
NOCIL.NS,252,164.85710317460317,204.5,125.31,398122280
NOVARTIND.NS,107,1423.4149523364483,2588.8,672.25,7348138
ONIXSOLAR.NS,19,360.521052631579,464.2,262.45,7564924
PARAGMILK.NS,252,251.31269841269844,376.95,177.84,260784433
PAVNAIND.NS,251,nan,43.8,14.11,44938592
PIRAMALFIN.NS,214,nan,2326.3999,1260.0,85220593
PNB.NS,252,115.12075396825398,135.15,98.5,4636591457
POLYCAB.NS,252,8183.311507936508,10126.0,6663.0,93052027
POLYMED.NS,252,nan,2107.8,1182.0,49532876
PRAJIND.NS,251,nan,427.65,273.0,477304171
PRSMJOHNSN.NS,250,nan,176.0,97.1,251010337
SMARTWORKS.NS,251,nan,619.0,361.5,27099408
SMLMAH.NS,252,4008.0992099206355,6654.0,2719.0,25802838
SNOWMAN.NS,251,nan,59.8,30.5,63441220
IMPEXFERRO.NS,249,nan,5.18,1.3,5500214
INDOUS.NS,251,nan,159.0,70.0,10753648
INDRAMEDCO.NS,251,nan,640.85,342.0,98060931
INVPRECQ.NS,19,nan,1405.8,1166.0,82202
IPCALAB.NS,251,nan,2001.5,1251.6,71231518
ITDC.NS,250,589.6812000000001,822.0,368.0,227163882
J&KBANK.NS,251,125.90988047808766,201.75,97.35,1076927274
JETFREIGHT.NS,250,nan,25.95,11.9,43887512
JNKINDIA.NS,251,nan,558.0,200.92,135240903
JSFB.NS,252,nan,606.95,330.0,144861355
JSLL.NS,251,657.8137450199204,849.5,492.0,177060691
JSWHL.NS,251,nan,22790.0,10530.0,1046209
JUSTDIAL.NS,251,nan,878.6,480.5,143274870
JYOTISTRUC.NS,251,nan,17.42,7.94,2257955522
KEEPLEARN.NS,249,nan,3.21,1.51,17978318
KHANDSE.NS,249,19.111847389558232,26.88,12.2,2295847
KITEX.NS,251,nan,232.7,122.75,331407411
KPIGREEN.NS,251,nan,542.25,281.0,366092672
KPIL.NS,250,nan,1479.6,1007.1,49577357
KRITINUT.NS,249,nan,102.99,51.36,7356910
KUSUMGAR.NS,43,nan,659.5,548.0,54965290
LAURUSLABS.NS,251,1217.0079681274901,1981.8,823.1,528141983
LEENEE.NS,19,nan,11.48,6.81,982423
LOVABLE.NS,250,nan,104.7,55.0,5391027
MASKINVEST.NS,249,nan,246.09,114.94,471400
GRINDWELL.NS,250,nan,2455.0,1329.0,15880551
GTPL.NS,251,77.9960956175299,118.95,50.85,21925768
GUJALKALI.NS,251,nan,815.0,409.15,313257160
GUJENERGY.NS,251,369.01772908366536,452.0,240.36,246841617
GULPOLY.NS,251,165.7867330677291,227.63,121.5,79803848
HAPPSTMNDS.NS,252,421.2142857142858,583.4,328.8,377061561
HARIOMPIPE.NS,251,nan,572.2,268.05,77518426
HEXATRADEX.NS,249,nan,194.89,147.26,1055633
HINDPETRO.NS,252,413.35039682539673,508.45,316.2,1526993257
HITECH.NS,252,91.2226984126984,127.5,70.14,305881898
RAJSREESUG.NS,251,33.7509561752988,43.2,24.65,17033992
SEIL.NS,19,nan,215.6,189.94,5100103
SEKURITIND.NS,19,nan,124.65,108.96,481285
SHANKARA.NS,249,nan,1048.6,98.25,45098813
SHANTIGOLD.NS,252,nan,280.75,155.0,284363599
SHBAJRG.NS,19,nan,184.0,153.0,53640
SHREDIGCEM.NS,251,nan,97.15,53.9,54958386
SHRIRAMPPS.NS,251,nan,99.44,60.57,180221666
SIEMENS.NS,251,3414.0207159362544,4149.3999,2826.0,101579926
SINDHUTRAD.NS,250,nan,32.74,17.64,598318761
SIS.NS,250,nan,480.95,257.05,44382481
IDEA.NS,252,11.443095238095237,15.79,7.3,124227376317
SOMICONVEY.NS,250,nan,169.4,80.16,6813618
SOTL.NS,252,nan,850.1,285.8,80739570
SPLIL.NS,249,32.82421686746988,45.2,20.2,3693732
SREEL.NS,249,nan,400.0,165.25,4270300
STYLEBAAZA.NS,252,nan,447.1,229.95,212546840
SULA.NS,251,nan,292.74,135.75,96905922
SUNCLAY.NS,251,1358.4820717131474,1942.0,1112.8,4435319
SUPERSPIN.NS,249,nan,9.98,3.79,12688975
SUPREMEIND.NS,251,3666.706363346613,4632.0,3140.0,60747409
SVGLOBAL.NS,19,nan,172.81,114.3,345941
TANAA.NS,19,289.5736842105263,322.0,238.0,277894
THEJO.NS,249,nan,2286.6001,1443.6,2082882
THOMASCOTT.NS,252,nan,459.8,230.0,11871809
TIGERLOGS.NS,247,nan,56.69,22.9,41023818
TOYAMSL.NS,19,nan,0.69,0.6,9812016
TPHQ.NS,250,nan,0.86,0.4,652824361
TPLPLASTEH.NS,251,nan,90.33,50.01,32450347
TRANSWORLD.NS,250,nan,270.99,111.56,7043543
TTL.NS,250,nan,11.8,5.5,38080699
UNITDSPR.NS,24,1520.6083333333333,1563.4,1446.3,13418506
UNITEDPOLY.NS,24,34.83958333333333,42.0,28.1,2659572
UNITEDTEA.NS,24,457.8770833333333,490.8,441.0,67324
UTIAMC.NS,24,894.9541666666668,924.9,866.0,2713083
VALIANTORG.NS,24,303.6041666666667,341.55,278.1,1145689
VARDHACRLC.NS,24,44.285,46.7,41.4,647081
VARROC.NS,24,816.75,896.0,672.55,25948315
VMART.NS,24,822.3583333333332,868.9,766.75,2761656
VPRPL.NS,24,33.72416666666667,42.75,27.5,21324459
XCHANGING.NS,24,63.48,69.29,60.0,1887523
YATRA.NS,24,112.40875,121.7,101.26,62287858
YUKEN.NS,24,894.5,1028.5,708.1,513420
ZENSARTECH.NS,24,483.05,522.95,455.6,17302558
ZSARACOM.NS,14,11468.5,13418.0,9808.0,1137
AAVAS.NS,251,nan,1771.9,1060.4,45143104
ADANIENT.NS,252,2520.84997063492,3245.0,1753.0,460702973
AEROENTER.NS,251,nan,159.6,62.2,143314829
AFFORDABLE.NS,250,nan,297.0,119.71,12164977
AKCAPIT.NS,19,nan,1800.0,1644.2,29446
ALICON.NS,249,nan,1022.0,580.0,7326164
ALKEM.NS,250,nan,5933.5,5051.0,33638233
AMAGI.NS,162,nan,727.4,310.2,128800640
AMRUTANJAN.NS,251,nan,774.3,482.8,9704931
ARDEE.NS,23,nan,73.19,50.48,290507888
ASALCBR.NS,250,871.5462000000002,1277.0,660.65,14986060
ASHAPURMIN.NS,252,655.4878968253969,924.9,455.1,187820622
ASIANTNE.NS,19,nan,10.99,8.6,263815
ASKAUTOLTD.NS,252,nan,687.7,375.3,96527082
ASPINWALL.NS,249,nan,299.8,200.25,1413168
ASTAR.NS,19,nan,619.5,565.0,1476
ASTRAL.NS,251,1496.2262948207172,1768.7,1311.6,187252442
ATALREAL.NS,249,nan,36.7,13.75,1318247572
ATHERENERG.NS,252,889.8748015873016,1744.0,529.2,978758122
ATLASCYCLE.NS,249,99.91248995983933,130.0,76.15,4073831
AUTOIND.NS,250,76.50780000000002,104.0,48.35,40105142
AVALON.NS,251,nan,2400.0,777.3,92464531
AVANTEL.NS,252,160.50813492063492,215.0,117.05,616877788
AXITA.NS,250,nan,12.2,6.57,245860128
AYMSYNTEX.NS,250,203.52192000000005,330.0,141.53,11445210
AZAD.NS,252,1908.4678611111112,2986.6001,1360.0,91181594
BAJAJINDEF.NS,251,nan,442.6,207.25,9297607
BALKRISHNA.NS,250,nan,25.97,12.0,8481011
BALPHARMA.NS,250,nan,124.6,60.0,7884564
BATLIBOI.NS,107,nan,106.5,15.7,6045715
BBL.NS,251,nan,3411.0,2051.7,8971743
BETA.NS,250,nan,2807.8999,990.1,5236876
BIOCON.NS,252,nan,447.15,337.05,952396074
BIRLAMONEY.NS,250,141.42419999999998,188.85,95.0,18826059
BLUECLOUDS.NS,19,nan,23.99,19.1,41968588
BROOKS.NS,250,nan,163.9,36.3,17582637
CARRARO.NS,250,nan,667.55,416.0,44728602
CGCL.NS,252,nan,287.45,151.1,721529911
COASTCORP.NS,250,nan,66.7,32.5,40693906
CPCAP.NS,250,nan,152.0,73.51,6796857
CREDITACC.NS,251,nan,1634.0,1113.0,134980018
DAMODARIND.NS,250,nan,38.8,20.0,2639465
DCM.NS,249,nan,104.3,55.0,3598772
DECNGOLD.NS,19,nan,250.8,211.15,33695980
DELTAMAGNT.NS,249,nan,92.5,45.51,1833419
DEVYANI.NS,251,nan,191.0,91.55,980169059
DIGJAMLMTD.NS,250,nan,73.19,36.03,4704157
DLF.NS,251,655.6978087649402,794.8,489.4,914165782
DMART.NS,252,nan,4818.0,3600.0,124792185
DUCON.NS,251,3.594752589641434,6.45,1.75,166473381
EMBDL.NS,251,67.06099601593625,105.7,39.46,805367537
FELDVR.NS,249,nan,3.74,2.1,768379
FINCABLES.NS,252,926.3257936507936,1498.0,700.8,146096356
FINOPB.NS,251,nan,339.0,110.03,329153699
FMGOETZE.NS,250,nan,641.1,358.0,92876599
FREDUN.NS,19,nan,1536.0,1320.1,509519
GILLANDERS.NS,250,nan,129.4,76.0,2212522
ANDREWYU.NS,23,nan,31.35,24.51,2317841
BLACKROSE.NS,19,nan,117.97,103.0,364878
ECORECO.NS,19,nan,493.6,423.05,189093
GOLDTECH.NS,250,nan,72.02,29.68,15731430
GOODLUCK.NS,252,nan,557.3666,305.0,138685720
GPTINFRA.NS,250,nan,150.0,96.22,87568761
WHBRADY.NS,14,503.53928571428565,589.9,477.0,1443
RAYMONDREL.NS,252,nan,734.9,349.0,142509840
RCF.NS,251,nan,157.9,106.0,503798866
RELAXO.NS,250,nan,503.95,236.5,161857118
RELINFRA.NS,251,nan,274.45,53.66,228211693
RPPL.NS,250,nan,26.97,14.25,26826857
RTNPOWER.NS,252,9.35531746031746,12.57,7.13,3938899883
RUDRA.NS,183,nan,29.7,14.63,30639806
SAMBHAAV.NS,250,nan,11.53,5.07,32233402
SANOFICONR.NS,252,nan,5357.0,3975.0,3481318
SARVESHWAR.NS,251,nan,8.25,2.5,1243986784
SBGLP.NS,249,nan,40.9,18.35,16586820
SBICARD.NS,251,742.7745019920318,965.0,565.45,370757628
SCODATUBES.NS,252,nan,185.07,110.0,62145621
SEAMECLTD.NS,249,nan,1849.0,771.75,19341188
SECMARK.NS,250,nan,179.5,95.05,1446432
SEDEMAC.NS,129,nan,3368.8999,1413.1,26656028
SEJALLTD.NS,251,nan,1036.7,381.0,3300448
SETL.NS,251,nan,468.15,104.56,143238249
SHAILY.NS,252,2525.6936535714285,3615.2,1770.9,77251521
MCL.NS,251,nan,93.2,42.0,32682607
MCLOUD.NS,252,nan,87.0,19.4,1953794249
MCX.NS,252,2491.5940480158724,3480.0,1505.2,777482860
MMTC.NS,252,nan,78.35,50.1,1629927033
MONEYBOXX.NS,227,nan,91.5,35.85,13055250
MOREPENLAB.NS,252,51.02146825396825,122.55,33.05,2162262394
MTNL.NS,252,nan,46.44,21.26,402716582
MUKTAARTS.NS,250,nan,72.8,37.01,2371203
MUNJALSHOW.NS,251,nan,150.9,110.3,12564153
MURUDCERA.NS,251,nan,47.5,25.16,8612045
NAGREEKCAP.NS,249,26.938554216867466,42.75,19.3,5345002
NCC.NS,252,161.5284523809524,222.31,130.0,741104815
NEOGEN.NS,251,nan,2483.8999,966.7,40080029
NEXTMEDIA.NS,249,nan,8.48,3.16,8086666
NOVAAGRI.NS,250,nan,52.0,18.12,28666241
OCCLLTD.NS,250,nan,183.03,75.71,28756175
OMAXE.NS,250,nan,138.89,62.5,372645146
ORIENTHOT.NS,252,nan,148.8,80.0,202801718
PALASHSECU.NS,250,nan,132.7,79.01,1230681
PALREDTEC.NS,250,nan,73.6,27.45,2175259
PASHUPATI.NS,251,nan,118.35,67.1,18925779
PCJEWELLER.NS,252,10.230198412698414,15.38,7.47,29382089885
PDMJEPAPER.NS,250,nan,132.96,65.0,32165156
PHOENXINTL.NS,19,nan,35.64,27.61,72820
PIXTRANS.NS,249,nan,2089.0,1252.0,9834763
PLASTIBLEN.NS,252,169.46583333333334,216.29,121.01,8960085
PLATIND.NS,252,240.0912698412698,342.4,183.5,40615000
PNGJL.NS,252,nan,736.4,503.0,90955128
PRECAM.NS,252,nan,238.8,103.98,125851211
PRICOLLTD.NS,250,606.075,823.0,499.9,156046324
PROSTARM.NS,251,nan,237.0,114.64,206205774
QMSMEDI.NS,250,nan,164.7,68.95,4250855
SMSPHARMA.NS,251,nan,469.0,242.25,147243845
SOBHA.NS,251,nan,1732.0,1130.0,42596369
INDNIPPON.NS,250,908.774,1564.0,675.0,17312898
INVENTURE.NS,251,nan,1.68,0.72,310996408
IVC.NS,251,nan,10.99,6.02,75205170
JAIPURKURT.NS,249,nan,42.74,24.0,9752473
JAMNAAUTO.NS,251,121.43410358565738,152.6,89.74,665222228
JPPOWER.NS,252,nan,24.5,13.15,18926978182
KALYANIFRG.NS,250,nan,1192.25,523.6,965349
KANSAINER.NS,249,nan,264.0,157.91,119119833
KCP.NS,250,nan,207.8,125.0,45650015
KEC.NS,252,614.0081349206349,937.8,389.15,280534734
KNACK.NS,48,nan,222.0,180.33,139336785
KOTHARIPET.NS,249,129.91248995983935,163.0,94.75,18618835
KOTIC.NS,19,nan,159.97,128.85,1163152
KRIDHANINF.NS,250,nan,4.78,1.81,24896833
KRISHIVAL.NS,250,nan,508.0,282.3,5130435
KRYSTAL.NS,250,nan,696.0,500.0,12182057
KSR.NS,198,nan,42.9,14.04,16208925
LALITHAA.NS,15,285.1846666666667,343.9,240.35,329063734
LAXMIINDIA.NS,251,nan,180.9,71.06,94124214
LOKESHMACH.NS,250,nan,385.8,138.96,17225610
LOTUSDEV.NS,252,157.2995238095238,215.0,102.2,407835284
MAHLIFE.NS,252,366.1771825396826,427.05,286.8,49875848
MARINE.NS,251,237.5272509960159,450.0,150.86,165387542
MARSONS.NS,127,129.46228346456692,175.4,100.25,263874860
MARUTI.NS,252,nan,17370.0,12201.0,108659734
GREAVESCOT.NS,252,nan,271.9,119.99,405301018
GRINFRA.NS,251,nan,1345.0,785.0,17385178
GROWW.NS,211,180.5721327014218,227.2,112.0,11371651909
GRSE.NS,251,2578.8709183266938,3339.0,1963.7,328681310
GSS.NS,251,16.107250996015935,28.84,8.68,17508029
GUJRAFFIA.NS,248,44.34987903225806,88.0,35.1,1986449
GUJTHEM.NS,252,374.72916666666663,479.0,225.05,60495918
HDFCBANK.NS,252,862.3551587301587,1020.5,681.9,7769282374
HECPROJECT.NS,250,nan,160.5,92.1,5944314
HIRECT.NS,251,nan,1399.0,565.2,34837237
HITECHCORP.NS,249,nan,345.0,112.0,3961871
HUDCO.NS,252,206.79341269841277,246.85,159.0,966494396
HYUNDAI.NS,252,nan,2890.0,1658.0,228665300
SHREEPUSHK.NS,252,380.65238095238095,545.2,272.45,53272102
SHYAMTEL.NS,250,nan,25.42,7.07,3333543
SIMPLXREA.NS,18,nan,149.98,116.1,1982
SINCLAIR.NS,251,nan,114.75,68.82,12987050
STARHEALTH.NS,251,nan,624.9,416.55,162743632
STEELCITY.NS,249,nan,105.57,71.26,2893134
SUBROS.NS,250,nan,1213.7,622.1,41721603
SUNDROP.NS,250,nan,874.0,556.0,4437723
SUPRAJIT.NS,251,nan,559.25,389.95,40541386
SWANDEF.NS,250,nan,2750.0,523.5,3408043
TARC.NS,250,nan,186.3,109.1,259394018
TASTYBITE.NS,250,nan,10544.0,6430.0,1013406
TATACONSUM.NS,252,1129.849603174603,1282.7,988.0,374597339
TATATECH.NS,252,677.6323412698412,891.0,507.4,317177799
TIPSMUSIC.NS,251,nan,741.0,481.15,100867452
TRF.NS,251,nan,405.0,215.5,6514402
TRITURBINE.NS,251,555.989641434263,787.6,428.35,309871483
UMESLTD.NS,24,5.556250000000001,6.51,4.8,1127005
URBANCO.NS,24,155.11333333333334,183.97,137.39,357938900
USK.NS,24,21.59833333333333,23.46,20.3,456119
VEDL.NS,24,274.54791666666665,291.0,261.35,314449175
VHLTD.NS,24,120.0170875,137.98,112.9802,1279556
VINDHYATEL.NS,24,2476.5291666666667,2814.0,2186.1001,2365844
VINNY.NS,24,1.054166666666667,1.1,1.0,6860256
VISHNU.NS,24,627.0895833333334,723.2,580.3,3408159
VISHWARAJ.NS,24,5.712083333333333,7.09,5.2,24956731
XPROINDIA.NS,24,1148.0666666666666,1337.4,995.4,4010546
ZYDUSWELL.NS,24,519.7604166666667,564.5,490.0,7580174
360ONE.NS,250,nan,1236.2,906.05,246502300
AAKASH.NS,250,nan,13.4,7.21,57051743
AAREYDRUGS.NS,249,nan,101.29,50.31,35342438
ACCURACY.NS,250,nan,7.51,3.4,31370558
AGI.NS,250,nan,939.0,465.0,61174857
AGRITECH.NS,249,nan,187.19,92.52,4958149
ANTELOPUS.NS,252,635.4440476190478,1218.3,357.0,139709232
APCOTEXIND.NS,250,440.56,712.0,310.45,29003598
APTECHT.NS,252,nan,134.5,69.1,71618799
ASAHISONG.NS,250,nan,413.95,179.64,5994330
ASHIANA.NS,251,328.442828685259,435.9,269.45,33353856
ASHOKAMET.NS,250,nan,21.0,12.13,11784210
BANKINDIA.NS,252,144.42170634920637,178.36,116.0,2491068305
BENARAS.NS,19,nan,11200.0,9965.0,2401
BHAGYANGR.NS,251,nan,432.3,89.0,59177644
BIGBLOC.NS,251,nan,80.0,38.0,43136426
BIKAJI.NS,250,673.0133999999999,801.3,547.3,41236201
BLSE.NS,252,nan,331.3,124.3,147078716
BLUEDART.NS,251,nan,7036.0,4628.5,14468752
BSE.NS,251,3117.0418374501987,4446.7998,2021.5,1084029528
CARTRADE.NS,251,2441.7904366533867,3290.5,1600.0,152281722
CEATLTD.NS,252,nan,4438.0,3061.2,43239740
CENTENKA.NS,250,nan,671.65,371.2,27682374
CENTEXT.NS,250,nan,34.75,15.67,58707228
CHEMPLASTS.NS,251,263.6464143426295,451.3,166.15,90233842
CMRGREEN.NS,68,228.1894117647059,268.96,205.25,154129467
CRAVATEX.NS,19,nan,372.5,300.0,7291
CUMMINSIND.NS,251,4811.477676494024,6100.0,3833.0,138853083
DIFFNKG.NS,250,nan,519.9,216.8,48247762
DIGITIDE.NS,251,nan,201.25,69.9,183776113
ELDEHSG.NS,249,nan,1044.1,701.55,835995
ELITECON.NS,19,nan,17.25,7.08,97409182
EMMVEE.NS,207,261.9786473429952,371.55,171.51,785291964
ENDURANCE.NS,251,nan,3072.0,2142.8,29052303
EMPIND.NS,19,nan,1248.0,1041.2,120222
EXCELINDUS.NS,250,nan,1210.0,800.05,3506791
EXIDEIND.NS,252,377.2976190476191,496.4,287.0,693493412
FDC.NS,250,nan,527.8,312.95,48684346
FINEORG.NS,251,nan,5407.0,3856.0,4229047
GAYAHWS.NS,250,nan,4.76,1.72,97524680
GEMAROMA.NS,251,nan,317.0,133.0,75642307
GENESYS.NS,252,342.0035666666667,612.0,168.5,231318670
GESHIP.NS,252,1285.1619047619047,1798.0,971.1,189359892
GHCL.NS,251,nan,667.2,416.6,43067401
GLOBALE.NS,251,nan,15.4,9.2,3533597
GMBREW.NS,251,nan,1328.8,689.3,100913572
GMDCLTD.NS,252,588.8001984126985,771.9,466.4,1132469511
GODAVARIB.NS,251,275.2619123505976,353.0,227.42,71716375
GODREJAGRO.NS,251,596.7601593625499,746.45,506.1,70553096
GODREJCP.NS,252,1097.0799603174603,1273.9,855.15,369254013
VGUARD.NS,24,331.0125,350.0,306.05,26628650
VRAJ.NS,24,123.18624999999999,129.99,119.49,405938
RECLTD.NS,252,nan,390.5,304.05,1678886345
RELCHEMQ.NS,250,nan,167.7,105.01,1393908
RITES.NS,251,224.38685258964142,280.9,175.0,448793189
SAGILITY.NS,252,44.94884920634921,57.89,35.83,7422902634
SAICAPI.NS,19,nan,170.05,133.5,12487
SALONA.NS,249,nan,320.0,200.0,559681
SAMBANDAM.NS,14,nan,161.9,111.0,86781
SANWARIA.NS,250,nan,0.38,0.18,158848993
SAREGAMA.NS,250,nan,574.5,307.05,332676104
SCHAEFFLER.NS,251,nan,4467.7002,3518.3999,19570721
MHRIL.NS,252,nan,368.9,193.0,47848664
MOL.NS,251,59.51019920318724,87.75,36.5,277782192
MUTHOOTMF.NS,251,nan,262.77,141.2,138648567
MYSORPETRO.NS,18,nan,182.03,111.0,1046371
NECCLTD.NS,250,nan,24.01,10.55,22013383
NRAIL.NS,250,459.3589999999999,650.0,357.3,4468234
NUVAMA.NS,251,nan,2066.0,1096.9,136256642
ONELIFECAP.NS,251,nan,40.1,11.15,26165376
ONGC.NS,252,255.0164682539683,307.5,227.65,3692968252
ORIENTTECH.NS,252,nan,466.7273,220.8,382396046
PANSARI.NS,249,nan,388.9,233.3,2879191
PGIL.NS,252,nan,1269.8,600.0,72495083
POKARNA.NS,251,883.6733067729086,1146.2,692.6,45210086
POLYSPIN.NS,19,nan,34.79,28.0,15840
PONNIERODE.NS,249,298.8805220883534,455.0,252.4,6245906
PRAVEG.NS,19,nan,281.0,246.4,1470373
PRAXIS.NS,250,8.39692,14.44,4.32,59740919
PRINCEPIPE.NS,250,273.37116000000003,353.4,205.0,67398165
PROTEAN.NS,252,660.9609126984128,939.8,444.0,81697849
PTCIL.NS,250,nan,24125.0,13762.0,5512074
INDIAMART.NS,251,nan,2630.0,1624.1,27823699
INDIGOPNTS.NS,251,nan,1345.9,708.05,33141992
INDOBORAX.NS,251,nan,542.8,225.31,56444381
INDOCO.NS,251,234.20597609561753,332.2,162.19,81889457
IOLCP.NS,252,109.46670634920635,219.04,67.19,766763776
IRISDOREME.NS,249,nan,64.13,26.35,136144946
ISFT.NS,249,nan,119.07,54.05,7756310
JINDWORLD.NS,252,31.127063492063495,61.99,17.85,1702316006
JKIL.NS,251,nan,672.0,425.0,29125802
JKLAKSHMI.NS,251,nan,927.75,495.2,40953320
JSWDULUX.NS,251,nan,3745.0,2667.0,25787696
JUBLPHARMA.NS,251,989.5527888446214,1184.8,786.05,42777459
KAMAHOLD.NS,19,nan,2474.8,2241.1001,81661
KARMAENG.NS,249,nan,73.7,34.38,1938947
KERNEX.NS,251,nan,2580.0,850.0,66644277
KROSS.NS,252,192.4656349206349,240.8,150.52,233337633
LTFOODS.NS,252,nan,490.7,333.15,322468086
MADRASFERT.NS,249,nan,93.49,52.56,37190881
MAFATIND.NS,101,nan,157.77,119.02,5737270
MASFIN.NS,251,nan,358.85,277.35,37059530
MASTEK.NS,252,nan,2562.2,1334.2,31091347
GRWRHITECH.NS,251,nan,7990.0,2690.7,20094689
GUJAPOLLO.NS,249,nan,512.0,300.5,3757935
HAMPTON.NS,19,nan,9.65,7.05,1795641
HEIDELBERG.NS,252,168.27333333333334,220.9,136.1,27230424
HEMIPROP.NS,251,nan,190.69,111.2,188698154
HEROMOTOCO.NS,252,5418.655953571429,6388.5,4671.5,167340619
HESTERBIO.NS,250,1818.6819963999997,2683.6001,1239.3,3376825
HTMEDIA.NS,249,nan,31.3,17.52,33433964
RAJOOENG.NS,252,nan,103.69,46.0,194368226
SHILGRAVQ.NS,19,nan,179.7,143.0,173209
SHIVAMILLS.NS,249,nan,77.01,43.01,1104962
SHIVAUM.NS,249,nan,483.9,275.0,2387166
SIGNATURE.NS,249,nan,1158.0,705.2,101895900
SONACOMS.NS,252,565.9728174603174,844.0,402.3,554099136
SRTL.NS,135,nan,73.36,35.87,20058912
STCINDIA.NS,251,nan,150.7,97.04,34816490
STOVEKRAFT.NS,250,nan,877.0,447.05,55640633
SUNDARMFIN.NS,251,nan,5642.0,4000.0,17399244
SURAKSHA.NS,251,nan,349.0,224.1,16074048
SWARNSAR.NS,19,nan,45.7,32.0,642041
SYNGENE.NS,252,506.7992063492064,678.95,375.25,318732933
TMB.NS,250,644.5688,949.95,420.0,83699612
TMPV.NS,252,384.25059523809523,739.7,294.3,2891969024
TRANSCOR.NS,19,nan,27.0,21.0,66644
UGROCAP.NS,24,90.35833333333333,100.0,84.04,6752274
UNIINFO.NS,24,11.604166666666666,12.6,10.39,82614
UNIMECH.NS,24,1461.5458333333333,1555.0,1301.1,6399420
VASUPRADA.NS,14,97.38499999999999,107.1,94.0,2715
VBL.NS,24,428.74791666666664,450.5,400.45,132960715
VISL.NS,24,37.053333333333335,40.7,33.71,893764759
VIYASH.NS,24,265.96250000000003,281.2,245.3,206025763
VOLTAS.NS,24,1243.8541666666667,1358.0,1151.0,23983714
XTRANET.NS,24,165.64208333333335,234.24,122.5,36662777
ZEEMEDIA.NS,24,8.380416666666667,10.09,6.89,147608741
ZIMLAB.NS,24,118.55125000000002,136.9,106.0,2201314
A2ZINFRA.NS,250,nan,19.87,12.0,67216123
ADSL.NS,252,134.8807936507936,209.53,86.27,91892335
ADVANCE.NS,233,nan,154.0,84.1,137094338
AEQUS.NS,191,183.0614659685864,274.39,113.3,1041903272
AGSTRA.NS,250,nan,5.44,1.86,42522171
AIIL.NS,252,nan,683.0,400.0,175565680
AKSHARCHEM.NS,250,nan,472.0,141.3,2093363
APOORVA.NS,17,nan,28.05,24.04,5242
ARVSMART.NS,250,nan,707.85,486.8,39315477
ASIANHOTNR.NS,249,nan,423.8,247.5,8063657
ASTERDM.NS,251,695.492828685259,891.3,519.1,297201242
AURUS.NS,250,nan,7.49,4.1,12411144
AVANTIFEED.NS,251,nan,1593.8,631.65,226310060
AWHCL.NS,251,477.982470119522,616.0,360.0,95230366
BAJAJ-AUTO.NS,252,nan,12470.0,8491.5,88950335
BAJAJFINSV.NS,252,1935.280161904762,2195.0,1597.0,283478891
BAJAJHIND.NS,252,18.864206349206352,26.0,14.85,3164246868
BAJAJHLDNG.NS,252,11053.047619047618,13880.0,8588.0,15448342
BANDHANBNK.NS,252,171.6054761904762,220.76,134.25,2685257352
BANSWRAS.NS,249,nan,144.0,93.73,8957275
BCLIND.NS,250,nan,44.9,25.53,279216971
BHARTIHEXA.NS,252,nan,1955.6,1430.0,47135378
CEMPRO.NS,252,nan,1649.2,503.3,166449126
CHEMBOND.NS,250,nan,236.8,105.15,3269400
COROMANDEL.NS,252,2113.9004000000004,2499.0,1706.5,79821485
CSM.NS,52,nan,113.0,76.26,20341843
DAICHI.NS,19,nan,380.0,315.0,117838
DBL.NS,249,nan,585.0,381.55,103458520
DEEPAKFERT.NS,251,nan,1681.0,866.4,99363517
DHANBANK.NS,252,nan,36.85,19.45,323500079
DICIND.NS,249,nan,638.95,450.5,975225
DOMS.NS,251,nan,2755.0,2023.9,29970686
EMSLIMITED.NS,251,397.12808764940235,589.9,256.05,141240170
ENERGYDEV.NS,249,nan,29.69,13.15,24957510
ESCORTS.NS,251,3317.290840637451,3987.8,2700.0,31391048
EUREKAFORB.NS,252,510.7353174603174,668.3,388.6,51615156
EUROPRATIK.NS,243,nan,390.0,205.1,89896631
EXCELSOFT.NS,201,82.9104975124378,142.59,66.4,642479624
FINKURVE.NS,234,nan,134.9,48.02,20538514
FLAIR.NS,251,nan,345.0,234.01,33609282
FLUOROCHEM.NS,251,3714.21753625498,4958.8999,2916.6001,31716479
FOSECOIND.NS,250,nan,6580.0,4300.0,1376180
GAIL.NS,252,169.0669444444444,186.87,134.36,2618441317
GANDHAR.NS,252,nan,303.17,115.0,352754915
GARFIBRES.NS,250,nan,863.4,579.75,25016624
GATEWAY.NS,251,nan,66.25,48.1,237239150
GENUSPOWER.NS,252,301.97193095238094,363.0,206.3605,348562454
GICL.NS,249,nan,169.95,15.61,110754581
STLSTRINF.NS,19,nan,22.78,14.59,48300
SURYALA.NS,19,nan,424.95,371.05,17683
ARYAMAN.NS,19,nan,674.95,570.0,4658
BRIGHTBR.NS,18,nan,270.0,221.0,48844
CHEMCRUX.NS,19,84.09578947368422,89.29,79.66,68754
GLENMARK.NS,252,2124.1190456349204,2537.6001,1792.6,163589979
GNFC.NS,252,496.414880952381,619.0,365.0,93169334
GOACARBON.NS,250,390.56979999999993,494.9,272.85,8440991
GOKULAGRO.NS,251,nan,259.8,151.0,282647885
GOOGL,22,341.4095454545455,351.6,327.74,501164900
GOPAL.NS,251,nan,393.0,247.55,30897745
VADILENT.NS,13,10049.923076923076,12598.0,9401.0,711
WEWIN.NS,24,45.40583333333334,47.49,40.83,38180
RAMANEWS.NS,249,nan,42.0,27.05,15837194
RAMKY.NS,249,nan,705.0,327.05,53692504
RAYMOND.NS,251,512.249203187251,1024.5,320.0,184228656
RELIABLE.NS,249,nan,175.0,104.74,11529882
RITCO.NS,249,nan,328.15,167.1,28100030
ROSSELLIND.NS,249,nan,73.0,40.0,11848275
RUBFILA.NS,250,nan,88.88,57.31,8701335
S&SPOWER.NS,249,nan,468.9,193.5,949189
SAIL.NS,252,159.545873015873,209.7,124.0,5448034828
SAMPANN.NS,249,nan,43.44,23.67,21862330
SBCL.NS,250,595.5047999999999,1215.7,368.6,86766496
SCHAND.NS,249,nan,200.0,130.05,10862773
SELMC.NS,248,30.375524193548383,43.36,26.0,3255444
SESHAPAPER.NS,251,nan,293.11,209.96,11924044
SFL.NS,251,nan,832.45,456.8,62104345
MAZDOCK.NS,251,2532.774101992031,3061.3999,2057.3999,312900023
MEGASTAR.NS,250,nan,392.0,203.0,7031156
MEP.NS,250,nan,2.87,0.5,27541847
META,22,586.5072727272727,664.24,537.27,385248700
METROBRAND.NS,249,nan,1340.4,883.0,16717872
MFML.NS,250,nan,34.5,17.3,2221350
MRF.NS,251,nan,163600.0,122000.0,1645411
MSFT,22,494.4540909090909,517.78,477.15,468020600
MUKESHB.NS,19,nan,147.0,127.0,445915
NAUKRI.NS,252,nan,1433.6,908.3,432580055
NBCC.NS,252,100.96142857142857,125.85,77.18,2861845857
NIMBSPROJ.NS,113,nan,231.23,141.04,8983590
OFSS.NS,252,nan,12540.0,6234.5,57563216
OLAELEC.NS,252,39.06738095238095,61.02,22.25,21514251724
ORIENTALTL.NS,251,nan,11.99,4.4,48546027
OSIAHYPER.NS,251,nan,33.08,2.35,255250116
OSWALPUMPS.NS,252,457.14642857142866,840.0,272.05,161862306
PAGEIND.NS,250,nan,45890.0,29805.0,6895341
PATINTLOG.NS,249,nan,16.9,8.01,29794288
PENINLAND.NS,251,nan,37.98,13.82,91959498
PERMAGN.NS,19,nan,929.0,784.05,124737
PFC.NS,252,400.44226190476184,486.5,329.9,1776980007
PGEL.NS,252,nan,644.4,436.55,727825016
PLAZACABLE.NS,250,nan,65.0,27.0,18600124
PNBGILTS.NS,251,nan,106.0,58.6,235804547
PNC.NS,249,nan,38.5,15.96,2811570
PSB.NS,252,nan,32.46,20.5,503082025
ISGEC.NS,250,nan,1113.9,683.95,18376016
JISLJALEQS.NS,251,37.33569721115538,59.0,26.11,837051901
JITFINFRA.NS,250,nan,458.3,222.35,7869201
JKTYRE.NS,251,nan,611.9,350.25,330258886
JTLIND.NS,252,69.36539682539683,94.0,40.25,1015493556
KDDL.NS,250,nan,4155.5,1990.0,7597758
KIRLFER.NS,107,nan,513.0,408.0,18609053
KOHINOOR.NS,250,nan,38.47,19.2,28900350
KOVAI.NS,107,nan,6444.0,2576.6499,544186
KRSNAA.NS,251,nan,894.4,515.0,20125423
KSB.NS,251,nan,1028.3,666.65,62062174
LAHOTIOV.NS,19,nan,46.95,37.64,249960
LAKPRE.NS,250,nan,6.67,4.1,559754
LEXUS.NS,249,nan,39.25,12.74,12149372
LFIC.NS,250,nan,224.85,111.0,1408918
LICI.NS,252,422.2890873015873,468.475,360.75,1170317307
LOTUSCHO.NS,19,nan,671.0,579.6,82248
LTF.NS,252,288.6925793650794,338.6,232.25,1631716613
LTM.NS,252,nan,6429.5,3528.0,92965560
MACPOWER.NS,250,1098.3005999999998,2050.0,761.0,8090898
MANBRO.NS,18,54.849444444444444,61.49,46.37,3620438
MANINDS.NS,251,477.23486055776885,944.0,302.05,219102825
MANYAVAR.NS,250,508.11080000000004,779.0,329.2,123231163
GROBTEA.NS,251,nan,1236.2,805.0,109514
GTL.NS,252,nan,11.26,4.91,104251271
GTLINFRA.NS,251,1.2784462151394422,1.67,0.96,13332001585
GUFICBIO.NS,251,nan,453.95,268.0,27970355
HALDYNGL.NS,19,nan,149.45,124.0,972493
HAVELLS.NS,251,1330.5908366533863,1621.1,1096.2,229422742
HBLENGINE.NS,252,795.40873015873,1122.0,613.0,476849712
HEADSUP.NS,249,nan,12.95,5.69,9290034
HEXAGON.NS,66,nan,78.25,48.1,106012636
RAJRILTD.NS,249,nan,28.9,19.41,3217058
SHANTIGEAR.NS,251,nan,743.0,384.0,28519405
SHIVALIK.NS,251,nan,496.0,206.4,11156510
SHRJAGP.NS,19,nan,751.95,590.05,17358
SIKKO.NS,250,nan,6.8315,3.2005,453043437
JYOTIRES.NS,19,nan,911.0,830.25,190261
SPECIALITY.NS,250,nan,167.46,82.7,16062602
SPELS.NS,17,147.68470588235297,157.0,140.1,703052
SRM.NS,251,498.0842629482072,649.95,361.35,46436802
STAR.NS,252,nan,1231.0,768.65,97733138
STARPAPER.NS,251,nan,179.37,119.05,3066444
SUMEETINDS.NS,249,27.924862650602414,40.5,10.72,398569058
SUNRAKSHAK.NS,19,nan,382.4,361.05,161813
TATASTEEL.NS,252,189.24488095238098,224.4,160.06,7019306016
TORNTPHARM.NS,252,4217.809921428572,5250.0,3480.6001,96603016
TORNTPOWER.NS,251,1386.3972111553783,1824.1,1188.0,126103765
UNIVCABLES.NS,24,1612.2541666666668,1774.9,1263.3,5859246
VARDMNPOLY.NS,24,6.138749999999999,6.94,5.75,6526923
VASCONEQ.NS,24,31.53708333333334,37.0,29.53,10065538
VIKASLIFE.NS,24,1.26,1.38,1.19,62235661
VIKRAMSOLR.NS,24,170.08416666666665,186.75,155.38,151661953
VIVIDHA.NS,24,0.5254166666666666,0.61,0.45,5973634
WARDINMOBI.NS,14,5.993571428571428,6.99,5.6,4468784
WELSPUNLIV.NS,24,180.03625,209.93,153.16,230302975
ZEELEARN.NS,24,7.802500000000002,8.47,6.92,6310290
ZYDUSLIFE.NS,24,1140.6208333333334,1205.0,1092.6,38780643
^GSPC,251,7070.3788115537845,7816.7002,6316.9102,1350060812000
AARTECH.NS,249,nan,64.75,33.51,21495950
AARTISURF.NS,249,nan,677.7,316.0,5077099
ABCAPITAL.NS,251,nan,430.7,277.7,1247018562
ADFFOODS.NS,251,nan,346.95,153.1,68949774
ADVENZYMES.NS,251,nan,419.0,251.95,67338646
AFFLE.NS,251,nan,2185.8999,1251.3,79241767
AHLWEST.NS,251,nan,751.4,137.0,178276
ALKALI.NS,249,76.47240963855421,107.38,46.8,4565944
ALLDIGI.NS,249,nan,1000.0,700.0,2203553
ANANDRATHI.NS,251,nan,2242.0,1353.85,130194747
ANTHEM.NS,252,nan,977.55,579.15,121493347
ARVEE.NS,249,nan,290.78,129.11,2467186
ASAL.NS,252,nan,654.65,374.5,18157352
ASHIMASYN.NS,251,nan,26.0,11.5,35449131
AXISCADES.NS,251,1581.7653386454183,2211.0,1063.3,36040174
BAJAJST.NS,19,nan,378.0,343.0,187412
BALAXI.NS,249,nan,47.71,15.2,24058781
BCONCEPTS.NS,249,nan,449.0,150.3,4472191
BEPL.NS,252,nan,138.5,74.2,372706466
BHARATGEAR.NS,251,nan,154.2,83.8,46206114
BHARATWIRE.NS,251,nan,262.0,148.01,129405830
BLAL.NS,251,nan,229.88,155.5,6990099
BMWVENTLTD.NS,238,nan,78.0,48.0,60651634
BOROLTD.NS,251,nan,397.95,213.73,56754541
CALSOFT.NS,250,nan,43.13,10.9,32105022
CHEMCON.NS,249,nan,295.0,125.0,48053612
CHEMFAB.NS,249,nan,703.0,290.35,2901563
CIFL.NS,250,nan,39.69,19.56,105196078
CLSEL.NS,249,nan,324.8,203.75,52253163
CONCORDBIO.NS,251,1318.7669322709162,1704.0,987.0,67204031
COUNCODOS.NS,249,nan,7.97,3.71,23477007
CUPID.NS,252,122.78492063492065,299.0,38.202,7304207012
DCMSIL.NS,143,nan,105.27,49.5,16249505
DHAMPURSUG.NS,252,137.42456349206353,199.92,110.0,122321800
DHATRE.NS,19,nan,5.17,3.8,1039882
DOLLAR.NS,250,nan,396.0,220.5,43237606
DVL.NS,249,nan,380.6,186.99,8436389
EQUITASBNK.NS,251,nan,83.9,51.25,889692752
FILATEX.NS,251,54.27195219123506,90.9,36.26,517674400
FRONTSP.NS,19,nan,1322.4,1231.0,289531
GABRIEL.NS,251,nan,1600.0,795.7,113010658
GANECOS.NS,251,nan,1358.4,653.55,81611749
GANESHHOU.NS,250,nan,899.7,500.0,20295560
GATECHDVR.NS,250,nan,0.67,0.36,198613851
GEECEE.NS,250,nan,390.0,215.85,1765745
GENCON.NS,251,nan,59.96,36.35,77332430
GHCLTEXTIL.NS,250,nan,144.59,65.26,109135560
SUNSHIEL.NS,19,nan,1284.8,1130.0,48687
GLAND.NS,251,nan,3042.0,1573.6,94446582
GLOBECIVIL.NS,251,nan,80.45,33.5,30215395
GODREJIND.NS,251,nan,1443.0,744.2,55386626
VEDAVAAG.NS,14,18.395714285714288,19.8,16.98,305062
WELSPLSOL.NS,14,52.35285714285714,59.95,46.78,24878731
WEWORK.NS,24,698.84375,794.5,646.6,8197144
RAMCOSYS.NS,251,nan,967.5,342.1,176039438
RANEHOLDIN.NS,252,1431.6801587301586,1894.5,981.0,5972227
RELIANCE.NS,252,1395.2607142857146,1611.8,1249.8,3402415108
RHETAN.NS,241,nan,34.87,19.1,1367091900
RHFL.NS,251,nan,4.84,1.7,189387201
RKFORGE.NS,252,nan,772.8,460.15,186309420
RPGLIFE.NS,251,nan,3082.0,1733.0,5765869
RTNINDIA.NS,252,nan,59.42,24.4,598108241
RUSHIL.NS,252,19.88234126984127,33.99,12.49,184517850
SAFARI.NS,249,nan,2507.1001,1363.1,14185800
SANGHVIMOV.NS,252,nan,528.0,223.8,110604284
SANGINITA.NS,250,nan,68.02,9.26,49463187
SATIA.NS,250,nan,86.0,50.8,28568111
SCANSTL.NS,19,nan,66.45,55.0,753483
SCPL.NS,249,nan,690.0,190.03,8560727
SERVOTECH.NS,251,91.59844621513943,141.5,57.51,270123652
SHAH.NS,249,nan,5.88,2.56,1159551228
SHAKTIPUMP.NS,252,614.6428571428573,915.0,456.35,401630150
SHALPAINTS.NS,251,nan,95.95,35.21,55006853
METROGLOBL.NS,102,nan,165.0,110.0,412996
MITTAL.NS,251,nan,1.82,0.7,203622390
MOSCHIP.NS,252,212.03115079365077,288.45,146.8,763914159
MPHASIS.NS,251,2513.645419521912,3037.2,2013.0,140182736
NELCO.NS,251,nan,1120.0,500.1,65969289
NESCO.NS,249,1185.733734939759,1638.9,996.0,14600693
NPST.NS,249,nan,2199.8,846.6,9251013
ONEPOINT.NS,251,nan,65.85,40.58,354755324
ONWARDTEC.NS,249,nan,348.6,208.25,33875753
OPTIEMUS.NS,250,498.51180000000005,713.0,288.0,54067880
ORBTEXP.NS,249,nan,278.61,135.0,6208487
ORIENTCER.NS,250,nan,56.64,34.0,29055257
ORIENTLTD.NS,250,nan,102.3,53.72,2227436
ORIRAIL.NS,19,nan,142.0,102.8,5610379
PATELRMART.NS,252,nan,266.0,150.25,55474076
PIDILITIND.NS,252,1495.4041666666665,1707.5,1259.0,197029586
PIONRINV.NS,19,nan,88.99,72.5,30747
PREMIERENE.NS,252,957.0575396825398,1134.0,666.9,414956008
PRIVISCL.NS,250,nan,3785.3,2299.8,30012904
QUADFUTURE.NS,252,342.9208333333333,511.8,248.55,298700359
SJS.NS,250,nan,2590.0,1372.2,34973418
SKYGOLD.NS,252,445.2831349206349,868.8,259.0,279070452
IKIO.NS,251,176.2626294820717,248.88,103.53,171021442
IMAGICAA.NS,251,nan,62.0,36.84,232123897
IMPAL.NS,250,nan,1238.9,928.0,880008
INDIANB.NS,251,848.5039840637451,1000.9,690.45,566209801
INDPRUD.NS,19,nan,6450.0,6100.0,1109
INDUSINDBK.NS,252,889.7966269841271,1077.85,710.6,829094230
INOXINDIA.NS,251,1438.2501976095618,2339.5,1068.2,54727367
IOC.NS,252,151.70206349206344,188.96,130.22,3547622455
IONEXCHANG.NS,251,382.9966135458168,486.0,312.7,110917510
JAGRAN.NS,250,66.90404,78.9,59.5,64446337
JAIBALAJI.NS,251,nan,108.0,53.65,515953242
JASH.NS,249,nan,572.85,327.1,31761442
JAYBARMARU.NS,250,110.33528000000001,207.0,74.15,161039369
JAYNECOIND.NS,252,nan,117.0,63.0,1778693336
JAYSREETEA.NS,249,nan,112.7,70.55,12759169
JGCHEM.NS,251,nan,675.0,298.4,58628397
KALAMANDIR.NS,251,nan,223.03,82.05,348575828
KEI.NS,252,4668.930163888889,5899.0,3728.7,93143719
KLBRENG-B.NS,19,nan,490.45,346.0,9605963
KOPRAN.NS,251,162.83752988047806,249.99,107.0,99473057
LALPATHLAB.NS,251,nan,1988.9,1272.6,93851446
LATENTVIEW.NS,251,nan,517.5,248.0,336230513
MANINFRA.NS,251,nan,160.39,77.12,324534374
MANKIND.NS,250,2310.9011983999994,2674.0,1909.7,118657378
MANOMAY.NS,249,nan,259.88,160.25,16076263
MATRIMONY.NS,250,nan,573.0,364.05,10170667
GRAVITA.NS,252,nan,1913.6,1266.9,67148678
HARRMALAYA.NS,251,nan,237.9,153.66,3875591
HAWKINCOOK.NS,101,nan,9600.0,7109.0,150460
HERANBA.NS,251,nan,338.0,155.38,13360501
HERITGFOOD.NS,251,nan,540.0,292.55,98966275
HILINFRA.NS,251,nan,91.3,40.2,52545774
HINDALUMI.NS,19,nan,107.5,93.45,81574
HMAAGRO.NS,250,nan,34.24,19.09,185546367
HPAL.NS,250,nan,53.0,26.52,21890017
ICICIPRULI.NS,251,571.2239043824701,706.8,455.3,368778178
QUINT.NS,19,nan,46.0,35.58,289940
RADAAN.NS,249,nan,3.99,2.35,9057463
RAIN.NS,251,nan,252.0,99.9,1107993595
RAJESHEXPO.NS,252,nan,237.88,72.63,119906895
RAJMET.NS,250,nan,5.28,2.72,106172175
RAJTV.NS,250,nan,46.9,7.7,12951808
SGLRES.NS,19,nan,2.65,2.27,858053
SHANTI.NS,249,nan,12.26,4.7,12649215
SHREYANIND.NS,250,nan,247.22,121.76,1928164
SHYAMCENT.NS,249,nan,8.0,3.68,59127584
IDEAFORGE.NS,251,601.7828685258964,992.25,366.0,201556219
IDFCFIRSTB.NS,252,77.00861111111112,88.76,58.08,7403438900
SHIVACEM.NS,19,nan,17.15,15.0,1043068
SPAL.NS,250,nan,1221.9,600.0,29550845
SRGHFL.NS,249,nan,335.0,156.0,1225257
STARTECK.NS,250,nan,349.95,215.1,2486671
SUDEEPPHRM.NS,199,nan,1378.0,524.05,109841004
SUMIT.NS,249,nan,104.0,31.74,22121020
SUNDRMFAST.NS,250,943.1967999999999,1347.2,730.1,34830218
SUNLOC.NS,19,nan,82.0,67.5,11991
SWARAJ.NS,249,nan,386.75,158.5,19494545
TBOTEK.NS,252,nan,1764.8,1004.2,48442888
TCIFINANCE.NS,249,nan,38.46,10.0,13537452
TEAMGTY.NS,249,nan,332.55,210.0,883588
TECHNOE.NS,251,nan,1488.1,870.0,61130952
TEXMOPIPES.NS,250,47.55923999999999,62.99,33.0,15637606
TFCILTD.NS,251,nan,147.65,51.0,2246989712
THACKER.NS,19,nan,1107.0,950.0,554
THANGAMAYL.NS,252,nan,7430.0,1939.5,43842460
TOKYOPLAST.NS,249,nan,140.85,53.86,2613429
ULTRACEMCO.NS,24,11675.916666666666,12239.0,11180.0,5475783
UPL.NS,24,572.8416666666667,619.65,557.95,54430726
VERTOZ.NS,24,37.132083333333334,42.3,34.36,1249155
VIDYAWIRES.NS,24,90.17541666666666,99.72,84.7,25145027
VIKASECO.NS,24,1.096666666666667,1.16,1.04,51668634
VIRTUALG.NS,13,0.4984615384615385,0.6,0.42,11973018
VIVIMEDLAB.NS,24,5.8808333333333325,7.21,4.75,2457059
VOEPL.NS,24,517.3770833333333,593.45,471.95,4969926
VSTIND.NS,24,213.84458333333336,222.99,206.0,2935032
WANBURY.NS,24,259.09791666666666,294.65,230.0,9431998
WCIL.NS,24,86.72958333333332,92.39,83.0,1370030
WELINV.NS,24,2015.1500208333334,2340.6001,1790.0,159413
WSTCSTPAPR.NS,24,614.275,662.65,567.0,8526269
YOGI.NS,14,162.13285714285712,180.0,130.01,12211
21STCENMGM.NS,249,nan,55.06,28.25,1368793
AAPL,22,315.4559090909091,336.22,300.57,932615600
AARVI.NS,249,nan,168.4,115.99,8161650
ABCOTS.NS,250,nan,504.0,196.81,12449416
ADANIENSOL.NS,252,1198.1392857142857,1789.0,803.1,605041095
ADANIPORTS.NS,251,1578.4701195219118,1891.1,1292.0,610798352
ADVANIHOTR.NS,251,54.548007968127486,65.5,47.0,10204919
AEGISLOG.NS,251,865.4035856573704,1497.8,576.1,345001072
AFIL.NS,251,nan,11.1,3.92,442202098
AJOONI.NS,251,nan,5.94,3.4,102269056
ALEMBICLTD.NS,252,nan,117.72,70.46,120714151
ANTGRAPHIC.NS,249,nan,1.17,0.64,54389067
APOLLOPIPE.NS,252,nan,668.8,252.1,169619209
ASIANENE.NS,251,nan,565.7,230.0,74112190
ATGL.NS,251,617.3529880478088,859.85,462.8,844764553
BALKRISIND.NS,250,nan,2775.0,1970.0,64104412
BAYERCROP.NS,251,nan,5489.0,3926.6001,7100477
BBTC.NS,251,nan,2135.0,1314.6,39806217
BELLACASA.NS,251,nan,497.35,214.68,3588222
BEML.NS,252,nan,2275.75,1355.0,98363957
BFINVEST.NS,250,nan,584.7,315.0,17353836
BGRENERGY.NS,249,nan,490.8,220.0,34302781
BHARTIARTL.NS,252,1943.7904777777776,2174.5,1740.5,1893439552
BHEL.NS,252,320.78111111111116,446.5,219.42,3224630927
CANHLIFE.NS,227,nan,166.69,106.0,445049662
CEIGALL.NS,251,nan,405.7,222.61,108390493
CHALET.NS,251,nan,1070.1,691.35,39470394
CHEVIOT.NS,251,1104.064940239044,1370.5,898.0,647807
COMSYN.NS,251,172.63541832669324,314.85,136.44,78429925
CONCOR.NS,252,502.9394841269842,569.8,421.45,445917277
DENTA.NS,252,nan,479.6,222.0,115444775
EICHERMOT.NS,251,7302.790836653387,8230.0,6442.0,130614226
EIHOTEL.NS,252,nan,413.95,271.15,147158578
EKC.NS,251,nan,154.55,90.25,146017244
EMAMIREAL.NS,250,81.97340000000001,121.35,48.2,6961954
ESSENTIA.NS,250,nan,2.08,1.01,700421845
FAIRCHEMOR.NS,249,nan,846.8,428.05,5658986
FMNL.NS,249,nan,13.94,6.74,14785623
GKSL.NS,178,nan,180.9,98.36,150433062
GLFL.NS,249,nan,9.34,3.66,1700612
GOKEX.NS,251,nan,954.9,531.0,173536606
GPTHEALTH.NS,250,nan,175.0,115.0,33387095
WPIL.NS,14,445.70714285714286,468.0,418.65,900487
TVTODAY.NS,24,113.72875,123.68,109.0,800837
ULTRAMAR.NS,24,411.2270833333334,455.75,380.0,4074712
VAISHALI.NS,24,8.165833333333333,8.85,7.54,3411703
RAMAPHO.NS,250,nan,217.19,103.5,42612444
RBA.NS,250,70.88551999999999,111.15,57.15,1507016106
REFEX.NS,251,290.97298804780877,415.0,188.0,347902429
REMSONSIND.NS,251,nan,152.45,75.23,46557078
ROTO.NS,251,nan,85.28,47.5,563300795
RPTECH.NS,252,490.4833333333334,967.7,292.25,123920017
RRKABEL.NS,251,nan,2983.8,1181.6,110734771
RSYSTEMS.NS,251,nan,465.0,213.52,200796198
RUBICON.NS,226,nan,1899.0,570.75,114195490
RUSTOMJEE.NS,249,nan,634.0,331.9,34936096
SAIPARENT.NS,114,nan,706.0,400.0,28660324
SAKHTISUG.NS,251,18.374063745019917,23.29,13.52,38682706
SAMBHV.NS,251,nan,141.32,81.42,326843850
SARLAPOLY.NS,251,nan,111.0,68.4,29028172
SDBL.NS,252,nan,142.6,61.8,247952186
MEDICAPQ.NS,19,nan,36.8,20.33,703010
MEDPLUS.NS,249,nan,1022.2,648.0,50642421
METROPOLIS.NS,251,nan,609.05,412.25,74795212
MGEL.NS,250,nan,18.4,9.53,210751020
MILKYMIST.NS,19,nan,292.77,165.0,569363082
MODISONLTD.NS,251,nan,546.0,114.0,29470963
NACLIND.NS,252,nan,259.65,112.62,177939076
NAGREEKEXP.NS,250,nan,40.0,17.5,9668997
NAZARA.NS,251,280.3948605577689,380.0,215.7,627143250
NGIL.NS,249,nan,43.89,22.01,9568847
NGLFINE.NS,251,nan,3602.0,1271.0,2426416
NINSYS.NS,250,nan,935.0,281.05,2502256
NIRAJISPAT.NS,249,nan,429.65,155.0,105060
NIRLON.NS,101,nan,657.0,543.0,1023779
NITIRAJ.NS,249,nan,241.0,168.0,1471243
NUCLEUS.NS,250,nan,1084.8,682.0,10578760
NURECA.NS,250,nan,358.0,204.0,8463248
OBCL.NS,249,nan,62.0,46.51,3784162
OSWALGREEN.NS,251,nan,43.79,19.5,63541146
PATANJALI.NS,252,484.3095238095238,614.9,328.2,688787190
PFIZER.NS,250,nan,5578.5,4054.0,8166488
POCL.NS,251,515.9222310756971,647.6,392.2,200054394
POLICYBZR.NS,250,nan,1964.2,1364.0,443432476
PURVA.NS,250,nan,287.95,160.69,197320952
SIYSIL.NS,251,nan,848.8,433.35,23437625
INDBANK.NS,252,nan,47.15,26.4,25645711
INDOAMIN.NS,250,nan,149.0,81.9,24934710
JAINREC.NS,236,384.1583898305085,593.95,272.55,622107246
JTEKTINDIA.NS,251,nan,187.95,117.0,86814751
KANANIIND.NS,250,nan,2.1,1.02,48173326
KENNAMET.NS,107,3145.165436448598,5136.0,2405.2,2827866
KESORAMIND.NS,251,nan,14.26,4.55,453332392
KFINTECH.NS,252,978.573015873016,1215.0,784.95,264056173
KISSHT.NS,91,nan,351.5,190.0,321699705
KRBL.NS,250,nan,452.8,274.65,171549147
KRITI.NS,249,nan,155.9,53.0,9377882
KTKBANK.NS,252,nan,345.9,170.0,926637183
LANCER.NS,23,nan,149.7,10.1,10911948
LUMAXTECH.NS,251,nan,2148.7,1061.1,65063435
LUPIN.NS,252,nan,2529.5,1900.0,245255126
M&M.NS,252,3372.4353202380953,3839.8999,2896.0,639277954
MAGADSUGAR.NS,250,nan,634.95,417.0,5268601
MAHAPEXLTD.NS,249,nan,117.89,42.0,6132249
MAITHANALL.NS,252,nan,1210.1,831.2,22182534
MAKERSL.NS,19,nan,236.0,150.0,266079
MANAKSIA.NS,250,nan,73.4,42.1,9688985
MANAKSTEEL.NS,250,nan,120.76,45.11,16917032
MANALIPETC.NS,252,nan,93.0,39.13,353019902
MANIPALHOS.NS,28,nan,815.0,625.45,107457516
MANORG.NS,250,nan,635.0,356.25,2257772
MARALOVER.NS,249,nan,68.89,34.11,6185668
MARKSANS.NS,251,210.75466135458169,349.95,155.0,482026335
GREENPLY.NS,251,nan,334.4,176.42,110778457
HAVISHA.NS,250,nan,2.42,1.03,15813287
HAZOOR.NS,16,19.893124999999998,22.49,17.44,8988348
HDBFS.NS,252,707.7698412698414,801.1,555.3,218775639
HEXT.NS,251,595.6607569721115,807.75,400.2,228247771
HGINFRA.NS,251,nan,1049.95,429.5,67339592
HINDCOPPER.NS,252,479.3279365079366,760.05,244.15,4178828437
HLEGLAS.NS,251,nan,661.95,250.0,77958531
HYBRIDFIN.NS,250,nan,33.62,13.06,11967759
RAJPALAYAM.NS,107,nan,875.0,314.45,187582
SHREECEM.NS,252,nan,30285.0,22370.0,7285375
SHREERAMA.NS,250,nan,71.99,37.62,37864677
SHYAMMETL.NS,252,nan,1111.0,746.0,94661915
IGIL.NS,252,nan,392.0,287.0,177381879
IIFL.NS,252,529.521626984127,705.0,409.1,587817157
INDOKEM.NS,19,nan,657.0,560.0,74530
SONAL.NS,19,nan,94.0,82.5,1991
SPLPETRO.NS,251,nan,979.0,462.3,46507979
SRD.NS,250,nan,76.7,36.0,9249592
STANLEY.NS,251,nan,320.45,123.0,59982899
STERTOOLS.NS,250,nan,361.95,155.0,24012589
SUNDRMBRAK.NS,251,701.7816733067729,920.0,460.0,669063
SUPERHOUSE.NS,250,nan,201.95,128.55,3184339
SUPREME.NS,250,nan,97.84,33.01,26484718
SUPREMEENG.NS,250,nan,3.33,0.68,35898290
SURYALAXMI.NS,249,nan,69.7,43.0,1878804
SUTLEJTEX.NS,251,nan,42.0,24.0,12610436
TATACAP.NS,231,337.7248917748918,390.2,296.0,809600039
TCC.NS,135,66.89411851851854,105.28,39.37,162587703
TCS.NS,252,2672.2003928571426,3350.0,1976.8,935986325
TDPOWERSYS.NS,252,479.0757936507936,812.8,262.6,623062419
TITAGARH.NS,252,815.1503968253968,971.0,568.7,260933624
TNTELE.NS,249,nan,15.74,7.81,8354030
TRANSRAILL.NS,252,560.7164682539683,823.0,407.0,172582250
TRU.NS,24,4.260833333333333,4.91,3.9,3482085
TVSHLTD.NS,24,13964.666666666666,15070.0,12931.0,108338
UFO.NS,24,66.56958333333334,69.79,64.25,797007
UNIPARTS.NS,24,827.68125,915.95,715.0,6051711
UTLSOLAR.NS,24,433.13124999999997,494.25,382.6,10843471
VASWANI.NS,24,49.36291666666667,54.2,44.5,805255
VENKEYS.NS,24,1574.5416666666667,1747.4,1470.1,3425835
VETO.NS,24,124.76916666666666,132.0,118.16,674410
VOLTAMP.NS,24,10503.458333333334,11699.0,9767.5,961287
VSSL.NS,24,347.8104166666667,375.95,300.6,5805367
AARON.NS,249,153.3881124497992,228.0,106.8,4880218
AARTIDRUGS.NS,251,nan,534.55,318.95,43600939
ABLBL.NS,252,110.57674603174604,150.79,82.6,440843709
ACE.NS,251,970.4250996015938,1196.0,745.1,79246377
ACMESOLAR.NS,252,nan,430.5,195.9,411021892
ADVAIT.NS,163,nan,2485.0,1351.0,9394020
AFSL.NS,249,nan,227.0,194.41,5487004
AJANTPHARM.NS,250,nan,3796.0,2329.8999,28439358
ALPA.NS,249,nan,96.8,46.1,5432998
AMJLAND.NS,249,nan,57.8,30.3,5571896
ANKITMETAL.NS,249,nan,2.12,1.29,7323011
ARKADE.NS,251,nan,185.3,92.62,125917443
ASHOKA.NS,251,nan,214.5,101.0,397898947
AVL.NS,251,nan,705.0,436.55,59112183
BANKBARODA.NS,252,272.6118253968254,325.5,234.05,2610909823
BANSALWIRE.NS,251,nan,370.0,222.5,32446347
BCG.NS,252,nan,16.39,7.7,1846000180
BDL.NS,251,1380.0286852589645,1654.0,1086.0,377679868
BENGALASM.NS,19,nan,6700.0,6105.0,19017
BHAGCHEM.NS,249,nan,316.9,170.6,37674790
BIRLACABLE.NS,250,173.70544,393.35,104.0,22016839
BRIGHOTEL.NS,250,nan,88.27,54.36,45450677
BTTL.NS,102,nan,58.23,30.0,3825432
CANBK.NS,252,136.38833333333335,162.89,110.64,6469733946
CAPLIPOINT.NS,250,nan,2877.3,1500.3,29717551
COMFINTE.NS,19,nan,7.1,5.85,2817472
CORDELIA.NS,53,89.2870754716981,114.32,62.31,359955957
CRISIL.NS,252,4411.404767063492,5115.0,3686.0,14248423
CTE.NS,249,nan,59.93,20.51,7058461
DEVX.NS,247,nan,64.05,29.95,57014917
DHABRIYA.NS,19,nan,603.0,485.0,431177
DYNAMATECH.NS,251,9732.55577689243,12875.0,6621.5,6733583
ELCIDIN.NS,102,115182.27106274512,137000.0,105000.0,1478
ELGIRUBCO.NS,251,nan,73.0,32.72,16069403
EMAMIPAP.NS,252,nan,133.7,55.0,13707953
ENKEIWHEL.NS,19,nan,425.0,378.5,76416
EMPOWER.NS,18,2.1399999999999997,2.48,1.73,187624737
GANESHCP.NS,238,208.72550420168068,309.95,152.0,45499475
GANGESSECU.NS,249,nan,178.15,103.31,1085314
GILLETTE.NS,252,nan,10553.0,7206.0,6745519
TAMBOLIIN.NS,19,nan,314.9,238.0,278470
GLOBAL.NS,250,nan,129.4,55.3,29124135
GLOSTERLTD.NS,251,nan,756.45,495.0,806304
GOLDIAM.NS,251,nan,398.2,198.75,259263934
WHIRLPOOL.NS,24,793.975,858.7,751.0,12465376
RAMRAT.NS,251,nan,602.45,268.0,50648430
RANASUG.NS,251,nan,16.45,10.21,75241829
RBLBANK.NS,251,328.7701195219123,420.4,261.6,1701240957
RELIGARE.NS,250,nan,280.0,196.51,350871627
REPCOHOME.NS,252,nan,455.9,333.6,36646481
REPRO.NS,249,nan,590.0,301.0,6794346
RIIL.NS,252,nan,964.0,617.35,25726722
RNBDENIMS.NS,252,nan,67.6667,7.72,474322399
RSDFIN.NS,19,nan,116.79,86.96,38450
RSSOFTWARE.NS,251,nan,82.0,21.93,12113169
SADBHAV.NS,249,nan,14.7,6.05,68145758
SADBHIN.NS,250,nan,4.79,2.06,54836216
SANDUMA.NS,252,nan,273.0,152.5333,750700394
SANSTAR.NS,252,nan,137.49,74.3,127260774
SAPPHIRE.NS,251,nan,336.7,139.91,342037280
SARDAEN.NS,251,nan,639.75,453.1,171440097
SBILIFE.NS,252,nan,2132.0,1671.0,255688222
SBIN.NS,252,1013.400992063492,1234.7,819.0,3112847376
SGIL.NS,249,nan,630.2,420.0,5856984
SHALBY.NS,251,nan,274.7,125.82,49262182
MAZDA.NS,251,228.12035856573704,308.0,159.2,6711609
MIRZAINT.NS,251,nan,44.0,24.95,77185340
MMFL.NS,251,nan,687.95,288.1,40540190
MMWL.NS,103,nan,16.57,9.02,8948439
MODINATUR.NS,188,nan,524.8,252.3,1774403
MOLDTKPAC.NS,250,nan,847.4,464.9,23526959
MRPL.NS,252,163.66170634920636,212.31,126.01,3033393820
MUNJALAU.NS,251,nan,130.6,67.2,238410795
NESTLEIND.NS,252,nan,1553.0,1145.0,385763740
NSIL.NS,250,nan,8730.0,4700.0,1606024
ORCHASP.NS,251,nan,4.16,1.25,107628278
OSWALAGRO.NS,251,nan,81.0,33.4,15502477
PARADEEP.NS,251,nan,201.99,99.7,1666153608
PASUPTAC.NS,250,nan,78.95,40.41,53623873
PEARLPOLY.NS,250,nan,33.28,12.75,5211488
PICCADIL.NS,252,nan,809.7,515.0,63033292
PIIND.NS,252,3062.9765952380953,3832.8999,2191.0,67486999
PINELABS.NS,209,186.29818181818177,284.0,134.73,2759705382
POEL.NS,19,nan,168.97,138.8,568238
PPLPHARMA.NS,251,nan,231.93,132.3,1210982944
PRAKASHSTL.NS,251,nan,6.57,3.63,61172360
PREMCO.NS,19,nan,398.5,370.05,12483
PREMIER.NS,249,nan,3.88,2.57,4760034
PRIMO.NS,250,nan,26.9,16.1,45592793
PYRAMID.NS,249,nan,198.69,131.8,14756820
INDOTECH.NS,250,2178.9291955999997,4030.0,1100.0,9457830
INNOVACAP.NS,251,822.8946215139442,1200.0,622.0,16960148
ISTLTD.NS,19,nan,749.95,605.0,15740
ITCHOTELS.NS,252,nan,251.23,137.3,870130712
IWP.NS,19,nan,36.5,32.8,216257
JARO.NS,237,nan,890.0,383.5,64050201
JAYAGROGN.NS,249,209.4512048192771,265.0,147.26,3097193
JKIPL.NS,237,nan,126.95,45.4,39837703
JLHL.NS,251,nan,340.0,235.6,56420920
JNJ,22,268.7190909090909,281.07,255.26,134578700
JSWCEMENT.NS,252,126.83337301587302,153.45,106.65,762145059
JSWSTEEL.NS,252,nan,1351.0,1073.2,421659808
KALYANI.NS,250,138.3384000000001,144.99,138.09,250
KINGFA.NS,249,nan,6347.0,3649.8999,1965545
KIRLPNU.NS,251,nan,1098.55,495.05,66327516
KPEL.NS,252,nan,463.25,213.82,81445220
KRITIKA.NS,249,nan,9.55,4.5,45961455
LADDERUP.NS,19,nan,74.31,42.7,83066
LCCINFOTEC.NS,249,nan,5.89,2.88,22858264
LCL.NS,32,nan,604.7,461.0,56816129
LORDSCHLO.NS,250,nan,233.0,108.0,5999397
LUXIND.NS,251,nan,1823.35,824.05,23710034
M&MFIN.NS,252,335.3801587301587,415.0,267.0,849379673
MALUPAPER.NS,251,nan,44.11,27.0,5572011
MAWANASUG.NS,252,97.2568253968254,164.0,75.08,34723329
GULFOILLUB.NS,252,nan,1329.0,865.0,16424275
GVPIL.NS,252,nan,1084.0,270.9,125364809
HEG.NS,252,563.3498015873015,753.9,237.2,537069018
HGM.NS,250,nan,82.4,42.0,2363843
HGS.NS,250,432.38620000000003,546.35,342.05,9921062
HIMATSEIDE.NS,252,97.32547619047621,134.2,66.63,167857828
RADIANTCMS.NS,251,nan,57.49,32.33,42402220
SHANKESH.NS,14,96.00999999999999,115.9,87.25,234365264
SINTERCOM.NS,249,nan,130.0,62.99,10021830
IITL.NS,249,nan,216.0,108.0,15570826
SOMATEX.NS,249,nan,161.25,62.15,4709083
SPECTRUM.NS,249,nan,3022.5,1050.0,4509730
STLNETWORK.NS,252,24.679047619047612,36.6,15.75,693864868
SUBEXLTD.NS,251,11.673665338645419,21.0,6.61,669547832
SUKHJITS.NS,249,nan,231.1,137.3,5640973
SUMICHEM.NS,251,nan,617.45,362.6,120953186
SUNTV.NS,251,546.8567729083665,660.7,447.7,102991208
SWIGGY.NS,252,nan,474.0,235.75,3432279037
SYNCOMF.NS,252,14.675158730158731,22.59,10.21,739179983
TAINWALCHM.NS,249,nan,257.0,155.0,2638574
TECILCHEM.NS,249,nan,22.87,8.0,2842907
TFL.NS,249,nan,18.5,10.21,10246957
TIPSFILMS.NS,249,nan,479.25,276.75,2617190
TECHNVISN.NS,19,nan,5550.0,4636.0,7799
TRAVELFOOD.NS,252,nan,1470.9,1035.3,20851465
TRENT.NS,252,nan,5248.0,2183.6667,325469942
TSFINV.NS,251,nan,701.5,331.7,36208200
TTKHLTCARE.NS,250,nan,1247.0,735.0,2894979
TVSSRICHAK.NS,24,4704.458299999999,5760.0,3850.0,1911471
UNIVPHOTO.NS,24,462.51875,494.0,435.0,21652
UNOMINDA.NS,24,1261.7333333333333,1307.5,1202.0,20432008
USHAMART.NS,24,501.26458333333335,529.3,477.8,16636112
VADILALIND.NS,24,7477.479166666667,8447.0,7072.0,853398
VEEDOL.NS,24,1492.8249999999998,1565.0,1413.2,405071
VENTIVE.NS,24,591.6354166666666,630.0,556.6,683714
VGCL.NS,14,56.63428571428572,62.95,51.07,134969
VIJSOLX.NS,14,692.4214285714286,719.9,657.5,3592
VINEETLAB.NS,24,37.99,40.0,35.01,2265750
VRLLOG.NS,24,293.33958333333334,310.2,270.0,12835742
WILLAMAGOR.NS,24,25.00208333333333,29.8,23.5,84425
ZFCVINDIA.NS,24,2598.4166625,2691.0,2445.8,2491951
3IINFOLTD.NS,250,nan,27.8,12.68,153261510
3MINDIA.NS,249,nan,38030.0,28730.0,1410232
AARTIIND.NS,251,nan,551.75,338.05,278737088
ABINFRA.NS,250,nan,23.56,8.82,603675601
ACC.NS,251,1558.8115537848603,1987.0,1230.6,53249433
AEROPLANE.NS,115,154.9974782608696,209.44,117.02,142909893
AFCONS.NS,252,345.5521825396825,479.4,249.0,278658621
AHCL.NS,252,13.848805555555556,20.0,10.2,1163197293
AIROLAM.NS,249,nan,123.3,78.0,1514823
ALLTIME.NS,252,nan,314.7,186.0,37389559
AMARJOTHI.NS,23,nan,166.0,88.4,44486
ANIKINDS.NS,250,nan,83.4,32.5,7249790
ANSALAPI.NS,249,nan,5.18,2.51,9047024
ARIS.NS,252,nan,178.3,82.18,284598511
ATLANTAELE.NS,239,nan,2152.6001,707.6,60914024
BHARATCOAL.NS,164,35.63073170731708,45.09,29.74,4944432108
BHARATFORG.NS,251,nan,2295.0,1179.0,305309385
BLISSGVS.NS,251,291.49948207171315,725.9,118.0,603297249
BLUESTARCO.NS,251,nan,2032.9,1432.3,121564721
BRIGADE.NS,251,nan,802.0125,450.75,176530783
CELEBRITY.NS,250,nan,13.25,5.65,9407941
CELLO.NS,250,465.6314,673.8,332.0,102026290
CENTRUM.NS,251,nan,38.5,19.66,130962150
CIPLA.NS,251,1419.8294820717126,1673.0,1165.7,382476354
CLCIND.NS,250,127.90631999999997,280.0,8.54,332578
CNL.NS,249,nan,1328.0,525.0,20693901
COHANCE.NS,251,501.5707171314742,1008.7,266.7,474439768
CONFIPET.NS,252,52.15853174603174,91.3,28.06,637409421
CORDSCABLE.NS,251,194.32521912350597,394.9,127.01,18781461
COSMOFIRST.NS,250,nan,996.0,560.8,25061132
CPEDU.NS,251,nan,338.75,141.0,4216043
CUBEXTUB.NS,250,nan,143.69,73.1,42920820
DCMSHRIRAM.NS,251,nan,1414.4,945.1,38557187
DELTACORP.NS,252,67.4870238095238,86.4,48.3,659985765
DHRUV.NS,250,nan,59.67,21.66,7372454
DISAQ.NS,101,11942.10048910891,12864.0,10851.0,46335
DNAMEDIA.NS,250,nan,5.34,2.28,16234289
DSSL.NS,250,nan,1924.8,781.0,33623683
ECOSMOBLTY.NS,252,nan,294.6,103.94,71465341
EFCIL.NS,252,nan,335.85,171.42,122797912
EIDPARRY.NS,251,885.6868525896416,1118.0,698.2,75575529
ELGIEQUIP.NS,251,527.0378486055778,645.9,408.25,146419768
EPACKPEB.NS,236,229.80944915254244,344.0,132.17,632100532
ACGL.NS,19,nan,1961.9,1702.0,13015
EUROTEXIND.NS,249,nan,23.8,11.83,1169215
FCSSOFT.NS,251,nan,2.53,1.05,516042025
FEDERALBNK.NS,252,283.2706746031746,371.7,189.05,2320597481
FLEXITUFF.NS,249,nan,27.5,2.0,8780148
FORTIS.NS,251,931.224501992032,1104.3,766.8,492569925
FUSION.NS,250,183.35016000000002,243.0,136.5,140765640
GMRAIRPORT.NS,252,nan,115.64,84.11,4333633015
GOODYEAR.NS,108,nan,1273.7,708.6,1069229
GOYALALUM.NS,249,nan,11.37,5.34,42989182
GPIL.NS,252,nan,320.0,221.21,664993767
GRANULES.NS,251,nan,914.85,510.55,276131364
VOITHPAPR.NS,14,1471.0142857142857,1696.0,1410.0,5785
TVSMOTOR.NS,24,4351.841675,4484.5,4064.8999,22691374
WALCHANNAG.NS,24,223.07458333333332,242.0,204.2,13788188
RAMCOCEM.NS,250,987.8304000000002,1214.5,838.3,65926773
RCOM.NS,250,nan,1.51,0.75,847844543
REGENCERAM.NS,250,nan,54.99,30.0,2206533
RHIM.NS,250,nan,508.3,323.05,210852695
RKSWAMY.NS,251,nan,163.89,67.15,14870224
SAATVIKGL.NS,241,nan,567.0,328.0,81323518
SBIFUNDS.NS,39,566.796153846154,624.95,536.5,193157394
SGRL.NS,19,nan,722.0,490.0,498638
MBAPL.NS,252,nan,174.94,74.63,275484618
MLKFOOD.NS,19,nan,93.0,75.25,162246
MOTISONS.NS,252,14.79063492063492,20.45,10.62,4167071641
MOTOGENFIN.NS,251,25.045099601593623,34.4,17.5,9693958
MUFIN.NS,252,nan,141.5,85.13,357155151
MUKANDLTD.NS,251,133.9800796812749,154.25,114.31,42775191
NDLVENTURE.NS,249,nan,140.0,80.0,8561164
NEULANDLAB.NS,251,nan,24225.0,11500.0,14451975
NILAINFRA.NS,251,nan,11.55,5.9,87350041
NYKAA.NS,251,nan,349.55,227.9,1556759162
OMNI.NS,133,455.14939849624056,764.85,176.25,145205812
ORCHPHARMA.NS,251,nan,1133.0,480.0,29602141
ORIENTCEM.NS,251,158.93366533864543,237.29,122.32,109194311
ORISSAMINE.NS,251,nan,6138.8999,3100.5,5474611
PACIFICI.NS,19,nan,160.0,129.0,20162
PANACHE.NS,249,nan,559.4,237.7,5896154
PARACABLES.NS,252,nan,75.7,28.3,450238419
PAUSHAKLTD.NS,197,nan,826.75,342.5,6676790
PODDARMENT.NS,249,nan,333.4,201.1,1481268
POWERGRID.NS,251,284.3653386454183,324.95,250.0,3100731908
POWERINDIA.NS,251,26114.195219123507,38785.0,16111.0,36701896
PRECOT.NS,249,nan,899.0,300.05,2049459
PRISMX.NS,19,nan,0.61,0.47,2989957
QPOWER.NS,252,nan,1570.0,581.0,176136963
SKFINDIA.NS,252,nan,5074.0,1404.0,14117407
SKFINDUS.NS,191,nan,3131.0,1994.1,7266517
IL&FSTRANS.NS,249,nan,3.34,1.75,11970434
INDIAGLYCO.NS,251,973.793426294821,1222.0,217.0,48843773
INDIANCARD.NS,249,nan,303.05,153.0,1000727
INDOSTAR.NS,251,nan,292.0,179.03,40104337
INDUSTOWER.NS,252,nan,481.5,337.8,1610731964
INNOVANA.NS,249,nan,564.8,290.0,2599674
IPL.NS,250,nan,240.25,125.0,96651951
IPRINGLTD.NS,23,nan,187.0,138.0,174320
IRCON.NS,252,148.04730158730158,189.5,112.55,901723866
IXIGO.NS,252,213.40424603174603,339.15,151.27,603017370
JAICORPLTD.NS,251,121.34207171314743,173.4,88.0,265692400
JBMA.NS,252,627.5303571428573,790.0,477.0,455644121
JISLDVREQS.NS,251,nan,35.48,18.5,8263230
JKPAPER.NS,251,nan,444.8,304.85,98493467
JMA.NS,249,nan,103.7,70.25,3615929
JOCIL.NS,250,nan,175.12,91.25,1436967
JSWENERGY.NS,252,523.9509920634921,617.35,427.75,740620488
JUBLFOOD.NS,252,nan,658.0,408.55,656315585
KABRAEXTRU.NS,251,282.4598007968127,733.0,180.0,27839163
KALYANKJIL.NS,251,461.7581673306772,648.95,327.05,2484215814
KAYA.NS,251,nan,487.9,224.01,5052021
KAYNES.NS,251,4360.268529482072,7705.0,2995.0,387318318
KECL.NS,251,110.88390438247012,155.0,75.47,70463185
KIMS.NS,251,nan,858.0,575.8,116918557
KKCL.NS,249,nan,595.0,408.35,10066705
KMEW.NS,252,1847.3724186507936,3175.0,876.95,44521848
KOTYARK.NS,251,nan,45.5,17.3818,68164416
KRISHANA.NS,251,123.54601593625497,206.39,86.2,256662231
LAMBODHARA.NS,250,nan,162.0,81.8,10054683
LEMONTREE.NS,251,131.05892430278885,179.59,99.61,934054895
LICHSGFIN.NS,251,540.9288844621515,598.2,458.9,424024128
LT.NS,252,3952.112694444445,4440.0,3288.1001,556152969
LTTS.NS,251,nan,4726.0,3010.0,33687098
LUMAXIND.NS,250,nan,6934.5,4061.0,6556487
MAHLOG.NS,251,nan,450.0,275.05,65798226
MANBA.NS,250,nan,154.0,98.0,23195852
GRASIM.NS,251,nan,3411.1001,2502.5,187374902
GRMOVER.NS,251,136.77178007968126,185.45,81.95,550638738
GVT&D.NS,252,3786.1678551587297,5650.0,2523.2,212078387
HALEOSLABS.NS,249,nan,1774.0,1091.1,383177
HBSL.NS,250,nan,108.8,42.63,5385427
HCC.NS,252,21.97211468253968,30.0,13.65,7719912139
HDFCAMC.NS,251,2646.289442231076,2967.25,2205.6001,238721400
HINDALCO.NS,251,nan,1176.0,731.95,1417572067
HONDAPOWER.NS,249,nan,2949.0,1816.6,1283668
HPIL.NS,250,nan,154.45,107.0,1070841
HUBTOWN.NS,251,232.86075697211152,339.4,168.15,180225911
ICDSLTD.NS,249,nan,71.45,36.4,1182059
ICICIAMC.NS,184,3086.0326070652177,3611.0,2530.0,129579146
RADHIKAJWE.NS,250,70.71468000000002,99.65,50.01,220205543
RRECL.NS,19,nan,151.99,125.58,12358
SHIVAMAUTO.NS,250,nan,35.79,13.05,19613723
SIGMA.NS,250,nan,65.5,35.46,70819661
SIL.NS,249,nan,22.3,11.7,11055645
MINALIND.NS,19,nan,5.89,1.71,2896430
MKEXIM.NS,19,nan,68.69,52.0,387718
MOLBIO.NS,20,1161.1024999999997,1686.8,926.35,98052501
IFCI.NS,252,63.17710317460316,107.5,46.23,9482873297
KSE.NS,23,nan,665.4,173.31,596616
SPY,251,705.0264940239044,779.37,629.28,17251260700
STEL.NS,251,497.86892430278874,689.95,380.0,2881794
SUNPHARMA.NS,252,nan,2046.9,1548.0,645859153
SURAJEST.NS,252,nan,319.0,166.25,55650585
TEGA.NS,250,1772.1787996000005,2125.0,1473.0,44090143
TEXRAIL.NS,252,117.31396825396828,153.0,78.05,711524176
TGBHOTELS.NS,249,nan,13.4,7.5,8825329
TGVSL.NS,19,nan,114.24,102.5,3284443
THAKDEV.NS,19,nan,160.0,125.35,6086
TIMETECHNO.NS,252,nan,249.15,154.0,654410848
TIMEX.NS,101,nan,687.8,323.0,48348803
TIRUMALCHM.NS,250,nan,328.8,143.5,105662821
TNPETRO.NS,252,nan,146.99,78.67,128262199
TRITONV.NS,19,nan,1219.3,1059.3,62789
UGARSUGAR.NS,24,51.03666666666667,62.1,42.05,25879011
V2RETAIL.NS,24,219.60666666666665,226.7,211.31,25993180
VINATIORGA.NS,24,1327.0708333333334,1385.0,1300.2,1240203
VITAL.NS,24,52.7125,57.19,48.1,242250
VLEGOV.NS,24,10.379583333333334,11.8,9.22,1564316
VMSTMT.NS,24,47.28875,53.05,43.76,2161434
WELCORP.NS,24,2130.2375083333336,2676.0,1701.0,62181129
WELENT.NS,24,633.5020833333334,825.0,557.1,20126649
WINDMACHIN.NS,24,304.5083333333334,326.0,265.6,5499866
WORTHPERI.NS,24,155.11041666666665,169.8,145.0,640108
YATHARTH.NS,24,902.2520833333332,1024.85,824.0,11679815
ZAGGLE.NS,24,192.2541666666667,211.35,154.36,126333015
ZENITHSTL.NS,24,5.459166666666666,6.43,4.66,2479007
ZODIAC.NS,24,249.67208333333335,294.8,236.0,476818
AAATECH.NS,249,nan,136.0,76.11,18092138
ABMINTLLTD.NS,250,nan,72.8,34.0,457702
ADANIGREEN.NS,252,1158.0543650793654,1631.5,765.0,860778165
ADDIND.NS,19,nan,94.6,71.05,23029
AEPL.NS,127,nan,20.25,13.25,6521422
AETHER.NS,251,nan,1717.0,726.45,83014033
AIRAN.NS,250,nan,27.49,12.63,24448646
ALANKIT.NS,249,nan,14.16,6.8,59472062
ALBERTDAVD.NS,249,nan,931.85,579.9,1437031
ALFREDHE.NS,19,nan,3151.0,2775.5,1254
AMBALALSA.NS,102,nan,49.98,30.15,14844996
ANANTRAJ.NS,252,561.992857142857,743.65,403.0,886664429
APLAPOLLO.NS,252,nan,2301.3999,1653.3,165882410
ARCHIES.NS,249,nan,24.38,10.86,7839865
ARE&M.NS,252,889.4394841269838,1057.85,670.0,201093122
AUSTENG.NS,19,nan,139.0,110.0,62255
AYE.NS,145,nan,197.29,88.22,265505329
BANARISUG.NS,250,nan,4338.0,3105.2,321471
BEARDSELL.NS,251,nan,38.6,20.02,9895623
BESTAGRO.NS,251,nan,34.4,12.3,677208682
BFUTILITIE.NS,251,597.6972111553785,898.7,368.7,29139607
BHAGERIA.NS,250,186.64596,342.0,127.51,53021216
BLUESTONE.NS,251,577.7045816733068,926.0,399.8,388702809
BODALCHEM.NS,250,64.02192000000001,189.68,42.81,149549886
BOHRAIND.NS,250,nan,26.66,11.6,4384862
BORORENEW.NS,252,nan,721.0,374.4,172162061
BRITANNIA.NS,252,nan,6319.5,4945.0,86410581
BUTTERFLY.NS,250,662.6919999999999,823.85,565.8,19422872
BVCL.NS,249,nan,62.0,31.2,8311734
CARBORUNIV.NS,251,nan,1306.9,735.2,59839896
CENTURYPLY.NS,250,768.296,859.0,618.5,22925618
CHENNPETRO.NS,252,1019.5166666666668,1677.5,716.8,587910238
CHOLAHLDNG.NS,251,nan,2064.0,1305.0,56416722
CLEDUCATE.NS,249,nan,109.7,35.48,13780251
COFFEEDAY.NS,252,nan,46.92,21.0,325886975
COLPAL.NS,252,nan,2413.8,1782.0,102934966
CURAA.NS,249,nan,235.2,60.0,186269
DAVANGERE.NS,252,nan,5.5,1.74,3706173607
DBSTOCKBRO.NS,249,nan,48.5,23.15,8800907
DCAL.NS,251,nan,321.95,128.5,101507741
DCW.NS,252,nan,76.35,37.11,354720260
DEEPINDS.NS,251,480.23924302788845,825.0,330.0,94416589
DELHIVERY.NS,251,nan,524.0,374.45,763680186
DHANUKA.NS,249,nan,1620.4,889.6,13689189
DIXON.NS,252,13007.238095238095,18471.0,9600.0,134501321
DREDGECORP.NS,251,950.9659362549801,1286.0,538.0,113511105
DTIL.NS,249,nan,198.9,102.0,2858335
EBGNG.NS,251,411.77310756972105,704.9,239.0,114674830
EBIX.NS,19,nan,22.83,16.03,1507417
EMKAY.NS,250,nan,409.9,186.0,20445944
ENIL.NS,250,nan,166.45,98.57,6384438
EPIGRAL.NS,251,nan,1808.8,807.0,16440307
EVEREADY.NS,251,nan,457.65,259.65,36788895
GANESHBE.NS,250,nan,135.85,68.4,81403237
GLOBE.NS,250,nan,3.29,1.8,204532752
GNRL.NS,19,nan,117.8,94.21,5577430
WATERBASE.NS,19,54.36526315789474,74.9,44.11,454778
RAMASTEEL.NS,250,nan,11.58,3.43,2599400636
RAMBHAJO.NS,53,205.42660377358493,289.0,161.6,78969952
RIR.NS,42,164.79119047619048,203.83,154.0,23684903
RML.NS,251,nan,1440.0,608.5,12512173
RPPINFRA.NS,250,nan,153.0,53.0,27616205
RUCHIRA.NS,251,117.87414342629481,173.0,95.17,15715912
SAILIFE.NS,252,nan,1697.0,783.85,141360024
SCILAL.NS,251,45.36733067729083,55.0,34.3,139570032
SENCO.NS,251,334.9272908366534,430.0,276.0,353427818
SEYAIND.NS,249,nan,23.99,8.54,2189186
SGFIN.NS,252,nan,727.45,323.0,83263635
SHAHALLOYS.NS,250,nan,116.85,53.1,9154176
MEDANTA.NS,250,nan,1544.0,956.0,57933765
MGL.NS,250,nan,1378.0,900.0,71050210
MHLXMIRU.NS,249,nan,244.65,105.53,7750536
MKPL.NS,250,nan,8.85,3.56,53408638
MOHITE.NS,19,nan,3.3,2.21,2209613
MOLDTECH.NS,249,nan,227.0,101.1,23161611
MPDL.NS,19,nan,45.29,23.26,106617
MTEDUCARE.NS,249,nan,2.53,1.17,7756640
MUKKA.NS,251,24.19808764940239,33.22,18.27,141032033
NAHARSPING.NS,250,nan,349.0,149.2,7156517
NATCOPHARM.NS,251,924.8173306772907,1226.8,789.0,263758306
NEAGI.NS,19,nan,3600.0,3256.0,770
NELCAST.NS,250,122.38047999999998,173.2,85.98,54244045
NETWEB.NS,251,3862.366933067729,5813.0,2822.3,480073341
NHPC.NS,252,79.22734126984128,89.22,71.62,4169466929
NKIND.NS,250,nan,87.78,49.66,1188645
NMDC.NS,252,82.20444444444443,97.49,72.24,5750843642
ODIGMA.NS,250,nan,56.09,20.0,6887428
ONESOURCE.NS,252,1628.6198412698413,1925.0,1057.0,79042493
ORIENTPPR.NS,251,20.294223107569717,28.96,13.25,76488693
PANORAMA.NS,19,nan,56.2,40.0,8379704
PARASPETRO.NS,251,nan,3.23,1.53,55403411
PGHL.NS,249,nan,6975.0,4707.0,3990633
PKTEA.NS,249,nan,1169.0,605.0,326126
PNGSREVA.NS,134,nan,644.0,324.25,47458366
POWERMECH.NS,250,nan,3125.0,1717.7,23492111
PSPPROJECT.NS,249,nan,1143.0,569.2,42755871
PVSL.NS,251,nan,163.0,82.41,19384869
SMARTLINK.NS,251,nan,233.0,103.5,2956010
IKS.NS,251,1630.2,1933.0,1262.0,61275256
INFOMEDIA.NS,250,nan,8.05,4.5,4935654
ISHANCH.NS,251,nan,83.37,41.71,11784918
IVP.NS,250,nan,222.0,110.0,3798785
KAMOPAINTS.NS,250,nan,9.41,3.6,161339553
KIRLOSENG.NS,250,nan,2720.0,865.55,154018559
KPL.NS,19,nan,3798.8999,3211.1001,848901
LAKSHMIMIL.NS,15,nan,8499.0,7540.0,506
LODHA.NS,251,1051.8342629482072,1344.95,650.8,527554128
MAHASTEEL.NS,249,nan,1421.0,381.25,4813816
MAHESHWARI.NS,249,nan,76.81,39.04,5907485
MAHSCOOTER.NS,250,nan,18538.0,10901.0,1447970
MANAPPURAM.NS,252,302.71567460317465,381.55,245.15,1149147757
MAPMYINDIA.NS,250,nan,1998.0,795.0,78801886
GTECJAINX.NS,249,nan,38.35,15.54,3881276
HSCL.NS,252,547.7115079365082,819.5,418.5,1371257726
HUHTAMAKI.NS,251,211.7391235059761,330.0,148.6,129637091
IBULLSLTD.NS,252,19.148571428571422,32.5,8.9,1752883310
RAILTEL.NS,251,324.7502390438247,412.9,245.0,424492623
SHARDUL.NS,102,nan,60.0,23.05,1310101
SHK.NS,251,nan,257.44,111.98,116347620
SILINV.NS,250,nan,767.0,380.0,1270788
SHINDL.NS,19,nan,175.0,156.2,4157752
SHIPROCKET.NS,18,134.86777777777777,156.9,124.0,617917980
SPANDANA.NS,251,251.7366932270916,319.4,181.1,78913672
SSWL.NS,250,nan,384.15,169.0,158995676
STALLION.NS,252,199.25845555555557,423.8,99.32,447931590
SUMMITSEC.NS,251,1753.5031832669322,2495.0,1312.0,1923955
SURANASOL.NS,250,nan,36.5,18.31,20996445
SURANAT&P.NS,249,nan,26.45,15.5,28778181
SWARAJENG.NS,249,nan,4545.0,3301.3,4234319
SWISSMLTRY.NS,19,16.01631578947368,18.5,13.11,3825776
TCI.NS,250,nan,1242.0,843.2,8248270
TEAMLEASE.NS,250,nan,1944.3,1065.2,11918044
TECHNOCRAF.NS,21,361.6585714285714,459.8,284.0,70867817
TENNIND.NS,206,549.3230582524272,657.0,438.05,419137373
THEMISMED.NS,251,nan,148.0,64.95,62829014
TRACXN.NS,251,nan,55.9,25.39,58638734
UBL.NS,24,1356.6083333333333,1455.8,1276.4,2398564
UCOBANK.NS,24,25.74875,26.77,24.3,83096441
UMAEXPORTS.NS,24,22.946250000000003,27.25,19.55,937794
V,22,372.00363636363636,385.57,358.05,137125500
VIDHIING.NS,24,330.9833333333333,360.0,303.1,971753
VIJIFIN.NS,24,13.38125,16.58,10.61,2832443
VIMTALABS.NS,24,635.2458333333334,675.0,609.05,7159080
VIPCLOTHNG.NS,24,20.54583333333333,22.23,19.55,1223520
VIVIANA.NS,24,720.0520833333334,804.7,661.0,476592
WESTLIFE.NS,24,573.06875,608.95,523.55,3215193
WINDLAS.NS,24,964.5666666666667,1152.4,808.05,6690431
WONDERLA.NS,24,503.5104166666667,555.0,461.0,5235111
XTGLOBAL.NS,24,30.736250000000002,35.0,27.5,2781225
AARTIPHARM.NS,251,nan,946.1,585.0,80330056
ABAN.NS,251,nan,45.62,12.89,15466722
ABBOTINDIA.NS,251,nan,31495.0,25135.0,2359812
ABFRL.NS,252,nan,94.95,49.4,1451867379
ABSLAMC.NS,251,928.437250996016,1224.9,708.0,95616103
ACCELYA.NS,251,nan,1527.0,1012.4,3845140
ACL.NS,249,nan,100.01,40.5,6649207
ACSTECH.NS,19,nan,61.5,48.42,5957962
ADOR.NS,251,nan,1766.4,848.0,9120632
ALOKINDS.NS,251,14.313745019920319,19.34,7.06,1926376183
ANDHRSUGAR.NS,252,nan,107.23,66.5,115890384
APOLLO.NS,252,309.66246031746033,466.5,179.5,2448530472
ARIHANTCAP.NS,251,nan,120.0,56.97,281948372
ARIHANTSUP.NS,249,nan,465.0,188.8,21710419
ARMANFIN.NS,250,nan,2158.6001,1301.0,10420418
ASHIKAG.NS,19,nan,451.0,399.0,866863
ASHOKLEY.NS,252,165.34341269841266,215.42,132.26,5039049004
ASIANPAINT.NS,252,2582.153568253968,2985.7,2115.0,296122024
ASSAMENT.NS,18,790.6083333333332,857.75,705.0,282
ATULAUTO.NS,251,469.55836653386444,596.55,380.05,95164384
BAJAJELEC.NS,252,nan,653.8,301.0,99480906
BAJAJHFL.NS,252,92.29849206349208,117.0,72.65,1749502769
BAJFINANCE.NS,252,988.0097222222223,1176.4,787.9,2054369550
BANKA.NS,249,nan,97.88,41.0,2143311
BELRISE.NS,252,nan,268.2,139.5,1568908691
BHANDARI.NS,251,nan,5.13,2.0,87384758
BIL.NS,250,nan,1150.0,602.0,2240190
BLBLIMITED.NS,251,nan,22.47,12.0,36049312
CANFINHOME.NS,251,nan,971.5,733.0,58028073
CCL.NS,251,1038.598605577689,1242.2,815.5,85989345
CEINSYS.NS,142,920.9591549295775,1249.9,672.0,11754665
CENTRALBK.NS,252,nan,40.92,29.32,2301297530
CINELINE.NS,251,nan,104.4,73.35,5925910
CMSINFO.NS,251,nan,429.65,223.5,170330117
COFORGE.NS,252,1570.6210317460313,2021.2,1008.1,721904933
COMPUSOFT.NS,250,nan,20.75,12.0,9664629
CREATIVEYE.NS,249,nan,8.83,5.16,5890259
CRSL.NS,18,nan,3.56,2.14,23622905
CSBBANK.NS,251,nan,574.4,304.0,178704351
DALBHARAT.NS,250,nan,2496.3,1605.0,73622243
DCBBANK.NS,252,nan,234.8,122.4,593051430
DEN.NS,249,nan,37.35,22.52,144765462
DENORA.NS,250,759.5797999999999,960.35,560.25,1817727
DLINKINDIA.NS,251,nan,549.2,367.65,35319932
DPABHUSHAN.NS,250,nan,1670.0,866.1,9649053
DYNPRO.NS,250,nan,384.0,190.8,5291757
E2E.NS,251,335.41673306772907,698.0,183.36,362140400
EMIL.NS,251,123.99434262948208,196.74,84.9,603230376
ENRIN.NS,252,3122.7265849206337,3968.0,2115.0,156412880
ERIS.NS,250,nan,1740.0,1200.0,27988224
EXXARO.NS,249,nan,10.33,5.99,214528926
DHOOTTRANS.NS,20,1501.6,1728.7,1131.0,137038365
GPPL.NS,251,nan,200.09,141.55,482648807
GRADIENTE.NS,91,nan,9.4,2.08,85234339
HRYNSHP.NS,19,nan,104.05,91.0,22702
VISAKAIND.NS,24,92.87041666666669,104.41,80.57,26383618
ZEEL.NS,24,98.81333333333333,110.63,86.9,803446393
ZUARI.NS,24,227.21833333333333,243.5,214.3,3007912
VISHAL.NS,19,19.35842105263158,22.05,17.85,3617581
RAYMONDLSL.NS,252,nan,1350.0,628.25,42486507
RMC.NS,115,339.33895652173914,530.0,210.31,5776881
SAGARDEEP.NS,250,nan,31.48,20.81,3731880
SAHLIBHFI.NS,109,nan,91.95,66.6,4473025
SANGAMIND.NS,249,nan,672.5,375.0,16291995
SANOFI.NS,251,nan,5113.5,3054.0,5474644
SAYAJIHOTL.NS,107,nan,365.2,138.7,18963
SENORES.NS,252,975.9472222222223,1599.0,662.45,77803378
MEDIASSIST.NS,251,nan,575.55,293.0,44964841
MSPL.NS,249,nan,46.12,26.25,389179228
NAHARINDUS.NS,250,nan,154.0,83.05,6027537
NECLIFE.NS,251,nan,22.4,9.3,210112440
NICCOPAR.NS,19,nan,98.99,72.0,437625
NIITLTD.NS,252,87.77182539682539,114.75,49.0,269803856
NORTHARC.NS,252,nan,334.0,206.0,211797709
NTCIND.NS,19,nan,147.0,126.3,47901
OAL.NS,250,nan,559.7,228.0,7995938
ORTINGLOBE.NS,249,nan,21.3,10.66,3797589
OSWALSEEDS.NS,250,12.995160000000002,20.28,9.66,28725668
PAKKA.NS,250,nan,178.84,69.1,34285794
PANAMAPET.NS,251,nan,599.6,229.0,88107363
PAR.NS,249,nan,180.0,78.05,7375190
PARAS.NS,251,870.4836653386453,1585.0,580.5,440720110
PCBL.NS,251,312.52063745019916,425.95,226.5,534603744
PENIND.NS,251,nan,279.9,129.1,200374512
PHOENIXLTD.NS,250,nan,2169.8,1465.6,131361751
PPL.NS,250,nan,334.4,163.21,26731266
PRITIKAUTO.NS,250,nan,20.99,10.41,55831516
SOLARINDS.NS,251,nan,22625.0,11646.0,37274187
IL&FSENGG.NS,249,nan,39.9,21.0,7946382
INFOBEAN.NS,251,nan,257.5,116.5,269856496
INNOVISION.NS,121,nan,470.0,246.2,26947150
IRCTC.NS,251,591.8826693227091,739.0,462.15,321515112
JAGSNPHARM.NS,251,nan,264.5,155.0,54336037
JINDALSAW.NS,252,nan,320.0,153.0,1067665944
JKCEMENT.NS,251,nan,7000.0,4671.5,21718583
JUBLINGREA.NS,252,nan,795.0,537.3,85049921
JYOTICNC.NS,252,nan,1058.85,580.1,251056350
KARURVYSYA.NS,252,nan,358.65,204.8,829212731
KCPSUGIND.NS,251,nan,36.47,21.45,54575782
KELLTONTEC.NS,251,nan,27.75,13.0,848897423
KHADIM.NS,251,nan,295.8,77.47,23190436
LEMERITE.NS,251,nan,107.57,19.52,133725991
LLOYDSME.NS,252,1501.6976198412701,2125.0,1042.9,132183120
LYKALABS.NS,249,nan,101.9,44.1,9765757
MADHUCON.NS,249,nan,8.55,3.61,9055640
MAMATA.NS,252,nan,515.0,297.0,44562889
GRAUWEIL.NS,107,nan,115.6,62.09,39629715
GRAVISSHO.NS,19,nan,42.7,27.9,1425456
GREENPANEL.NS,251,nan,333.8,152.91,90427921
GSLSU.NS,249,nan,139.67,23.06,50572954
GVPTECH.NS,249,nan,11.19,5.22,20486495
GYFTR.NS,46,nan,193.9,139.69,3498756
HBPOR.NS,19,nan,65.0,48.6,19058
HCG.NS,251,nan,804.65,513.3,52796627
HINDCON.NS,250,nan,37.75,15.66,7115110
HINDZINC.NS,252,561.6075396825397,733.0,433.55,1980722948
HITECHGEAR.NS,249,nan,897.45,521.25,675011
ICICIBANK.NS,252,1360.6420634920632,1480.0,1187.6,3465869260
RADICO.NS,251,3382.574898406375,4747.0,2500.0,101048221
RADIOCITY.NS,250,nan,9.25,4.5,27592507
SHARDAMOTR.NS,250,911.5896000000001,1189.9,700.0,16198916
SHEMAROO.NS,249,nan,143.0,73.0,4076915
SILLYMONKS.NS,248,18.19536290322581,28.45,14.61,7736824
SIMBHALS.NS,251,nan,14.95,6.47,4093818
MVELECTRO.NS,27,669.8111111111111,948.0,516.55,184172071
ICRA.NS,249,nan,6982.0,4665.6001,3283780
IFBIND.NS,251,nan,2019.8,883.2,21872501
IIFLCAPS.NS,251,nan,411.3,240.4,169158130
SPMLINFRA.NS,251,197.73689243027886,288.75,151.01,155608571
STEELCAS.NS,250,nan,364.0,176.02,33578481
STLTECH.NS,251,nan,897.45,84.6,1004681933
SUNFLAG.NS,252,nan,428.0,192.15,86178871
SUVIDHAA.NS,250,nan,4.25,1.77,28104982
SUZLON.NS,252,51.27757936507937,61.5,38.19,17781560296
SVLL.NS,249,nan,897.45,445.15,1509563
SWANCORP.NS,252,nan,506.0,273.65,351274109
TAJGVK.NS,251,nan,458.4,281.35,46034084
TATAELXSI.NS,252,4605.1817543650795,5950.0,3353.8999,78327524
THERMAX.NS,251,nan,5277.7998,2742.7,49436648
TI.NS,251,nan,594.55,381.55,200015251
TIMKEN.NS,251,nan,3925.0,2800.5,13742710
TMCV.NS,211,420.6784360189573,509.0,306.3,2366885492
TOLINS.NS,251,nan,202.0,83.04,60092620
TRANSPEK.NS,102,nan,1475.0,952.3,1039314
TSLA,22,353.185,384.04,323.64,854189200
TVVISION.NS,24,3.810833333333333,4.79,3.23,1041713
VAML.NS,24,451.20208333333335,487.7,428.3,193779134
VCL.NS,24,1.7545833333333334,2.45,1.17,19539994
VELJAN.NS,14,1809.7642857142857,1890.0,1750.3,7790
VIKRAN.NS,24,63.76,74.69,56.8,37159663
WEIZMANIND.NS,24,76.44208333333334,80.5,70.86,19475
XELPMOC.NS,24,80.73416666666667,85.0,74.0,281416
20MICRONS.NS,250,191.75108000000003,237.45,129.61,58186827
AGARWALEYE.NS,250,478.41880000000003,568.0,401.0,99860649
AJMERA.NS,251,nan,221.4,98.03,123353542
AKASH.NS,249,nan,36.0,22.8,6281177
ANDHRAPAP.NS,251,nan,86.89,58.0,102960795
ANMOL.NS,250,nan,17.74,8.4,21262543
ANNAPURNA.NS,249,nan,287.0,120.75,24533213
ANUP.NS,250,2053.9571972,2576.0,1422.3,11248357
ARIHANT.NS,107,nan,1225.0,39.65,689441
AROGRANITE.NS,249,nan,45.63,18.67,7281312
ARROWGREEN.NS,250,nan,824.0,341.95,14426934
ARVINDFASN.NS,251,nan,579.0,366.2,70165660
ATUL.NS,251,6342.169322709164,7180.0,5560.5,8652752
AVTNPL.NS,249,nan,97.0,53.5,41427583
AWFIS.NS,252,392.6078571428571,639.4,229.05,113302898
AXISBANK.NS,251,1270.3266932270917,1418.3,1069.0,1653866048
BAFNAPH.NS,249,nan,318.5,94.77,3152991
BAJEL.NS,252,179.96904761904764,226.69,135.1,174834663
BALRAMCHIN.NS,252,512.0980158730158,780.95,393.55,301093898
BALUFORGE.NS,252,nan,697.0,341.05,258224503
BASML.NS,250,nan,31.9,17.05,36613666
BECTORFOOD.NS,251,220.78633466135463,285.04,165.0,481820015
BNAGROCHEM.NS,19,nan,249.0,201.4,231597
BUILDPRO.NS,169,nan,1380.0,636.0,14477447
BYKE.NS,249,nan,73.4,26.25,20248000
CLEAN.NS,251,847.5962151394422,1212.0,652.0,91780231
COMPEAU.NS,19,nan,420.0,318.0,46013
CRAMC.NS,228,266.73842105263157,353.4,214.2,267957791
CROMPTON.NS,251,nan,320.15,217.4,841501466
CYBERTECH.NS,250,nan,274.8,95.3,41939981
CYIENTDLM.NS,251,nan,1009.0,265.2,162368727
DABUR.NS,252,467.6555555555555,548.4,368.05,530945113
DBREALTY.NS,252,120.9719444444444,183.9,83.5,423614706
DDEVPLSTIK.NS,251,nan,360.0,185.15,35781262
DHARMAJ.NS,250,nan,353.0,210.65,13256895
DIACABS.NS,251,nan,379.0,115.57,810573793
DIAMINESQ.NS,249,nan,377.1,208.01,2701882
DPSCLTD.NS,250,nan,13.31,6.84,34136391
DSFCL.NS,144,nan,52.5,17.28,12201793
EIEL.NS,252,204.09027777777771,276.1,134.71,620877493
EIFFL.NS,249,nan,381.96,204.98,9548673
EIMCOELECO.NS,249,nan,2380.0,1405.5,18131443
ELECTHERM.NS,250,nan,1277.0,551.0,12691583
EXPLEOSOL.NS,250,nan,1175.1,640.0,17780377
FCL.NS,252,30.063837301587306,62.4,19.1,3227934337
GLOBUSSPR.NS,250,nan,1252.8,800.05,31712050
GOLDENTOBC.NS,249,nan,37.5,20.34,602947
GRANDOAK.NS,19,nan,40.99,34.1,102709
VIRAT.NS,14,419.75,494.4,268.05,267595
RATNAMANI.NS,250,nan,3345.0,1936.5,15010333
RBZJEWEL.NS,250,nan,204.7,100.0,67671351
REDINGTON.NS,252,269.8054365079365,403.25,191.31,1701017083
RENUKA.NS,252,25.696706349206348,33.3,21.05,2027224898
RISHABH.NS,249,nan,852.0,315.0,38531140
RTSPOWR.NS,19,nan,113.0,80.3,50061
RVTH.NS,251,nan,1300.0,491.1,411153
SAHYADRI.NS,249,nan,402.7,200.1,2331877
SAKAR.NS,251,588.3900398406375,1211.0,328.2,28823864
SAMMAANCAP.NS,252,155.48694444444445,192.95,129.0,4244389980
SANDHAR.NS,251,560.6478087649402,763.2,424.0,80006827
SETCO.NS,250,nan,28.62,11.56,34667022
SETUINFRA.NS,250,0.49444,0.77,0.37,14507394
MAXIND.NS,249,nan,241.57,120.0,22089861
MCLEODRUSS.NS,249,nan,78.41,28.5,137731505
MFSL.NS,251,nan,1892.5,1433.6,175942404
MOHITIND.NS,249,nan,39.89,18.6,5460957
MONTECARLO.NS,250,599.8259999999999,860.95,464.0,12670297
MSTCLTD.NS,252,nan,805.0,362.15,129762803
MUFTI.NS,251,nan,122.0,63.06,39247847
NAHARCAP.NS,249,nan,307.0,191.0,1522486
NAVINFLUOR.NS,251,6522.405180079681,8949.5,4498.5,54370421
NAVKARURB.NS,250,nan,2.93,0.7,423107521
NDGL.NS,249,nan,4050.0,2100.0,65626
NFL.NS,251,80.26011952191236,101.4,63.35,349497029
NILASPACES.NS,251,nan,20.47,11.35,184407170
NIRAJ.NS,250,nan,51.98,20.15,24460661
NOIDATOLL.NS,250,nan,7.43,2.87,50327947
NUVOCO.NS,252,nan,453.25,276.25,186304058
OIL.NS,252,449.2746031746032,531.0,392.45,1028762993
OILCOUNTUB.NS,250,nan,83.69,35.65,15231214
OMINFRAL.NS,250,nan,144.0,71.5,37776605
PETRONET.NS,251,nan,326.4,235.35,741527552
PGHH.NS,251,10922.320717131473,14509.0,7507.5,3037536
PNCINFRA.NS,251,233.1615537848605,325.0,158.17,122678243
PRUDENT.NS,250,nan,4105.5,2121.0,9427260
PUNJABCHEM.NS,249,nan,1533.9,876.6,5197040
PVRINOX.NS,252,1055.8228174603175,1284.5,907.4,97445100
SKMEGGPROD.NS,252,nan,372.0,143.1,126915820
INDIACEM.NS,251,nan,485.8,342.35,130471025
INDIANHUME.NS,250,nan,432.0,279.8,25002598
INDORAMA.NS,252,48.37063492063492,90.0,29.0,99850753
INGERRAND.NS,252,nan,4955.0,3063.3,4779125
INSPIRISYS.NS,249,nan,133.9,69.92,3093732
IOB.NS,252,35.540238095238095,41.8,31.2,1659218012
IRIS.NS,249,nan,388.1,203.0,7702009
ITI.NS,251,nan,372.85,237.0,644045311
JINDALPHOT.NS,249,nan,1616.6,971.1,5719795
JINDALPOLY.NS,251,nan,1026.45,365.0,45445409
JMFINANCIL.NS,251,138.2164541832669,184.54,112.0,880304666
JWL.NS,252,nan,358.25,235.65,932223102
JYOTHYLAB.NS,252,nan,328.05,188.1,159683302
KAJARIACER.NS,252,nan,1293.8,869.6,68256441
KALPATARU.NS,251,nan,429.3,258.0,30894652
KAVDEFENCE.NS,252,74.77325396825397,162.87,51.51,46222676
KIOCL.NS,252,384.1285714285713,634.55,290.65,138732614
KOKUYOCMLN.NS,251,nan,117.93,71.05,10864896
KOTARISUG.NS,251,nan,39.94,22.5,20361611
KSHINTL.NS,182,nan,1198.0,330.4,78162002
KSL.NS,252,794.453373015873,992.6,574.0,13698242
KSOLVES.NS,251,nan,353.99,245.75,15848798
KUANTUM.NS,249,nan,121.29,65.01,19521959
LASA.NS,248,8.721250000000001,14.08,5.67,12570764
LASERPOWER.NS,42,nan,343.5,250.0,146538305
LAXMICOT.NS,250,nan,25.48,11.36,9040549
LAXMIDENTL.NS,252,nan,377.05,155.88,88992867
LIBERTSHOE.NS,250,nan,404.95,210.5,11285350
LINDEINDIA.NS,250,nan,8049.0,5673.0,10379519
LKPSEC.NS,19,nan,18.43,14.01,266725
LOTUSEYE.NS,249,nan,147.0,97.59,6576652
MADHAVIPL.NS,19,nan,8.47,6.95,2894751
MAHABANK.NS,252,nan,94.5,53.52,4929647109
MARATHON.NS,251,nan,685.4,344.05,31325794
GREENLAM.NS,249,nan,278.63,197.59,43397178
GRPLTD.NS,249,nan,2360.6001,1500.0,731413
GSPCROP.NS,120,472.6479166666666,667.95,328.0,48172428
HAPPYFORGE.NS,252,nan,2470.0,888.75,19790031
HBESD.NS,19,nan,81.99,70.1,15458
HCLTECH.NS,252,1402.0392857142858,1780.1,1030.0,814052000
HILTON.NS,250,nan,56.65,13.43,70065126
HINDADH.NS,19,nan,402.65,342.0,337402
HMVL.NS,249,nan,108.16,55.2,15684683
HNDFDS.NS,251,nan,677.75,442.0,15922846
ICEMAKE.NS,251,nan,920.0,660.3,8031177
ICICIGI.NS,251,1830.7852589641438,2064.8999,1443.7,193777757
QUICKHEAL.NS,252,213.3430952380952,371.4,125.0,138241791
RAINBOW.NS,250,nan,1610.0,1084.0,38236394
RAJRATAN.NS,251,nan,563.95,305.55,52327407
SHEKHAWATI.NS,250,nan,25.75,9.12,13203320
SHIVAAGRO.NS,19,nan,45.9,37.0,103392
MSL.NS,19,nan,160.0,134.5,7564
IGCL.NS,251,nan,114.8,49.46,40584884
SPENCERS.NS,251,nan,61.4,24.38,23942408
SSDL.NS,251,nan,91.69,46.15,9001270
STARCEMENT.NS,250,nan,279.55,180.12,72771370
SUDARSCHEM.NS,251,nan,1603.0,726.4,58707555
SUPREMEINF.NS,250,nan,113.0,58.11,16569653
SUVEN.NS,251,nan,403.35,124.11,200773547
SWSOLAR.NS,251,210.8490438247012,272.8,148.0,597832304
SYMPHONY.NS,251,nan,970.45,564.0,29264934
TAKE.NS,250,nan,50.14,10.09,229585662
TERASOFT.NS,251,nan,598.0,245.0,5782239
TERAI.NS,19,nan,140.0,103.0,7253
TOUCHWOOD.NS,249,83.70570281124499,128.0,57.6,1740937
TREEHOUSE.NS,250,nan,11.0,5.52,9488545
TRIDENT.NS,251,nan,30.94,21.98,1780377394
TRIVENI.NS,251,nan,490.1,220.05,147845457
UMIYA-MRO.NS,24,91.70749999999998,105.9,86.25,603155
UNIVASTU.NS,24,156.88500000000002,178.98,128.02,4123716
UYFINCORP.NS,24,20.012500000000003,22.34,18.72,9815254
VERANDA.NS,24,247.3629166666667,267.45,226.1,20245729
VGL.NS,24,58.623333333333335,64.5,51.35,733755
VIPULLTD.NS,24,14.295833333333334,16.39,10.9,4001668
VIVOBIOT.NS,14,18.704285714285714,20.44,17.51,243440
VMM.NS,24,107.85625,115.4,102.34,374571232
WEALTH.NS,24,882.9770833333333,947.8,828.75,44011
ZENTEC.NS,24,1824.2708333333333,2043.7,1656.0,11990234
3PLAND.NS,250,nan,47.5,28.51,1469460
ADL.NS,249,nan,109.9,50.26,865595
ADVIKCA.NS,19,nan,1.26,0.91,6533902
AEGISVOPAK.NS,252,nan,311.49,158.0,289925131
AERONEU.NS,250,nan,112.94,63.21,12698463
AGL.NS,51,14.246666666666664,22.0,12.03,242744072
AIAENG.NS,249,nan,5180.0,3002.0,19819598
AJAXENGG.NS,251,nan,697.55,394.8,21256498
AKI.NS,249,nan,10.48,3.8,41289460
AKSHAR.NS,251,nan,0.76,0.36,335332418
AKSHOPTFBR.NS,250,nan,9.01,3.82,73359609
ALIVUS.NS,250,nan,1493.8,819.0,30223781
AMBUJACEM.NS,252,486.37103174603175,600.8,387.65,661652652
ANUHPHR.NS,251,nan,99.5,67.0,17184195
ARENTERP.NS,249,nan,60.79,30.01,1088250
ARFIN.NS,250,nan,106.2,41.6,322078101
ASIANTILES.NS,252,nan,79.06,42.5,1118104705
ASMS.NS,250,nan,17.03,6.66,274295927
AVONMORE.NS,250,nan,22.0,9.05,66205380
AXTEL.NS,19,nan,454.8,385.0,95533
AZADIND.NS,19,nan,98.99,83.25,624124
BAIDFIN.NS,249,nan,12.98,8.8,31636448
BBOX.NS,252,nan,1103.0,443.05,148668149
BCPL.NS,118,72.93762711864407,92.0,60.0,3813537
BERGEPAINT.NS,251,506.37290836653386,594.55,391.1,118417231
BI.NS,19,nan,111.51,85.0,2633184
BILVYAPAR.NS,250,nan,14.7,3.8,2580213
BIRLANU.NS,249,nan,2012.4,1190.1,5461693
BLIL.NS,19,71.79526315789474,73.4,67.79,1501378
BLKASHYAP.NS,251,nan,71.31,40.32,153233397
BLS.NS,252,283.91785714285714,372.45,218.9,864486116
BLUECOAST.NS,249,nan,71.47,18.57,1336042
BLUEJET.NS,252,519.7964285714286,721.0,325.0,172322488
BSOFT.NS,252,359.64186507936495,474.0,270.2,421226939
CAMPUS.NS,251,250.11250996015934,289.05,210.98,153120779
CGPOWER.NS,252,774.9628968253969,980.9,525.5,846496722
CGVAK.NS,19,nan,163.7,136.62,53152
COALINDIA.NS,252,421.97162698412694,491.25,369.6,2400546148
CYIENT.NS,252,nan,1284.7,750.3,133501790
DANGEE.NS,249,nan,5.08,2.54,28435609
DBCORP.NS,250,nan,287.9,184.51,46267718
DBEIL.NS,252,nan,18.56,5.151,281277732
DBOL.NS,250,nan,139.0,69.0,42938885
DIGISPICE.NS,250,nan,35.5,14.82,29951806
DIVGIITTS.NS,249,nan,1329.8,573.7,24517214
DIVISLAB.NS,251,nan,9615.0,5636.5,96642786
DODLA.NS,249,nan,1487.4,964.1,9830979
DONEAR.NS,250,91.27228000000001,116.51,77.6,11397356
EIHAHOTELS.NS,250,334.866,416.0,266.65,5227772
EKI.NS,19,nan,82.5,68.13,247876
EMUDHRA.NS,250,nan,710.1,364.55,40659091
FIBERWEB.NS,249,nan,49.9,25.17,9530249
FIRSTCRY.NS,252,261.3369841269841,406.0,166.95,715502066
GANDHITUBE.NS,249,nan,1010.0,681.05,3105394
GAUDIUMIVF.NS,136,nan,163.18,69.18,87549535
GENSOL.NS,251,nan,46.02,16.4,14538283
BLEL.NS,18,461.64444444444445,548.0,429.0,99200289
GLAXO.NS,251,nan,3120.7,2088.1001,22903697
GMMPFAUDLR.NS,250,nan,1352.0,735.0,38933338
GNA.NS,251,nan,601.65,295.0,60898084
GOKUL.NS,249,nan,46.8,31.0,23414058
VINCOFE.NS,24,159.47833333333335,189.4,143.4,76983925
WAAREERTL.NS,24,884.55625,924.0,844.5,2325366
RAMCOIND.NS,251,314.61039840637454,398.05,230.65,95975706
RETAIL.NS,250,nan,43.79,15.81,3110396
RICOAUTO.NS,252,118.63825396825398,157.99,78.92,1075896756
RKDL.NS,250,nan,32.48,16.3,6413652
RKEC.NS,251,nan,81.5,18.27,15102195
RMDRIP.NS,251,nan,72.2167,14.81,662115024
ROML.NS,250,nan,62.0,35.11,4679903
RUBYMILLS.NS,249,nan,488.3,169.02,11251768
RUCHINFRA.NS,249,nan,8.25,4.05,24664471
RVHL.NS,249,nan,71.36,28.5,8187063
SALSTEEL.NS,249,48.60164658634539,86.25,26.1,51455082
SATIN.NS,250,181.74444,274.14,135.81,112163059
MVGJL.NS,249,171.07759036144577,233.99,129.1,25891849
NDRAUTO.NS,250,819.9808000000003,1186.6,605.05,7961616
NORBTEAEXP.NS,249,nan,99.35,47.5,907535
NSLNISP.NS,251,nan,53.75,33.01,1602375154
NTPCGREEN.NS,252,96.3951984126984,119.95,84.0,1849281877
ONMOBILE.NS,251,nan,84.0,40.21,145692444
ORICONENT.NS,250,nan,73.12,48.81,39873079
ORIENTELEC.NS,251,nan,217.51,149.05,154334628
PAISALO.NS,252,46.90166666666667,84.6,30.0,2613749026
PARKHOSPS.NS,186,230.00215053763438,305.0,138.1,231191278
PBMPOLY.NS,19,nan,72.2,56.53,8512
PRAENG.NS,249,nan,33.88,17.0,16382984
PRESTIGE.NS,252,1529.6142857142859,1805.2,1090.0,186930860
PRITI.NS,249,nan,85.0,31.5,5441766
PRUDMOULI.NS,249,nan,38.98,11.26,13066571
PTL.NS,250,39.46748,43.77,36.1,12503094
SOLARWORLD.NS,238,nan,388.5,137.31,129199590
INDIGO.NS,250,5037.3648036,5970.0,3895.2,347013319
INDOFARM.NS,251,nan,271.69,110.7,90582047
INOXGREEN.NS,251,190.78856573705178,279.0,132.58,492865719
INTLCONV.NS,251,nan,114.54,60.0,34411267
IREDA.NS,252,131.34992063492066,163.35,108.65,1969655118
IRFC.NS,251,106.14426294820717,137.17,80.1,3201775220
IVALUE.NS,241,nan,340.0,207.35,97166940
JAYKAY.NS,195,nan,219.7,115.52,47999548
JHS.NS,251,nan,13.9,6.26,32397324
JINDALSTEL.NS,251,nan,1306.2,977.1,332221990
JINDRILL.NS,251,561.6928286852591,704.4,440.1,324628358
JPM,22,357.41136363636366,366.5,348.69,120716500
JPOLYINVST.NS,249,nan,1487.7,852.1,11858643
KAMANWALA.NS,19,nan,19.51,15.0,645084
KAPSTON.NS,251,nan,600.0,238.76,8491850
KAUSHALYA.NS,249,nan,1435.95,750.0,152398
KEYFINSERV.NS,250,nan,382.1,220.0,2373002
KPRMILL.NS,251,nan,1334.0,796.1,123122632
KRISHNADEF.NS,250,nan,1400.0,665.0,29985726
KSHITIJPOL.NS,249,nan,7.2,1.88,253590698
LAL.NS,249,nan,12.77,5.56,19164168
LANCORHOL.NS,250,nan,41.75,18.12,35885102
LENSKART.NS,213,507.337558685446,703.5,356.1,1341059709
LGBBROSLTD.NS,251,nan,2048.0,1314.9,16915668
LIKHITHA.NS,251,nan,272.0,131.45,21847668
MAHEPC.NS,251,122.18665338645417,160.8,91.91,10013738
MANAKALUCO.NS,251,33.01254980079681,68.12,21.73,57692053
MARICO.NS,251,nan,889.1,690.3,457597578
MASTERTR.NS,251,nan,164.5,55.6,242096071
MCCHRLS-B.NS,19,nan,799.0,625.1,12151
HARSHA.NS,250,nan,470.95,313.3,27934834
HINDUNILVR.NS,251,2275.399206772908,2667.2,1926.2,425795838
HLVLTD.NS,250,nan,12.6,5.6,82573978
HORIZONIND.NS,15,56.153333333333336,60.25,53.75,174024051
ICIL.NS,251,nan,474.65,216.9,202101322
RRIL.NS,19,nan,18.48,15.06,564579
SHARDACROP.NS,251,916.3683266932271,1297.0,755.55,95701213
SHILCTECH.NS,203,nan,5399.0,2852.5,6702554
SHILPAMED.NS,252,nan,980.1,259.5,220826666
SHIVATEX.NS,249,nan,217.92,126.06,2236409
SHREEJISPG.NS,252,411.88047619047614,721.5,222.0,269414110
SHRIKRISH.NS,17,nan,42.87,35.6,13540
SHRIPISTON.NS,250,nan,4785.7998,2525.8,24283954
SHUKRAPHAR.NS,21,nan,58.2,40.06,48813879
SICALLOG.NS,250,nan,122.5,60.11,7565222
SIGNPOST.NS,250,nan,336.8,191.41,55277242
SIKA.NS,19,1011.7105263157895,1111.0,962.5,1156156
SILVERTUC.NS,251,346.28932270916346,1117.45,100.5,153912910
MERCANTILE.NS,18,24.67611111111111,29.37,22.25,2781105
IGPL.NS,249,417.49718875502003,590.0,315.0,10732115
SHRADDHA.NS,19,nan,179.0,142.0,138437
SPIC.NS,250,75.21988,112.69,55.1,157166576
SRF.NS,251,nan,3210.0,2355.0,119364800
SRHHYPOLTD.NS,250,nan,624.3,382.4,2845083
STEELXIND.NS,251,nan,13.95,7.0,717818728
SUNTECK.NS,251,363.23984063745013,472.5,270.75,97172987
SURAJLTD.NS,250,nan,348.65,192.0,2811525
SURYAROSNI.NS,252,nan,314.5,187.35,158487156
SYRMA.NS,251,nan,1660.0,634.5,374807771
SYSTMTXC.NS,236,nan,177.9,51.89,58359675
TARACHAND.NS,250,nan,103.67,46.01,47933820
TARIL.NS,252,326.7893650793651,552.0,224.05,1166979404
TATAINVEST.NS,252,699.5694444444445,1184.7,538.85,592832234
TATAPOWER.NS,252,389.0287698412698,464.9,342.5,1349426594
TECHM.NS,252,1505.2293650793652,1854.0,1304.1,565369121
TEXINFRA.NS,250,101.20447999999998,121.3,82.5,37831599
TIIL.NS,249,nan,3565.3,1868.5,4978161
TIJARIA.NS,250,nan,9.54,3.55,21854645
TIL.NS,250,nan,371.95,161.25,76489952
TINNARUBR.NS,251,nan,1322.0,527.45,16770724
UCAL.NS,24,137.83416666666668,163.8,112.0,1533182
UNICHEMLAB.NS,24,531.7791666666667,600.0,482.3,7315046
VEDPOWER.NS,24,36.02791666666666,38.35,34.13,463205709
VENUSREM.NS,24,1657.6833333333334,1870.5,1446.9,954412
VIPIND.NS,24,307.8500000000001,329.65,294.35,8579065
VSTL.NS,24,109.98708333333333,118.35,101.0,380666
WAAREEENER.NS,24,2660.5416666666665,2730.0,2552.5,11318434
WENDT.NS,24,8115.958333333333,8682.5,7888.0,172960
WIPRO.NS,24,181.70374999999999,189.4,175.72,194054244
ZFSTEERING.NS,24,667.9625,695.0,650.05,108445
ZODIACLOTH.NS,24,74.74208333333333,78.47,71.43,95507
ZUARIIND.NS,24,268.34999999999997,297.0,252.4,2164442
63MOONS.NS,251,718.6625498007968,966.0,467.0,90423503
ABMKNO.NS,19,nan,200.0,180.0,18218
ADROITINFO.NS,249,nan,12.2,7.55,14303897
AGARIND.NS,249,nan,1006.0,360.0,23272390
AHLEAST.NS,249,nan,175.3,127.25,1408597
APTUS.NS,251,nan,343.55,193.03,369579926
ASTRAZEN.NS,250,nan,9849.5,6750.0,2606649
AUBANK.NS,251,963.7741035856574,1144.1,698.3,588238608
BAGFILMS.NS,252,nan,8.0,3.61,30248039
BBTCL.NS,249,201.10819277108433,262.0,156.0,1908566
BIOFILCHEM.NS,250,34.76872000000001,46.34,25.6,10538447
BIRLAPREC.NS,19,nan,62.0,35.65,8957998
BLUSPRING.NS,251,nan,139.8,43.98,136697483
BNALTD.NS,18,nan,415.7,355.1,16605
BOROSCI.NS,251,nan,180.8,96.64,34526722
BURNPUR.NS,251,nan,33.0,11.13,2551765
CAPITALSFB.NS,250,nan,323.7,206.55,10110536
CARYSIL.NS,252,nan,1280.9,732.1,31933205
CCAVENUE.NS,251,16.252669322709167,20.5,12.92,3281734824
CERA.NS,250,nan,6740.0,4461.1001,4438601
CFEL.NS,18,nan,49.41,28.16,1984470
CONTROLPR.NS,249,nan,899.0,517.0,12460064
CPPLUS.NS,252,2242.9468277777773,4094.0,1227.0,67015818
CRAFTSMAN.NS,249,8090.664658634538,11999.0,6324.0,17686435
CREST.NS,249,nan,418.0,298.15,3366073
DATAPATTNS.NS,251,3469.1976175298814,5000.0,2131.0,219645861
DCMNVL.NS,251,nan,198.58,95.6,3939580
DEEPAKNTR.NS,250,nan,1904.4,1280.0,53306622
DOLATALGO.NS,250,nan,95.76,64.96,94269158
DREAMFOLKS.NS,250,nan,160.0,56.0,40871600
DWARKESH.NS,250,nan,59.9,32.13,460731816
EASTSILK.NS,251,nan,99.25,37.19,445273
ELANTAS.NS,102,nan,14769.0,8900.0,271529
ELECTCAST.NS,251,nan,103.95,60.15,540841526
ELLEN.NS,251,nan,559.8,175.0,101952541
ESTER.NS,252,nan,132.45,68.55,38798489
EVERESTIND.NS,249,470.98815261044194,750.0,284.9,5209007
FACT.NS,251,856.6123505976095,1058.6,652.1,164709619
FAZE3Q.NS,250,nan,650.05,322.1,18328179
FEDFINA.NS,252,nan,178.48,119.07,332627506
FIEMIND.NS,251,nan,2674.8,1868.5,19238568
FOODSIN.NS,250,nan,94.26,44.0,30717615
FORCEMOT.NS,251,nan,26450.0,14911.0,24917861
GALLANTT.NS,250,624.9666,948.0,496.25,238528082
SUNSHINE.NS,14,438.6392857142858,524.95,363.6,62467513
GIPCL.NS,251,nan,211.71,119.9,105518792
GKENERGY.NS,240,140.7684583333333,239.6,87.2,272352241
GOCLCORP.NS,251,nan,459.9,223.35,45825892
VIRINCHI.NS,24,15.17,16.0,14.0,1536182
RALLIS.NS,252,254.11694444444447,344.4,200.52,208620818
REGAAL.NS,251,nan,111.88,57.27,239911478
ROSSARI.NS,251,539.9713147410359,690.3,375.0,27225262
RPOWER.NS,252,30.761111111111116,50.73,20.17,10631861005
RVNL.NS,251,288.3183665338645,400.7,202.04,1801892332
SAKUMA.NS,251,nan,3.1,1.1,353377476
SANATHAN.NS,251,nan,551.95,352.6,10203348
SASKEN.NS,250,nan,2780.2,991.0,19720237
SAURASHCEM.NS,251,nan,116.74,47.65,36233423
SEPC.NS,251,8.239721115537849,13.73,4.65,5337119493
SGL.NS,249,11.933092369477912,20.79,8.4,8369293
SGMART.NS,250,nan,860.6,313.1,87457678
SHADOWFAX.NS,158,nan,268.65,98.55,774011549
MICEL.NS,251,nan,77.18,29.97,554900257
MIDWESTLTD.NS,222,nan,1859.9,1005.5,24777774
MODIRUBBER.NS,250,nan,167.5,98.41,4537239
MOTILALOFS.NS,252,nan,1097.1,614.9,285052910
MTARTECH.NS,251,4481.308763346614,8714.0,1483.0,179960486
NAM-INDIA.NS,252,986.2434523809525,1269.5,795.8,248802185
NDTV.NS,251,nan,134.5,58.75,120775029
NETWORK18.NS,252,37.50083333333333,58.1,26.35,1137087679
NILE.NS,19,nan,1560.1,1437.1,61692
NITTAGELA.NS,101,nan,2087.2,882.0,1495344
OMAXAUTO.NS,250,nan,263.4,84.5,27098951
OMPOWER.NS,106,nan,206.0,158.01,26094281
OPTIFIN.NS,19,nan,16.0,11.41,1629955
ORKLAINDIA.NS,215,nan,760.0,533.25,48204489
PANACEABIO.NS,252,nan,647.0,292.4,136989193
PARNAXLAB.NS,19,nan,149.5,104.0,66274
PFOCUS.NS,250,245.33932000000001,367.0,161.01,822668491
PFS.NS,251,nan,40.5,23.85,221658600
PILITA.NS,249,nan,15.9,6.2,30026153
POWERICA.NS,115,nan,676.95,365.1,45477679
PRAKASH.NS,252,138.75575396825397,177.0,110.24,138890143
PTC.NS,252,171.96515873015872,229.51,149.59,364315515
SJVN.NS,251,75.79402390438247,95.58,63.02,1150844267
SMLT.NS,251,nan,122.85,56.61,5629359
IMFA.NS,251,nan,1679.9,1003.85,53615051
INA.NS,131,nan,161.81,79.75,182315017
INDIASHLTR.NS,250,nan,924.0,620.15,35014685
INDOTHAI.NS,250,264.89651999999995,466.35,35.75,275709313
INFY.NS,252,1336.7388888888888,1728.0,982.4,2832952799
INSECTICID.NS,250,nan,800.6,518.6,7157450
INTELLECT.NS,252,nan,1244.6,595.2,128645331
JENBURPH.NS,19,1039.3315789473686,1073.9,998.6,23406
JSL.NS,251,nan,884.0,652.25,169001900
JUBLCPL.NS,251,nan,2790.0,1460.0,2103833
JUNIPER.NS,252,nan,312.5,188.5,47162169
KAMDHENU.NS,251,26.83342629482071,40.95,16.15,355693614
KNRCON.NS,252,nan,220.0,108.65,634296449
KOTAKBANK.NS,252,404.36317460317457,453.2,345.5,4081337847
KOTHARIPRO.NS,250,nan,109.0,58.0,15791788
KREBSBIO.NS,249,nan,82.49,38.33,3283034
KRN.NS,252,nan,1687.0,589.8,158292830
KRONOX.NS,251,nan,223.42,96.0,57164748
LGEINDIA.NS,230,nan,1755.0,1304.1,277366054
LINCOLN.NS,249,573.3192771084339,770.0,440.0,17309262
LLOYDSENT.NS,251,nan,84.7,40.69,935870589
MAGNUM.NS,250,nan,29.55,16.25,16385283
MALLCOM.NS,249,nan,1520.0,929.0,1682753
MANUGRAPH.NS,249,nan,24.0,9.65,4573340
HCL-INSYS.NS,252,nan,16.5,9.01,73553568
HDIL.NS,249,nan,3.25,1.45,32871895
HINDOILEXP.NS,252,156.14968253968254,201.44,117.5,263031413
HMT.NS,249,nan,72.95,41.0,3989872
RACE.NS,249,nan,250.0,84.11,3622030
SHAREINDIA.NS,251,nan,212.33,115.36,478145582
SHERVANI.NS,18,nan,367.4,303.35,11443
SIGMAADV.NS,251,nan,832.45,140.1,70855107
SILGO.NS,250,nan,86.2,61.0,53998799
SITINET.NS,250,nan,0.51,0.27,146015970
ODYCORP.NS,19,nan,8.48,6.11,1460583
IDBI.NS,252,89.80488095238096,118.38,61.01,4062649101
IFGLEXPOR.NS,251,202.26227091633464,338.0,119.68,34478256
KMCSHIL.NS,19,nan,146.0,131.45,1900210
SPARC.NS,252,162.91273809523813,289.0,108.0,810351611
STYL.NS,239,nan,437.45,209.11,64229012
STYLAMIND.NS,251,2511.680878884462,4150.0,1621.0,17301079
SUPTANERY.NS,19,nan,16.21,7.15,7913338
SWELECTES.NS,249,652.8646586345382,977.0,483.1,10684201
TARSONS.NS,251,nan,375.0,164.45,115119048
TCIEXP.NS,249,567.0728915662652,780.0,447.55,17743812
TCPLPACK.NS,250,nan,4410.8999,2200.0,1991735
THOMASCOOK.NS,251,nan,180.2,86.35,423162204
TICL.NS,251,nan,33.99,7.03,182558757
TIRUPATIFL.NS,249,nan,83.9,30.11,129718178
TREJHARA.NS,249,nan,284.85,128.4,6086410
TTKPRESTIG.NS,251,nan,771.2,423.0,64672119
UEL.NS,24,216.47833333333332,284.2,157.1,642754
UFBL.NS,24,768.43125,850.0,658.55,3191369
UNIDT.NS,24,225.79625000000001,242.98,204.2,195141
UNIECOM.NS,24,86.60916666666667,94.33,83.6,11223551
UNIONBANK.NS,24,184.79416666666665,192.33,172.44,265541938
UPHOT.NS,14,1415.4642857142858,1500.0,1331.0,488
URAVIDEF.NS,24,110.63041666666668,127.0,101.0,172738
VAIBHAVGBL.NS,24,228.95125,272.95,214.1,9197154
VIJAYA.NS,24,1464.375,1573.0,1340.0,5238315
VINYLINDIA.NS,24,237.36541666666668,250.51,222.7,168278
VLSFINANCE.NS,24,253.11333333333334,277.0,241.65,363277
WAAREEINDO.NS,24,292.47291666666666,345.45,261.2,2195700
WABAG.NS,24,1993.0041625000001,2215.0,1861.9,13929192
WHEELS.NS,24,1479.966666666667,1778.7,1342.0,2801214
ZENITHEXPO.NS,24,211.94791666666666,257.8,192.0,28654
^IXIC,251,24149.471341035856,27190.2109,20690.25,2281165856000
AGIIL.NS,252,301.9829761904761,434.4,224.7,456515821
AGROPHOS.NS,250,nan,47.47,21.0,6778424
AHLUCONT.NS,251,nan,1077.95,582.65,25557899
ALKYLAMINE.NS,251,1707.4796816733062,2116.8,1212.0,32045405
ALPHAGEO.NS,250,nan,368.0,164.8,4415413
AMAL.NS,19,753.021052631579,822.0,730.3,151677
AMANTA.NS,251,nan,209.95,92.0,39157859
AMBIKCO.NS,250,nan,1931.0,1101.0,3047652
AMDIND.NS,250,48.619800000000005,68.07,33.77,9965597
ANGELONE.NS,251,277.54729083665336,360.45,208.63,2152061165
ANURAS.NS,251,nan,1415.0,1045.2,81842854
APCL.NS,249,nan,148.78,97.25,2200633
APOLLOHOSP.NS,251,nan,9050.0,6696.5,92534660
AQYLON.NS,250,nan,1714.9,19.66,394029842
ARCL.NS,19,nan,249.9,216.89,12996
ARSHIYA.NS,249,nan,2.19,0.68,46421789
ARSSBL.NS,239,nan,794.85,416.0,179336178
ARVIND.NS,252,nan,607.15,277.9,167627184
ASAHIINDIA.NS,251,914.0272908366533,1074.0,775.1,56707684
ASTRAMICRO.NS,252,1214.4440476190478,1960.0,851.0,140877148
BALMLAWRIE.NS,251,182.7480079681275,238.2,148.36,45287035
BHARATSE.NS,252,nan,263.18,133.6,142036148
BIRLACORPN.NS,251,1022.4521912350599,1346.1,769.6,22676245
BPLPHARMA.NS,19,nan,1649.0,1201.1,41065
BRNL.NS,250,nan,26.5,16.06,26509594
BTML.NS,249,7.507710843373492,10.5,5.06,120513421
CAMLINFINE.NS,251,144.4709561752988,235.0,96.21,286231256
CARERATING.NS,250,1614.7139999999997,1838.0,1392.7,13059250
CASTROLIND.NS,252,nan,210.75,170.1,470520288
CCCL.NS,249,nan,28.87,12.76,176801143
CCHHL.NS,249,nan,19.5,10.03,8343560
CDSL.NS,251,1386.7270916334662,1673.7,1116.3,443111653
CHAMBLFERT.NS,251,nan,559.0,399.75,210738007
CMPDI.NS,117,228.55410256410255,283.69,150.16,492977575
COMPINFO.NS,249,nan,2.37,0.91,6756860
CROWN.NS,249,nan,186.0,100.11,4969142
CUB.NS,252,199.6755654761905,248.85,150.0525,903420158
CYBERMEDIA.NS,249,nan,28.45,11.3,7018481
DALMIASUG.NS,250,346.0549999999999,520.0,261.4,112573670
DAMCAPITAL.NS,252,180.0421825396825,286.0,119.22,170268789
DATAMATICS.NS,252,nan,1010.0,632.0,41471780
DCXINDIA.NS,251,193.78095617529883,286.0,153.3,460330411
DEVIT.NS,250,nan,45.0,22.25,40856191
DIAMONDYD.NS,249,nan,1245.0,858.9,14878963
DRAGARWQ.NS,19,nan,5500.0,5151.0,23714
DRREDDY.NS,252,1253.006746031746,1414.9,1101.0,487299085
ECLERX.NS,251,nan,2497.5,1320.0,73728909
EMAMILTD.NS,252,nan,614.0,361.15,163663511
ENGINERSIN.NS,251,nan,289.65,163.55,1212696168
ETERNAL.NS,251,284.4880876494024,368.45,212.6,9307236686
FABTECH.NS,234,nan,262.8,132.7,143674400
FILATFASH.NS,252,nan,0.68,0.14,13381607242
FISCHER.NS,252,nan,124.7,31.05,407593682
FOCUS.NS,249,nan,99.9,57.06,19077796
GEEKAYWIRE.NS,251,nan,39.5,18.51,31916983
GFLLIMITED.NS,249,nan,81.0,37.25,24211136
BEEKAY.NS,19,nan,449.8,390.2,79629
GINNIFILA.NS,249,nan,57.85,31.5,27257210
GKB.NS,23,nan,88.4,60.3,50630
GOCOLORS.NS,250,nan,746.0,237.05,131868225
VHL.NS,24,3491.25415,3696.0,3332.0,22332
RESPONIND.NS,250,nan,240.9,117.25,163858311
RGL.NS,252,nan,161.2,85.0,431647353
SALASAR.NS,252,7.722539682539682,10.99,4.73,1859333784
SBC.NS,251,nan,49.38,20.97,2835493329
SCHNEIDER.NS,251,1004.3025896414343,1548.0,571.85,86453586
MAYURUNIQ.NS,249,nan,907.0,471.2,31503650
MBEL.NS,252,nan,535.9,223.05,80692103
MBLINFRA.NS,251,nan,52.48,18.37,27280480
MEESHO.NS,191,177.69047120418847,254.4,125.56,4705472585
MEIL.NS,251,nan,547.9,206.26,21271442
MENONBE.NS,250,nan,323.95,101.5,26368248
MERCURYEV.NS,74,nan,44.05,30.16,20788487
MODIS.NS,207,nan,429.05,276.0,11064216
MONARCH.NS,250,nan,406.95,235.45,37226914
NAHARPOLY.NS,250,nan,338.8,200.0,4171027
NAVNETEDUL.NS,251,nan,166.0,121.5,57060374
NIITMTS.NS,250,nan,443.9,203.3,61071212
NILKAMAL.NS,250,nan,2149.5,1050.5,8945867
NIPPOBATRY.NS,250,nan,490.0,257.0,1873281
NITINSPIN.NS,251,nan,665.5,302.2,71572582
NLCINDIA.NS,252,279.51178571428574,387.8,230.0,881402646
NVDA,22,220.57454545454542,234.76,207.25,2761775500
ONIDA.NS,251,nan,49.23,21.5,286231230
PATELENG.NS,251,nan,42.77,22.0,1869608346
PDSL.NS,250,nan,418.5,246.05,67648075
PILANIINVS.NS,249,nan,5980.0,4021.3,952862
PRADPME.NS,19,nan,543.9,472.1,115629
PRECWIRE.NS,251,nan,524.9,179.05,249735423
PREMIERPOL.NS,250,nan,98.8,38.0,68413548
PRIMESECU.NS,249,nan,325.0,248.0,11267889
SMCGLOBAL.NS,249,nan,95.0,54.44,257340986
INDHOTEL.NS,252,698.3386904761905,792.55,565.0,643869960
INDTERRAIN.NS,249,nan,42.62,24.56,10154987
IRMENERGY.NS,252,nan,393.0,165.4,398785269
ITL.NS,19,nan,377.0,311.1,61578
IZMO.NS,250,nan,1374.7,569.35,30351567
JNPR.NS,27,nan,282.0,232.11,129984257
KANORICHEM.NS,251,nan,180.99,56.0,7719927
KANPRPLA.NS,249,nan,283.14,151.25,6181854
KICL.NS,249,nan,6554.8999,4011.0,699940
KMSUGAR.NS,251,nan,36.5,23.3,40673500
KNAGRI.NS,249,nan,244.0,148.3,5723229
KWIL.NS,145,31.444,50.68,22.24,2750123551
LAGNAM.NS,249,nan,96.98,58.6,3894931
LANDMARK.NS,250,nan,662.8,339.5,91008424
LANDSMILL.NS,250,1.1185200000000002,1.74,0.55,985056142
LAOPALA.NS,252,nan,259.7,158.51,32520074
LIBAS.NS,249,11.156265060240964,14.3,9.02,11061920
LINC.NS,250,nan,134.9,85.01,9539474
LOYALTEX.NS,249,nan,333.99,170.04,497219
MADHAV.NS,249,nan,49.84,29.0,2255274
MAJESAUT.NS,102,nan,500.0,274.0,813809
MARKOLINES.NS,228,161.86236842105265,191.75,131.65,66108767
GREENPOWER.NS,251,nan,14.93,7.98,1135245642
GSFC.NS,252,172.8813888888889,212.9,138.83,214072911
HIKAL.NS,251,214.80199203187246,282.7,146.25,284910535
HINDWAREAP.NS,250,254.43687999999992,392.7,170.5,53169922
HONASA.NS,251,346.0655378486056,509.8,248.4,384832517
HPL.NS,251,nan,507.9,255.55,47814706
QUESS.NS,252,238.75607142857143,388.75,166.3,173682538
SHOPERSTOP.NS,252,nan,572.0,275.95,30337400
SHRENIK.NS,250,nan,0.65,0.27,186356035
SHRINGARMS.NS,247,nan,266.5,166.0,343302801
SICAGEN.NS,106,nan,74.06,24.35,5193318
SIGACHI.NS,250,27.82128,46.73,16.65,1618924891
SIMPLEXINF.NS,249,nan,330.0,137.0,35796705
SIRCA.NS,251,nan,539.0,385.0,90108695
IGARASHI.NS,252,nan,558.0,271.05,57627456
SONAMLTD.NS,249,nan,80.32,37.4,19636498
STUDDS.NS,214,nan,600.0,410.0,38149967
SUDARCOLOR.NS,250,nan,603.0,268.25,3262589
SUNDARAM.NS,250,nan,2.2,1.03,144649503
SURYODAY.NS,250,nan,218.0,115.41,221466943
SUYOG.NS,250,nan,921.15,528.0,8334935
SVPGLOB.NS,249,nan,6.89,2.18,20719922
TAALTECH.NS,19,4525.9632,5550.0,4169.3999,195397
TATACOMM.NS,251,nan,2110.0,1322.5,127893239
TBZ.NS,251,189.88055776892426,583.05,110.5,321618575
TEMBO.NS,252,nan,83.7,43.335,381337296
TITAN.NS,252,4204.66985,5186.7002,3303.1001,247439457
TNPL.NS,250,145.35224,175.75,121.51,47604419
TREL.NS,249,nan,33.51,21.47,31325032
UDS.NS,24,217.51208333333332,240.3,201.22,10376513
VESUVIUS.NS,24,434.6791666666666,465.8,403.95,1730914
VISACHROME.NS,24,38.010416666666664,42.49,35.53,4695452
WAKEFIT.NS,24,136.43958333333333,159.95,120.02,40568131
WIPL.NS,24,166.60125000000002,173.0,160.0,48476
AASTHA.NS,50,91.12039999999998,140.01,70.0,150879945
ABANSENT.NS,19,nan,32.79,26.52,182852
ABDL.NS,251,565.8970119521913,711.7,382.1,119140894
ACUTAAS.NS,251,2373.911154980079,3740.0,1302.0,100597942
ADANIPOWER.NS,252,177.83603174603175,254.2,120.0,9090845805
AEROFLEX.NS,251,294.65203187250995,584.15,158.0,498669009
AHLADA.NS,251,nan,72.0,31.22,5251523
AKG.NS,250,nan,15.07,8.06,15113715
AKUMS.NS,250,531.3792000000001,796.55,409.3,65630982
AMBER.NS,251,nan,8974.0,5400.5,83257926
AMBICAAGAR.NS,249,24.757429718875503,29.68,20.0,2990239
AMNPLST.NS,251,nan,250.0,127.0,4217261
APOLLOTYRE.NS,252,458.3736111111111,540.5,365.3,261980942
ARIES.NS,249,nan,517.9,285.35,11677820
ARTEMISMED.NS,248,261.90419354838707,362.0,203.35,59259946
ASTEC.NS,252,nan,941.75,513.4,123693226
ATAM.NS,250,nan,111.0,48.5,4993249
ATL.NS,250,26.608227600000003,40.51,18.2,84620143
AURIONPRO.NS,252,nan,1296.8,663.0,51003952
AURUM.NS,251,nan,264.64,151.9,52372292
BAJAJCON.NS,251,nan,692.0,222.78,306370570
BALAMINES.NS,252,nan,2629.8,968.1,78362474
BANCOINDIA.NS,251,nan,879.8,502.0,151230797
BONLON.NS,139,nan,57.0,34.51,1992526
BORANA.NS,250,nan,420.0,215.35,23212242
BOSCH-HCIL.NS,252,nan,1891.3,1021.3,8471578
BPL.NS,251,nan,89.32,37.61,21424731
BSL.NS,249,nan,205.0,98.0,2559062
CANTABIL.NS,249,nan,321.5,208.5,55702159
CAPTRUST.NS,249,nan,45.65,10.98,18255382
CEREBRAINT.NS,248,5.198145161290321,10.08,2.4,27769896
CHEMBONDCH.NS,251,nan,290.0,104.85,4476163
CIEINDIA.NS,249,435.828313253012,526.0,376.05,92715145
CINEVISTA.NS,250,nan,22.8,12.16,8577159
CLEANMAX.NS,134,nan,1536.0,727.1,46755529
CRIZAC.NS,252,236.91511904761904,363.45,159.95,98875666
CSLFINANCE.NS,249,nan,324.7,209.7,7758646
DEEDEV.NS,251,nan,760.0,183.0,354625332
DEEP.NS,19,nan,49.17,34.2,836502
DMCC.NS,250,nan,332.9,191.35,15374646
DPWIRES.NS,249,nan,297.7,125.02,7045297
DYCL.NS,251,nan,560.0,236.8,142221270
ESSARSHPNG.NS,250,nan,43.26,15.71,97410100
FERMENTA.NS,19,nan,537.75,442.05,1860312
GALAPREC.NS,251,857.685059760956,1260.0,671.2,9247460
GALAXYSURF.NS,249,1995.5714847389559,2648.0,1510.0,5488181
GATECH.NS,251,0.5791235059760955,1.11,0.4,3093202649
GAYAPROJ.NS,251,nan,26.04,9.51,75434781
GICRE.NS,251,374.52290836653384,417.95,340.7,182657445
AMZN,22,259.61909090909086,273.46,249.58,700979900
AVANCE.NS,19,nan,0.94,0.8,97831778
GODFRYPHLP.NS,251,2436.765735856574,3947.0,1832.1,195257490
UDAYJEW.NS,14,140.12714285714284,149.5,115.04,85797
WEL.NS,24,122.66791666666666,179.2,75.11,202451002
