"symbol","series","company_name","isin","face_value","market_lot","listing_date","_ingested_at"
"20MICRONS",EQ,"20 Microns Limited",INE144J01027,5.0,1,2008-10-06,2026-08-25 20:37:49.801000000
"21STCENMGM",EQ,"21st Century Management Services Limited",INE253B01015,10.0,1,1995-05-03,2026-08-25 20:37:49.801000000
"360ONE",EQ,"360 ONE WAM LIMITED",INE466L01038,1.0,1,2019-09-19,2026-08-25 20:37:49.801000000
"3BBLACKBIO",EQ,"3B Blackbio Dx Limited",INE994E01018,10.0,1,2026-04-20,2026-08-25 20:37:49.801000000
"3IINFOLTD",BE,"3i Infotech Limited",INE748C01038,10.0,1,2021-10-22,2026-08-25 20:37:49.801000000
"3MINDIA",EQ,"3M India Limited",INE470A01017,10.0,1,2004-08-13,2026-08-25 20:37:49.801000000
"3PLAND",EQ,"3P Land Holdings Limited",INE105C01023,2.0,1,1995-07-19,2026-08-25 20:37:49.801000000
"5PAISA",EQ,"5Paisa Capital Limited",INE618L01018,10.0,1,2017-11-16,2026-08-25 20:37:49.801000000
"63MOONS",EQ,"63 moons technologies limited",INE111B01023,2.0,1,2005-06-20,2026-08-25 20:37:49.801000000
A2ZINFRA,EQ,A2Z Infra Engineering Limited,INE619I01012,10.0,1,2010-12-23,2026-08-25 20:37:49.801000000
AAATECH,EQ,AAA Technologies Limited,INE0D0U01013,10.0,1,2022-11-28,2026-08-25 20:37:49.801000000
AADHARHFC,EQ,Aadhar Housing Finance Limited,INE883F01010,10.0,1,2024-05-15,2026-08-25 20:37:49.801000000
AAKASH,EQ,Aakash Exploration Services Limited,INE087Z01024,1.0,1,2020-09-29,2026-08-25 20:37:49.801000000
AAREYDRUGS,EQ,Aarey Drugs & Pharmaceuticals Limited,INE198H01019,10.0,1,2021-08-06,2026-08-25 20:37:49.801000000
AARNAV,BE,Aarnav Fashions Limited,INE750R01016,10.0,1,2026-02-25,2026-08-25 20:37:49.801000000
AARON,EQ,Aaron Industries Limited,INE721Z01010,10.0,1,2020-11-06,2026-08-25 20:37:49.801000000
AARTECH,BE,Aartech Solonics Limited,INE01C001026,5.0,1,2023-07-10,2026-08-25 20:37:49.801000000
AARTIDRUGS,EQ,Aarti Drugs Limited,INE767A01016,10.0,1,2003-09-19,2026-08-25 20:37:49.801000000
AARTIIND,EQ,Aarti Industries Limited,INE769A01020,5.0,1,1995-02-08,2026-08-25 20:37:49.801000000
AARTIPHARM,EQ,Aarti Pharmalabs Limited,INE0LRU01027,5.0,1,2023-01-30,2026-08-25 20:37:49.801000000
AARTISURF,BE,Aarti Surfactants Limited,INE09EO01013,10.0,1,2020-07-14,2026-08-25 20:37:49.801000000
AARVI,EQ,Aarvi Encon Limited,INE754X01016,10.0,1,2020-06-24,2026-08-25 20:37:49.801000000
AASTHA,EQ,Aastha Spintex Limited,INE2FMX01012,10.0,1,2026-07-06,2026-08-25 20:37:49.801000000
AAVAS,EQ,Aavas Financiers Limited,INE216P01012,10.0,1,2018-10-08,2026-08-25 20:37:49.801000000
ABAN,BE,Aban Offshore Limited,INE421A01028,2.0,1,1995-03-29,2026-08-25 20:37:49.801000000
ABANSENT,EQ,Abans Enterprises Limited,INE365O01028,2.0,1,2026-04-20,2026-08-25 20:37:49.801000000
ABB,EQ,ABB India Limited,INE117A01022,2.0,1,1995-02-08,2026-08-25 20:37:49.801000000
ABBOTINDIA,EQ,Abbott India Limited,INE358A01014,10.0,1,2010-01-08,2026-08-25 20:37:49.801000000
ABCAPITAL,EQ,Aditya Birla Capital Limited,INE674K01013,10.0,1,2017-09-01,2026-08-25 20:37:49.801000000
ABCOTS,EQ,A B Cotspin India Limited,INE08PH01015,10.0,1,2025-09-24,2026-08-25 20:37:49.801000000
ABDL,EQ,Allied Blenders and Distillers Limited,INE552Z01027,2.0,1,2024-07-02,2026-08-25 20:37:49.801000000
ABFRL,EQ,Aditya Birla Fashion and Retail Limited,INE647O01011,10.0,1,2013-07-17,2026-08-25 20:37:49.801000000
ABINFRA,BE,A B Infrabuild Limited,INE00YB01025,1.0,1,2024-11-08,2026-08-25 20:37:49.801000000
ABLBL,EQ,Aditya Birla Lifestyle Brands Limited,INE14LE01019,10.0,1,2025-06-23,2026-08-25 20:37:49.801000000
ABMINTLLTD,BE,ABM International Limited,INE251C01025,10.0,1,2021-09-09,2026-08-25 20:37:49.801000000
ABMKNO,EQ,ABM Knowledgeware Limited,INE850B01026,5.0,1,2026-04-20,2026-08-25 20:37:49.801000000
ABREL,EQ,Aditya Birla Real Estate Limited,INE055A01016,10.0,1,2003-06-27,2026-08-25 20:37:49.801000000
ABSLAMC,EQ,Aditya Birla Sun Life AMC Limited,INE404A01024,5.0,1,2021-10-11,2026-08-25 20:37:49.801000000
ACC,EQ,ACC Limited,INE012A01025,10.0,1,1996-11-20,2026-08-25 20:37:49.801000000
ACCELYA,EQ,Accelya Solutions India Limited,INE793A01012,10.0,1,1999-12-01,2026-08-25 20:37:49.801000000
ACCURACY,BE,Accuracy Shipping Limited,INE648Z01023,1.0,1,2020-12-11,2026-08-25 20:37:49.801000000
ACE,EQ,Action Construction Equipment Limited,INE731H01025,2.0,1,2006-09-26,2026-08-25 20:37:49.801000000
ACEINTEG,EQ,Ace Integrated Solutions Limited,INE543V01017,10.0,1,2022-11-04,2026-08-25 20:37:49.801000000
ACGL,EQ,Automobile Corporation of Goa Limited,INE451C01013,10.0,1,2026-08-17,2026-08-25 20:37:49.801000000
ACI,EQ,Archean Chemical Industries Limited,INE128X01021,2.0,1,2022-11-21,2026-08-25 20:37:49.801000000
ACL,EQ,Andhra Cements Limited,INE666E01020,10.0,1,2023-05-10,2026-08-25 20:37:49.801000000
ACMESOLAR,EQ,Acme Solar Holdings Limited,INE622W01025,2.0,1,2024-11-13,2026-08-25 20:37:49.801000000
ACSTECH,EQ,ACS Technologies Limited,INE366C01021,10.0,1,2026-04-20,2026-08-25 20:37:49.801000000
ACUTAAS,EQ,Acutaas Chemicals Limited,INE00FF01025,5.0,1,2021-09-14,2026-08-25 20:37:49.801000000
ADANIENSOL,EQ,Adani Energy Solutions Limited,INE931S01010,10.0,1,2015-07-31,2026-08-25 20:37:49.801000000
ADANIENT,EQ,Adani Enterprises Limited,INE423A01024,1.0,1,1997-06-04,2026-08-25 20:37:49.801000000
ADANIGREEN,EQ,Adani Green Energy Limited,INE364U01010,10.0,1,2018-06-18,2026-08-25 20:37:49.801000000
ADANIPORTS,EQ,Adani Ports and Special Economic Zone Limited,INE742F01042,2.0,1,2007-11-27,2026-08-25 20:37:49.801000000
ADANIPOWER,EQ,Adani Power Limited,INE814H01029,2.0,1,2009-08-20,2026-08-25 20:37:49.801000000
ADDIND,EQ,Addi Industries Limited,INE757C01021,5.0,1,2026-08-17,2026-08-25 20:37:49.801000000
ADFFOODS,EQ,ADF Foods Limited,INE982B01027,2.0,1,2010-09-15,2026-08-25 20:37:49.801000000
ADL,EQ,Archidply Decor Limited,INE0CHO01012,10.0,1,2020-10-01,2026-08-25 20:37:49.801000000
ADOR,EQ,Ador Welding Limited,INE045A01017,10.0,1,1995-05-10,2026-08-25 20:37:49.801000000
ADROITINFO,EQ,Adroit Infotech Limited,INE737B01033,10.0,1,1997-08-13,2026-08-25 20:37:49.801000000
ADSL,EQ,Allied Digital Services Limited,INE102I01027,5.0,1,2007-07-25,2026-08-25 20:37:49.801000000
ADVAIT,EQ,Advait Energy Transitions Limited,INE0ALI01010,10.0,1,2026-01-20,2026-08-25 20:37:49.801000000
ADVANCE,EQ,Advance Agrolife Limited,INE1B0W01010,10.0,1,2025-10-08,2026-08-25 20:37:49.801000000
ADVANIHOTR,EQ,Advani Hotels & Resorts (India) Limited,INE199C01026,2.0,1,2007-06-25,2026-08-25 20:37:49.801000000
ADVENTHTL,EQ,Advent Hotels International Limited,INE28GN01010,10.0,1,2025-11-13,2026-08-25 20:37:49.801000000
ADVENZYMES,EQ,Advanced Enzyme Technologies Limited,INE837H01020,2.0,1,2016-08-01,2026-08-25 20:37:49.801000000
ADVIKCA,EQ,Advik Capital Limited,INE178T01024,1.0,1,2026-08-17,2026-08-25 20:37:49.801000000
AEGISLOG,EQ,Aegis Logistics Limited,INE208C01025,1.0,1,1996-04-03,2026-08-25 20:37:49.801000000
AEGISVOPAK,EQ,Aegis Vopak Terminals Limited,INE0INX01018,10.0,1,2025-06-02,2026-08-25 20:37:49.801000000
AEPL,EQ,Artemis Electricals and Projects Limited,INE757T01025,1.0,1,2026-03-12,2026-08-25 20:37:49.801000000
AEQUS,EQ,Aequs Limited,INE947N01017,10.0,1,2025-12-10,2026-08-25 20:37:49.801000000
AEROENTER,EQ,Aeroflex Enterprises Limited,INE065D01027,2.0,1,2022-11-21,2026-08-25 20:37:49.801000000
AEROFLEX,EQ,Aeroflex Industries Limited,INE024001021,2.0,1,2023-08-31,2026-08-25 20:37:49.801000000
AERONEU,EQ,Aeroflex Neu Limited,INE035801013,10.0,1,2023-01-12,2026-08-25 20:37:49.801000000
AEROPLANE,EQ,Amir Chand Jagdish Kumar (Exports) Limited,INE05TO01019,10.0,1,2026-04-02,2026-08-25 20:37:49.801000000
AETHER,EQ,Aether Industries Limited,INE0BWX01014,10.0,1,2022-06-03,2026-08-25 20:37:49.801000000
AFCONS,EQ,Afcons Infrastructure Limited,INE101I01011,10.0,1,2024-11-04,2026-08-25 20:37:49.801000000
AFFLE,EQ,Affle 3i Limited,INE00WC01027,2.0,1,2019-08-08,2026-08-25 20:37:49.801000000
AFFORDABLE,BE,Affordable Robotic & Automation Limited,INE692Z01013,10.0,1,2024-10-23,2026-08-25 20:37:49.801000000
AFIL,EQ,Akme Fintrade (India) Limited,INE916Y01027,1.0,1,2024-06-26,2026-08-25 20:37:49.801000000
AFSL,EQ,Abans Financial Services Limited,INE00ZE01026,2.0,1,2022-12-23,2026-08-25 20:37:49.801000000
AGARIND,EQ,Agarwal Industrial Corporation Limited,INE204E01012,10.0,1,2014-05-26,2026-08-25 20:37:49.801000000
AGARWALEYE,EQ,Dr. Agarwal's Health Care Limited,INE943P01029,1.0,1,2025-02-04,2026-08-25 20:37:49.801000000
AGI,EQ,AGI Greenpac Limited,INE415A01038,2.0,1,2000-05-31,2026-08-25 20:37:49.801000000
AGIIL,EQ,Agi Infra Limited,INE976R01033,1.0,1,2024-07-15,2026-08-25 20:37:49.801000000
AGL,EQ,Allcargo Global Limited,INE1YPB01014,2.0,1,2026-07-03,2026-08-25 20:37:49.801000000
AGRITECH,EQ,Agri-Tech (India) Limited,INE449G01018,10.0,1,2014-01-28,2026-08-25 20:37:49.801000000
AGROPHOS,EQ,Agro Phos India Limited,INE740V01019,10.0,1,2019-03-08,2026-08-25 20:37:49.801000000
AGSTRA,BZ,AGS Transact Technologies Limited,INE583L01014,10.0,1,2022-01-31,2026-08-25 20:37:49.801000000
AHCL,EQ,Anlon Healthcare Limited,INE0Y8W01025,2.0,1,2025-09-03,2026-08-25 20:37:49.801000000
AHLADA,EQ,Ahlada Engineers Limited,INE00PV01013,10.0,1,2021-01-28,2026-08-25 20:37:49.801000000
AHLEAST,EQ,Asian Hotels (East) Limited,INE926K01017,10.0,1,2010-08-11,2026-08-25 20:37:49.801000000
AHLUCONT,EQ,Ahluwalia Contracts (India) Limited,INE758C01029,2.0,1,2009-12-14,2026-08-25 20:37:49.801000000
AHLWEST,BE,Asian Hotels (West) Limited,INE915K01010,10.0,1,2010-08-05,2026-08-25 20:37:49.801000000
AIAENG,EQ,AIA Engineering Limited,INE212H01026,2.0,1,2005-12-14,2026-08-25 20:37:49.801000000
AIIL,EQ,Authum Investment & Infrastructure Limited,INE206F01022,1.0,1,2024-04-23,2026-08-25 20:37:49.801000000
AIRAN,EQ,Airan Limited,INE645W01026,2.0,1,2019-05-03,2026-08-25 20:37:49.801000000
AIROLAM,EQ,Airo Lam limited,INE801L01010,10.0,1,2021-10-13,2026-08-25 20:37:49.801000000
AJANTPHARM,EQ,Ajanta Pharma Limited,INE031B01049,2.0,1,2000-05-29,2026-08-25 20:37:49.801000000
AJAXENGG,EQ,Ajax Engineering Limited,INE274Y01021,1.0,1,2025-02-17,2026-08-25 20:37:49.801000000
AJMERA,EQ,Ajmera Realty & Infra India Limited,INE298G01035,2.0,1,2009-06-16,2026-08-25 20:37:49.801000000
AJOONI,EQ,Ajooni Biotech Limited,INE820Y01021,2.0,1,2021-05-07,2026-08-25 20:37:49.801000000
AKASH,EQ,Akash Infra-Projects Limited,INE737W01013,10.0,1,2019-10-11,2026-08-25 20:37:49.801000000
AKCAPIT,EQ,AK Capital Services Limited,INE701G01012,10.0,1,2026-04-20,2026-08-25 20:37:49.801000000
AKG,EQ,Akg Exim Limited,INE00Y801016,10.0,1,2021-02-16,2026-08-25 20:37:49.801000000
AKI,EQ,AKI India Limited,INE642Z01026,2.0,1,2023-04-06,2026-08-25 20:37:49.801000000
AKSHAR,EQ,Akshar Spintex Limited,INE256Z01025,1.0,1,2022-05-23,2026-08-25 20:37:49.801000000
AKSHARCHEM,BE,AksharChem India Limited,INE542B01011,10.0,1,2017-03-28,2026-08-25 20:37:49.801000000
AKSHOPTFBR,BE,Aksh Optifibre Limited,INE523B01011,5.0,1,2000-08-18,2026-08-25 20:37:49.801000000
AKUMS,EQ,Akums Drugs and Pharmaceuticals Limited,INE09XN01023,2.0,1,2024-08-06,2026-08-25 20:37:49.801000000
ALANKIT,EQ,Alankit Limited,INE914E01040,1.0,1,2015-06-30,2026-08-25 20:37:49.801000000
ALBERTDAVD,EQ,Albert David Limited,INE155C01010,10.0,1,2016-06-14,2026-08-25 20:37:49.801000000
ALEMBICLTD,EQ,Alembic Limited,INE426A01027,2.0,1,1999-09-22,2026-08-25 20:37:49.801000000
ALFREDHE,EQ,Alfred Herbert India Limited,INE782D01027,10.0,1,2026-08-17,2026-08-25 20:37:49.801000000
ALGOQUANT,EQ,Algoquant Fintech Limited,INE598D01035,1.0,1,2026-01-06,2026-08-25 20:37:49.801000000
ALICON,EQ,Alicon Castalloy Limited,INE062D01024,5.0,1,2006-09-29,2026-08-25 20:37:49.801000000
ALIVUS,EQ,Alivus Life Sciences Limited,INE03Q201024,2.0,1,2021-08-06,2026-08-25 20:37:49.801000000
ALKALI,BE,Alkali Metals Limited,INE773I01017,10.0,1,2008-11-06,2026-08-25 20:37:49.801000000
ALKEM,EQ,Alkem Laboratories Limited,INE540L01014,2.0,1,2015-12-23,2026-08-25 20:37:49.801000000
ALKYLAMINE,EQ,Alkyl Amines Chemicals Limited,INE150B01039,2.0,1,2007-11-26,2026-08-25 20:37:49.801000000
ALLCARGO,EQ,Allcargo Logistics Limited,INE418H01029,2.0,1,2006-06-23,2026-08-25 20:37:49.801000000
ALLDIGI,EQ,Alldigi Tech Limited,INE835G01018,10.0,1,2005-05-09,2026-08-25 20:37:49.801000000
ALLTIME,EQ,All Time Plastics Limited,INE0GV601021,2.0,1,2025-08-14,2026-08-25 20:37:49.801000000
ALMONDZ,EQ,Almondz Global Securities Limited,INE326B01035,1.0,1,2008-06-16,2026-08-25 20:37:49.801000000
ALOKINDS,EQ,Alok Industries Limited,INE270A01029,1.0,1,2020-02-19,2026-08-25 20:37:49.801000000
ALPA,EQ,Alpa Laboratories Limited,INE385I01010,10.0,1,2007-08-06,2026-08-25 20:37:49.801000000
ALPHAGEO,BE,Alphageo (India) Limited,INE137C01018,10.0,1,2007-05-11,2026-08-25 20:37:49.801000000
ALPINETEX,EQ,Alpine Texworld Limited,INE1JCQ01037,10.0,1,2026-07-21,2026-08-25 20:37:49.801000000
ALUFLUOR,EQ,Alufluoride Limited,INE058F01019,10.0,1,2026-08-17,2026-08-25 20:37:49.801000000
AMAGI,EQ,Amagi Media Labs Limited,INE121R01077,5.0,1,2026-01-21,2026-08-25 20:37:49.801000000
AMAL,EQ,Amal Limited,INE841D01013,10.0,1,2026-08-17,2026-08-25 20:37:49.801000000
AMANTA,BE,Amanta Healthcare Limited,INE084K01015,10.0,1,2025-09-09,2026-08-25 20:37:49.801000000
AMARJOTHI,EQ,Amarjothi Spinning Mills Limited,INE484D01012,10.0,1,2026-08-17,2026-08-25 20:37:49.801000000
AMBALALSA,BE,Ambalal Sarabhai Enterprises Limited,INE432A01017,10.0,1,2026-04-20,2026-08-25 20:37:49.801000000
AMBER,EQ,Amber Enterprises India Limited,INE371P01015,10.0,1,2018-01-30,2026-08-25 20:37:49.801000000
AMBICAAGAR,EQ,Ambica Agarbathies & Aroma industries Limited,INE792B01012,10.0,1,2004-06-29,2026-08-25 20:37:49.801000000
AMBIKCO,EQ,Ambika Cotton Mills Limited,INE540G01014,10.0,1,2008-01-29,2026-08-25 20:37:49.801000000
AMBUJACEM,EQ,Ambuja Cements Limited,INE079A01024,2.0,1,1998-02-18,2026-08-25 20:37:49.801000000
AMDIND,EQ,AMD Industries Limited,INE005I01014,10.0,1,2007-03-19,2026-08-25 20:37:49.801000000
AMJLAND,EQ,Amj Land Holdings Limited,INE606A01024,2.0,1,1995-02-08,2026-08-25 20:37:49.801000000
AMNPLST,EQ,Amines & Plasticizers Limited,INE275D01022,2.0,1,2023-11-10,2026-08-25 20:37:49.801000000
AMRUTANJAN,EQ,Amrutanjan Health Care Limited,INE098F01031,1.0,1,2015-01-02,2026-08-25 20:37:49.801000000
ANANDRATHI,EQ,Anand Rathi Wealth Limited,INE463V01026,5.0,1,2021-12-14,2026-08-25 20:37:49.801000000
ANANTRAJ,EQ,Anant Raj Limited,INE242C01024,2.0,1,2006-09-27,2026-08-25 20:37:49.801000000
ANDHRAPAP,EQ,ANDHRA PAPER LIMITED,INE435A01051,2.0,1,2004-05-13,2026-08-25 20:37:49.801000000
ANDHRSUGAR,EQ,The Andhra Sugars Limited,INE715B01021,2.0,1,1995-11-01,2026-08-25 20:37:49.801000000
ANDREWYU,EQ,Andrew Yule & Company Limited,INE449C01025,2.0,1,2026-08-17,2026-08-25 20:37:49.801000000
ANGELONE,EQ,Angel One Limited,INE732I01021,1.0,1,2020-10-05,2026-08-25 20:37:49.801000000
ANIKINDS,EQ,Anik Industries Limited,INE087B01017,10.0,1,2008-05-21,2026-08-25 20:37:49.801000000
ANKITMETAL,BZ,Ankit Metal & Power Limited,INE106I01010,10.0,1,2013-03-14,2026-08-25 20:37:49.801000000
ANMOL,EQ,Anmol India Limited,INE02AR01019,10.0,1,2021-06-04,2026-08-25 20:37:49.801000000
ANNAPURNA,EQ,Annapurna Swadisht Limited,INE0MGM01017,10.0,1,2026-08-12,2026-08-25 20:37:49.801000000
ANSALAPI,BZ,Ansal Properties & Infrastructure Limited,INE436A01026,5.0,1,2006-01-27,2026-08-25 20:37:49.801000000
ANSALBU,EQ,Ansal Buildwell Limited,INE030C01015,10.0,1,2026-08-17,2026-08-25 20:37:49.801000000
ANTELOPUS,EQ,Antelopus Selan Energy Limited,INE818A01017,10.0,1,2006-09-26,2026-08-25 20:37:49.801000000
ANTGRAPHIC,EQ,Antarctica Limited,INE414B01021,1.0,1,1997-12-31,2026-08-25 20:37:49.801000000
ANTHEM,EQ,Anthem Biosciences Limited,INE0CZ201020,2.0,1,2025-07-21,2026-08-25 20:37:49.801000000
ANUHPHR,EQ,Anuh Pharma Limited,INE489G01022,5.0,1,2024-12-20,2026-08-25 20:37:49.801000000
ANUP,EQ,The Anup Engineering Limited,INE294Z01018,10.0,1,2019-03-01,2026-08-25 20:37:49.801000000
ANURAS,EQ,Anupam Rasayan India Limited,INE930P01018,10.0,1,2021-03-24,2026-08-25 20:37:49.801000000
APARINDS,EQ,Apar Industries Limited,INE372A01015,10.0,1,2004-07-12,2026-08-25 20:37:49.801000000
APCL,EQ,Anjani Portland Cement Limited,INE071F01012,10.0,1,2017-04-10,2026-08-25 20:37:49.801000000
APCOTEXIND,EQ,Apcotex Industries Limited,INE116A01032,2.0,1,1995-09-06,2026-08-25 20:37:49.801000000
APEX,EQ,Apex Frozen Foods Limited,INE346W01013,10.0,1,2017-09-04,2026-08-25 20:37:49.801000000
APLAPOLLO,EQ,APL Apollo Tubes Limited,INE702C01027,2.0,1,2011-12-14,2026-08-25 20:37:49.801000000
APLLTD,EQ,Alembic Pharmaceuticals Limited,INE901L01018,2.0,1,2011-09-20,2026-08-25 20:37:49.801000000
APOLLO,EQ,Apollo Micro Systems Limited,INE713T01028,1.0,1,2018-01-22,2026-08-25 20:37:49.801000000
APOLLOHOSP,EQ,Apollo Hospitals Enterprise Limited,INE437A01024,5.0,1,1996-01-10,2026-08-25 20:37:49.801000000
APOLLOPIPE,EQ,Apollo Pipes Limited,INE126J01016,10.0,1,2019-11-11,2026-08-25 20:37:49.801000000
APOLLOTYRE,EQ,Apollo Tyres Limited,INE438A01022,1.0,1,1995-05-31,2026-08-25 20:37:49.801000000
APOLSINHOT,EQ,Apollo Sindoori Hotels Limited,INE451F01024,5.0,1,2015-01-28,2026-08-25 20:37:49.801000000
APOORVA,EQ,Apoorva Leasing Finance and Investment Company Limited,INE217S01014,10.0,1,2026-08-17,2026-08-25 20:37:49.801000000
APTECHT,BE,Aptech Limited,INE266F01018,10.0,1,2002-09-27,2026-08-25 20:37:49.801000000
APTUS,EQ,Aptus Value Housing Finance India Limited,INE852O01025,2.0,1,2021-08-24,2026-08-25 20:37:49.801000000
AQYLON,EQ,Aqylon Nexus Limited,INE416A01051,1.0,1,2024-04-01,2026-08-25 20:37:49.801000000
ARCHIDPLY,EQ,Archidply Industries Limited,INE877I01016,10.0,1,2008-07-04,2026-08-25 20:37:49.801000000
ARCHIES,EQ,Archies Limited,INE731A01020,2.0,1,1998-09-02,2026-08-25 20:37:49.801000000
ARCL,EQ,ARCL Organics Limited,INE372M01010,10.0,1,2026-08-17,2026-08-25 20:37:49.801000000
ARDEE,EQ,Ardee Industries Limited,INE0XNF01022,2.0,1,2026-08-12,2026-08-25 20:37:49.801000000
ARE&M,EQ,Amara Raja Energy & Mobility Limited,INE885A01032,1.0,1,2003-09-05,2026-08-25 20:37:49.801000000
ARENTERP,EQ,Rajdarshan Industries Limited,INE610C01014,10.0,1,1995-10-18,2026-08-25 20:37:49.801000000
ARFIN,EQ,Arfin India Limited,INE784R01023,1.0,1,2025-07-22,2026-08-25 20:37:49.801000000
ARIES,EQ,Aries Agro Limited,INE298I01015,10.0,1,2008-01-11,2026-08-25 20:37:49.801000000
ARIHANT,EQ,Arihant Foundations & Housing Limited,INE413D01011,10.0,1,2026-04-20,2026-08-25 20:37:49.801000000
ARIHANTCAP,EQ,Arihant Capital Markets Limited,INE420B01036,1.0,1,2021-06-15,2026-08-25 20:37:49.801000000
ARIHANTSUP,EQ,Arihant Superstructures Limited,INE643K01018,10.0,1,2017-03-28,2026-08-25 20:37:49.801000000
ARIS,EQ,Arisinfra Solutions Limited,INE0H9P01028,2.0,1,2025-06-25,2026-08-25 20:37:49.801000000
ARKADE,EQ,Arkade Developers Limited,INE0QRL01017,10.0,1,2024-09-24,2026-08-25 20:37:49.801000000
ARMANFIN,EQ,Arman Financial Services Limited,INE109C01017,10.0,1,2016-06-14,2026-08-25 20:37:49.801000000
AROGRANITE,EQ,Aro Granite Industries Limited,INE210C01013,10.0,1,2007-04-24,2026-08-25 20:37:49.801000000
ARROWGREEN,BE,Arrow Greentech Limited,INE570D01018,10.0,1,2015-05-21,2026-08-25 20:37:49.801000000
ARSHIYA,BZ,Arshiya Limited,INE968D01022,2.0,1,2009-12-14,2026-08-25 20:37:49.801000000
ARSSBL,EQ,Anand Rathi Share and Stock Brokers Limited,INE549H01021,5.0,1,2025-09-30,2026-08-25 20:37:49.801000000
ARTEMISMED,EQ,Artemis Medicare Services Limited,INE025R01021,1.0,1,2020-01-23,2026-08-25 20:37:49.801000000
ARTNIRMAN,EQ,Art Nirman Limited,INE738V01013,10.0,1,2021-10-18,2026-08-25 20:37:49.801000000
ARVEE,EQ,Arvee Laboratories (India) Limited,INE006Z01016,10.0,1,2021-03-22,2026-08-25 20:37:49.801000000
ARVIND,EQ,Arvind Limited,INE034A01011,10.0,1,1995-02-08,2026-08-25 20:37:49.801000000
ARVINDFASN,EQ,Arvind Fashions Limited,INE955V01021,4.0,1,2019-03-08,2026-08-25 20:37:49.801000000
ARVSMART,EQ,Arvind SmartSpaces Limited,INE034S01021,10.0,1,2015-08-26,2026-08-25 20:37:49.801000000
ARYAMAN,EQ,Aryaman Financial Services Limited,INE032E01017,10.0,1,2026-08-17,2026-08-25 20:37:49.801000000
ASAHIINDIA,EQ,Asahi India Glass Limited,INE439A01020,1.0,1,1998-03-18,2026-08-25 20:37:49.801000000
ASAHISONG,BE,Asahi Songwon Colors Limited,INE228I01012,10.0,1,2011-08-29,2026-08-25 20:37:49.801000000
ASAL,EQ,Automotive Stampings and Assemblies Limited,INE900C01027,10.0,1,2002-03-12,2026-08-25 20:37:49.801000000
ASALCBR,EQ,Associated Alcohols & Breweries Ltd.,INE073G01016,10.0,1,2020-02-12,2026-08-25 20:37:49.801000000
ASHAPURMIN,EQ,Ashapura Minechem Limited,INE348A01023,2.0,1,1995-09-20,2026-08-25 20:37:49.801000000
ASHIANA,EQ,Ashiana Housing Limited,INE365D01021,2.0,1,2011-06-29,2026-08-25 20:37:49.801000000
ASHIKAG,BE,Ashika Global Securities Limited,INE094B01013,10.0,1,2026-04-20,2026-08-25 20:37:49.801000000
ASHIMASYN,EQ,Ashima Limited,INE440A01010,10.0,1,1995-07-27,2026-08-25 20:37:49.801000000
ASHOKA,EQ,Ashoka Buildcon Limited,INE442H01029,5.0,1,2010-10-14,2026-08-25 20:37:49.801000000
ASHOKAMET,EQ,Ashoka Metcast Limited,INE760Y01011,10.0,1,2023-06-27,2026-08-25 20:37:49.801000000
ASHOKLEY,EQ,Ashok Leyland Limited,INE208A01029,1.0,1,1995-05-25,2026-08-25 20:37:49.801000000
ASIANENE,EQ,Asian Energy Services Limited,INE276G01015,10.0,1,2021-12-09,2026-08-25 20:37:49.801000000
ASIANHOTNR,EQ,Asian Hotels (North) Limited,INE363A01022,10.0,1,2010-04-07,2026-08-25 20:37:49.801000000
ASIANPAINT,EQ,Asian Paints Limited,INE021A01026,1.0,1,1995-05-31,2026-08-25 20:37:49.801000000
ASIANTILES,EQ,Asian Granito India Limited,INE022I01019,10.0,1,2007-08-23,2026-08-25 20:37:49.801000000
ASIANTNE,EQ,Asian Tea & Exports Limited,INE822B01017,10.0,1,2026-08-17,2026-08-25 20:37:49.801000000
ASKAUTOLTD,EQ,ASK Automotive Limited,INE491J01022,2.0,1,2023-11-15,2026-08-25 20:37:49.801000000
ASMS,BE,Avio Smart Market Stack Limited,INE855F01042,1.0,1,2023-02-09,2026-08-25 20:37:49.801000000
ASPINWALL,EQ,Aspinwall and Company Limited,INE991I01015,10.0,1,2016-06-14,2026-08-25 20:37:49.801000000
ASSAMENT,EQ,Assam Entrade Limited,INE165G01010,10.0,1,2026-08-17,2026-08-25 20:37:49.801000000
ASTAR,EQ,Asian Star Company Limited,INE194D01017,10.0,1,2026-04-20,2026-08-25 20:37:49.801000000
ASTEC,EQ,Astec LifeSciences Limited,INE563J01010,10.0,1,2009-11-25,2026-08-25 20:37:49.801000000
ASTERDM,EQ,Aster DM Quality Care Limited,INE914M01019,10.0,1,2018-02-26,2026-08-25 20:37:49.801000000
ASTRAL,EQ,Astral Limited,INE006I01046,1.0,1,2007-03-20,2026-08-25 20:37:49.801000000
ASTRAMICRO,EQ,Astra Microwave Products Limited,INE386C01029,2.0,1,2004-11-01,2026-08-25 20:37:49.801000000
ASTRAZEN,EQ,AstraZeneca Pharma India Limited,INE203A01020,2.0,1,2001-05-04,2026-08-25 20:37:49.801000000
ASTRON,BZ,Astron Paper & Board Mill Limited,INE646X01014,10.0,1,2017-12-29,2026-08-25 20:37:49.801000000
ATALREAL,EQ,Atal Realtech Limited,INE0ALR01029,2.0,1,2023-05-12,2026-08-25 20:37:49.801000000
ATAM,EQ,Atam Valves Limited,INE09KD01013,10.0,1,2023-05-10,2026-08-25 20:37:49.801000000
ATGL,EQ,Adani Total Gas Limited,INE399L01023,1.0,1,2018-11-05,2026-08-25 20:37:49.801000000
ATHERENERG,EQ,Ather Energy Limited,INE0LEZ01016,1.0,1,2025-05-06,2026-08-25 20:37:49.801000000
ATL,EQ,Allcargo Terminals Limited,INE0NN701020,2.0,1,2023-08-10,2026-08-25 20:37:49.801000000
ATLANTAA,EQ,ATLANTAA LIMITED,INE285H01022,2.0,1,2006-09-25,2026-08-25 20:37:49.801000000
ATLANTAELE,EQ,Atlanta Electricals Limited,INE0Z4F01028,2.0,1,2025-09-29,2026-08-25 20:37:49.801000000
ATLASCYCLE,EQ,Atlas Cycles (Haryana) Limited,INE446A01025,5.0,1,1996-10-23,2026-08-25 20:37:49.801000000
ATUL,EQ,Atul Limited,INE100A01010,10.0,1,1998-05-06,2026-08-25 20:37:49.801000000
ATULAUTO,EQ,Atul Auto Limited,INE951D01028,5.0,1,2013-06-26,2026-08-25 20:37:49.801000000
AUBANK,EQ,AU Small Finance Bank Limited,INE949L01017,10.0,1,2017-07-10,2026-08-25 20:37:49.801000000
AURIONPRO,EQ,Aurionpro Solutions Limited,INE132H01018,10.0,1,2005-10-25,2026-08-25 20:37:49.801000000
AUROPHARMA,EQ,Aurobindo Pharma Limited,INE406A01037,1.0,1,2000-07-19,2026-08-25 20:37:49.801000000
AURUM,EQ,Aurum PropTech Limited,INE898S01029,5.0,1,2015-08-19,2026-08-25 20:37:49.801000000
AURUS,EQ,AURUS GEM CORPORATION LIMITED,INE142K01011,10.0,1,2013-11-05,2026-08-25 20:37:49.801000000
AUSOMENT,EQ,Ausom Enterprise Limited,INE218C01016,10.0,1,1996-04-17,2026-08-25 20:37:49.801000000
AUSTENG,EQ,Austin Engineering Company  Limited,INE759F01012,10.0,1,2026-08-17,2026-08-25 20:37:49.801000000
AUTOAXLES,EQ,Automotive Axles Limited,INE449A01011,10.0,1,2003-05-29,2026-08-25 20:37:49.801000000
AUTOIND,EQ,Autoline Industries Limited,INE718H01014,10.0,1,2007-01-31,2026-08-25 20:37:49.801000000
AVADHSUGAR,EQ,Avadh Sugar & Energy Limited,INE349W01017,10.0,1,2017-07-28,2026-08-25 20:37:49.801000000
AVALON,EQ,Avalon Technologies Limited,INE0LCL01028,2.0,1,2023-04-18,2026-08-25 20:37:49.801000000
AVANCE,EQ,Avance Technologies Limited,INE758A01072,1.0,1,2026-08-17,2026-08-25 20:37:49.801000000
AVANTEL,EQ,Avantel Limited,INE005B01027,2.0,1,2024-07-31,2026-08-25 20:37:49.801000000
AVANTIFEED,EQ,Avanti Feeds Limited,INE871C01038,1.0,1,2015-04-15,2026-08-25 20:37:49.801000000
AVG,BE,AVG Logistics Limited,INE680Z01018,10.0,1,2023-05-12,2026-08-25 20:37:49.801000000
AVL,EQ,Aditya Vision Limited,INE679V01027,1.0,1,2024-11-06,2026-08-25 20:37:49.801000000
AVONMORE,EQ,Avonmore Capital & Management Services Limited,INE323B01024,1.0,1,2023-01-04,2026-08-25 20:37:49.801000000
AVROIND,EQ,AVRO INDIA LIMITED,INE652Z01025,1.0,1,2022-04-07,2026-08-25 20:37:49.801000000
AVTNPL,EQ,AVT Natural Products Limited,INE488D01021,1.0,1,2007-01-10,2026-08-25 20:37:49.801000000
AWFIS,EQ,Awfis Space Solutions Limited,INE108V01019,10.0,1,2024-05-30,2026-08-25 20:37:49.801000000
AWHCL,EQ,Antony Waste Handling Cell Limited,INE01BK01022,5.0,1,2021-01-01,2026-08-25 20:37:49.801000000
AWL,EQ,AWL Agri Business Limited,INE699H01024,1.0,1,2022-02-08,2026-08-25 20:37:49.801000000
AXISBANK,EQ,Axis Bank Limited,INE238A01034,2.0,1,1998-11-16,2026-08-25 20:37:49.801000000
AXISCADES,EQ,AXISCADES Technologies Limited,INE555B01013,5.0,1,2000-12-21,2026-08-25 20:37:49.801000000
AXITA,EQ,Axita Cotton Limited,INE02EZ01022,1.0,1,2022-06-21,2026-08-25 20:37:49.801000000
AXTEL,EQ,Axtel Industries Limited,INE767C01012,10.0,1,2026-08-17,2026-08-25 20:37:49.801000000
AYE,EQ,Aye Finance Limited,INE501X01029,2.0,1,2026-02-16,2026-08-25 20:37:49.801000000
AYMSYNTEX,EQ,AYM Syntex Limited,INE193B01039,10.0,1,2015-08-14,2026-08-25 20:37:49.801000000
AZAD,EQ,Azad Engineering Limited,INE02IJ01035,2.0,1,2023-12-28,2026-08-25 20:37:49.801000000
AZADIND,EQ,Azad India Mobility Limited,INE566M01017,10.0,1,2026-08-17,2026-08-25 20:37:49.801000000
BAFNAPH,BE,Bafna Pharmaceuticals Limited,INE878I01022,10.0,1,2020-02-27,2026-08-25 20:37:49.801000000
BAGFILMS,EQ,B.A.G Films and Media Limited,INE116D01028,2.0,1,2003-10-17,2026-08-25 20:37:49.801000000
BAIDFIN,EQ,Baid Finserv Limited,INE020D01022,2.0,1,2023-01-20,2026-08-25 20:37:49.801000000
BAJAJ-AUTO,EQ,Bajaj Auto Limited,INE917I01010,10.0,1,2008-05-26,2026-08-25 20:37:49.801000000
BAJAJCON,EQ,Bajaj Consumer Care Limited,INE933K01021,1.0,1,2010-08-18,2026-08-25 20:37:49.801000000
BAJAJELEC,EQ,Bajaj Electricals Limited,INE193E01025,2.0,1,2007-11-02,2026-08-25 20:37:49.801000000
BAJAJFINSV,EQ,Bajaj Finserv Limited,INE918I01026,1.0,1,2008-05-26,2026-08-25 20:37:49.801000000
BAJAJHCARE,EQ,Bajaj Healthcare Limited,INE411U01027,5.0,1,2021-11-25,2026-08-25 20:37:49.801000000
BAJAJHFL,EQ,Bajaj Housing Finance Limited,INE377Y01014,10.0,1,2024-09-16,2026-08-25 20:37:49.801000000
BAJAJHIND,EQ,Bajaj Hindusthan Sugar Limited,INE306A01021,1.0,1,1995-05-10,2026-08-25 20:37:49.801000000
BAJAJHLDNG,EQ,Bajaj Holdings & Investment Limited,INE118A01012,10.0,1,1995-03-15,2026-08-25 20:37:49.801000000
BAJAJINDEF,EQ,Indef Manufacturing Limited,INE0O9T01021,1.0,1,2025-02-21,2026-08-25 20:37:49.801000000
BAJAJST,EQ,Bajaj Steel Industries Limited,INE704G01024,5.0,1,2026-04-20,2026-08-25 20:37:49.801000000
BAJEL,EQ,Bajel Projects Limited,INE0KQN01018,2.0,1,2023-12-19,2026-08-25 20:37:49.801000000
BAJFINANCE,EQ,Bajaj Finance Limited,INE296A01032,1.0,1,2003-04-01,2026-08-25 20:37:49.801000000
BALAJEE,EQ,Shree Tirupati Balajee Agro Trading Company Limited,INE0S2G01011,10.0,1,2024-09-12,2026-08-25 20:37:49.801000000
BALAJITELE,EQ,Balaji Telefilms Limited,INE794B01026,2.0,1,2000-11-22,2026-08-25 20:37:49.801000000
BALAMINES,EQ,Balaji Amines Limited,INE050E01027,2.0,1,2007-04-05,2026-08-25 20:37:49.801000000
BALAXI,EQ,BALAXI PHARMACEUTICALS LIMITED,INE618N01022,2.0,1,2015-11-30,2026-08-25 20:37:49.801000000
BALKRISHNA,EQ,Balkrishna Paper Mills Limited,INE875R01011,10.0,1,2015-07-28,2026-08-25 20:37:49.801000000
BALKRISIND,EQ,Balkrishna Industries Limited,INE787D01026,2.0,1,2006-01-27,2026-08-25 20:37:49.801000000
BALMLAWRIE,EQ,Balmer Lawrie & Company Limited,INE164A01016,10.0,1,1995-07-06,2026-08-25 20:37:49.801000000
BALPHARMA,EQ,Bal Pharma Limited,INE083D01012,10.0,1,2006-05-08,2026-08-25 20:37:49.801000000
BALRAMCHIN,EQ,Balrampur Chini Mills Limited,INE119A01028,1.0,1,1995-02-08,2026-08-25 20:37:49.801000000
BALUFORGE,EQ,Balu Forge Industries Limited,INE011E01029,10.0,1,2024-04-29,2026-08-25 20:37:49.801000000
BANARBEADS,EQ,Banaras Beads Limited,INE655B01011,10.0,1,1995-07-07,2026-08-25 20:37:49.801000000
BANARISUG,EQ,Bannari Amman Sugars Limited,INE459A01010,10.0,1,2003-05-28,2026-08-25 20:37:49.801000000
BANCOINDIA,EQ,Banco Products (I) Limited,INE213C01025,2.0,1,2006-12-22,2026-08-25 20:37:49.801000000
BANDHANBNK,EQ,Bandhan Bank Limited,INE545U01014,10.0,1,2018-03-27,2026-08-25 20:37:49.801000000
BANG,EQ,Bang Overseas Limited,INE863I01016,10.0,1,2008-02-20,2026-08-25 20:37:49.801000000
BANKA,EQ,Banka BioLoo Limited,INE862Y01015,10.0,1,2020-10-29,2026-08-25 20:37:49.801000000
BANKBARODA,EQ,Bank of Baroda,INE028A01039,2.0,1,1997-02-19,2026-08-25 20:37:49.801000000
BANKINDIA,EQ,Bank of India,INE084A01016,10.0,1,1997-04-30,2026-08-25 20:37:49.801000000
BANSALWIRE,EQ,Bansal Wire Industries Limited,INE0B9K01025,5.0,1,2024-07-10,2026-08-25 20:37:49.801000000
BANSWRAS,EQ,Banswara Syntex Limited,INE629D01020,5.0,1,2007-04-11,2026-08-25 20:37:49.801000000
BASF,EQ,BASF India Limited,INE373A01013,10.0,1,1995-05-17,2026-08-25 20:37:49.801000000
BASML,BE,Bannari Amman Spinning Mills Limited,INE186H01022,5.0,1,2005-11-14,2026-08-25 20:37:49.801000000
BATAINDIA,EQ,Bata India Limited,INE176A01028,5.0,1,2003-06-18,2026-08-25 20:37:49.801000000
BATLIBOI,EQ,Batliboi Limited,INE177C01022,5.0,1,2026-04-20,2026-08-25 20:37:49.801000000
BAYERCROP,EQ,Bayer Cropscience Limited,INE462A01022,10.0,1,2010-01-08,2026-08-25 20:37:49.801000000
BBL,EQ,Bharat Bijlee Limited,INE464A01036,5.0,1,2006-11-21,2026-08-25 20:37:49.801000000
BBOX,EQ,Black Box Limited,INE676A01027,2.0,1,2003-07-22,2026-08-25 20:37:49.801000000
BBTC,EQ,The Bombay Burmah Trading Corporation Limited,INE050A01025,2.0,1,1996-04-03,2026-08-25 20:37:49.801000000
BBTCL,EQ,B&B Triplewall Containers Limited,INE01EE01011,10.0,1,2022-11-23,2026-08-25 20:37:49.801000000
BCG,EQ,Brightcom Group Limited,INE425B01027,2.0,1,2015-05-08,2026-08-25 20:37:49.801000000
BCLIND,EQ,Bcl Industries Limited,INE412G01024,1.0,1,2021-03-04,2026-08-25 20:37:49.801000000
BCONCEPTS,EQ,Brand Concepts Limited,INE977Y01011,10.0,1,2022-01-11,2026-08-25 20:37:49.801000000
BCPL,EQ,BCPL Railway Infrastructure Limited,INE00SW01015,10.0,1,2026-03-27,2026-08-25 20:37:49.801000000
BDL,EQ,Bharat Dynamics Limited,INE171Z01026,5.0,1,2018-03-23,2026-08-25 20:37:49.801000000
BEARDSELL,EQ,Beardsell Limited,INE520H01022,2.0,1,2015-01-13,2026-08-25 20:37:49.801000000
BECTORFOOD,EQ,Mrs. Bectors Food Specialities Limited,INE495P01020,2.0,1,2020-12-24,2026-08-25 20:37:49.801000000
BEDMUTHA,EQ,Bedmutha Industries Limited,INE844K01012,10.0,1,2010-10-14,2026-08-25 20:37:49.801000000
BEEKAY,EQ,Beekay Steel Industries Limited,INE213D01015,10.0,1,2026-04-20,2026-08-25 20:37:49.801000000
BEL,EQ,Bharat Electronics Limited,INE263A01024,1.0,1,2000-07-19,2026-08-25 20:37:49.801000000
BELLACASA,EQ,Bella Casa Fashion & Retail Limited,INE344T01014,10.0,1,2025-07-18,2026-08-25 20:37:49.801000000
BELRISE,EQ,Belrise Industries Limited,INE894V01022,5.0,1,2025-05-28,2026-08-25 20:37:49.801000000
BEML,EQ,BEML Limited,INE258A01024,5.0,1,2003-11-05,2026-08-25 20:37:49.801000000
BENARAS,EQ,Benares Hotels Limited,INE664D01019,10.0,1,2026-08-17,2026-08-25 20:37:49.801000000
BENGALASM,EQ,Bengal & Assam Company Limited,INE083K01017,10.0,1,2026-04-20,2026-08-25 20:37:49.801000000
BEPL,EQ,Bhansali Engineering Polymers Limited,INE922A01025,1.0,1,2005-03-21,2026-08-25 20:37:49.801000000
BERGEPAINT,EQ,Berger Paints (I) Limited,INE463A01038,1.0,1,1999-11-24,2026-08-25 20:37:49.801000000
BESTAGRO,EQ,Best Agrolife Limited,INE052T01021,1.0,1,2024-04-10,2026-08-25 20:37:49.801000000
BETA,EQ,Beta Drugs Limited,INE351Y01019,10.0,1,2025-11-24,2026-08-25 20:37:49.801000000
BFINVEST,EQ,BF Investment Limited,INE878K01010,5.0,1,2011-01-14,2026-08-25 20:37:49.801000000
BFUTILITIE,EQ,BF Utilities Limited,INE243D01012,5.0,1,2007-05-03,2026-08-25 20:37:49.801000000
BGRENERGY,BE,BGR Energy Systems Limited,INE661I01014,10.0,1,2008-01-03,2026-08-25 20:37:49.801000000
BHAGCHEM,EQ,Bhagiradha Chemicals & Industries Limited,INE414D01027,1.0,1,2021-10-18,2026-08-25 20:37:49.801000000
BHAGERIA,BE,Bhageria Industries Limited,INE354C01027,5.0,1,2016-03-02,2026-08-25 20:37:49.801000000
BHAGYANGR,EQ,Bhagyanagar India Limited,INE458B01036,2.0,1,2017-05-17,2026-08-25 20:37:49.801000000
BHANDARI,EQ,Bhandari Hosiery Exports Limited,INE474E01029,1.0,1,2017-01-30,2026-08-25 20:37:49.801000000
BHARATCOAL,EQ,Bharat Coking Coal Limited,INE05XR01022,10.0,1,2026-01-19,2026-08-25 20:37:49.801000000
BHARATFORG,EQ,Bharat Forge Limited,INE465A01025,2.0,1,2003-04-04,2026-08-25 20:37:49.801000000
BHARATGEAR,BE,Bharat Gears Limited,INE561C01019,10.0,1,1996-04-03,2026-08-25 20:37:49.801000000
BHARATRAS,EQ,Bharat Rasayan Limited,INE838B01021,5.0,1,1995-10-11,2026-08-25 20:37:49.801000000
BHARATSE,EQ,Bharat Seats Limited,INE415D01024,2.0,1,2025-03-24,2026-08-25 20:37:49.801000000
BHARATWIRE,EQ,Bharat Wire Ropes Limited,INE316L01019,10.0,1,2016-04-01,2026-08-25 20:37:49.801000000
BHARTIARTL,EQ,Bharti Airtel Limited,INE397D01024,5.0,1,2002-02-15,2026-08-25 20:37:49.801000000
BHARTIHEXA,EQ,Bharti Hexacom Limited,INE343G01021,5.0,1,2024-04-12,2026-08-25 20:37:49.801000000
BHEL,EQ,Bharat Heavy Electricals Limited,INE257A01026,2.0,1,2003-11-11,2026-08-25 20:37:49.801000000
BI,BE,Bilcare Limited,INE986A01012,10.0,1,2026-04-20,2026-08-25 20:37:49.801000000
BIGBLOC,EQ,Bigbloc Construction Limited,INE412U01025,2.0,1,2016-09-02,2026-08-25 20:37:49.801000000
BIKAJI,EQ,Bikaji Foods International Limited,INE00E101023,1.0,1,2022-11-16,2026-08-25 20:37:49.801000000
BIL,EQ,Bhartiya International Limited,INE828A01016,10.0,1,2000-04-12,2026-08-25 20:37:49.801000000
BILVYAPAR,BE,BIL VYAPAR LIMITED,INE071A01013,10.0,1,2006-09-27,2026-08-25 20:37:49.801000000
BIMETAL,EQ,Bimetal Bearings Limited,INE469A01019,10.0,1,2026-04-20,2026-08-25 20:37:49.801000000
BIOCON,EQ,Biocon Limited,INE376G01013,5.0,1,2004-04-07,2026-08-25 20:37:49.801000000
BIOFILCHEM,EQ,Biofil Chemicals & Pharmaceuticals Limited,INE829A01014,10.0,1,1996-06-12,2026-08-25 20:37:49.801000000
BIRLACABLE,BE,Birla Cable Limited,INE800A01015,10.0,1,1995-12-06,2026-08-25 20:37:49.801000000
BIRLACORPN,EQ,Birla Corporation Limited,INE340A01012,10.0,1,1995-04-12,2026-08-25 20:37:49.801000000
BIRLAMONEY,EQ,Aditya Birla Money Limited,INE865C01022,1.0,1,2008-02-07,2026-08-25 20:37:49.801000000
BIRLANU,EQ,BirlaNu Limited,INE557A01011,10.0,1,1995-04-26,2026-08-25 20:37:49.801000000
BIRLAPREC,EQ,Birla Precision Technologies Limited,INE372E01025,2.0,1,2026-04-20,2026-08-25 20:37:49.801000000
BLACKBUCK,EQ,BLACKBUCK LIMITED,INE0UIZ01018,1.0,1,2024-11-22,2026-08-25 20:37:49.801000000
BLACKROSE,BE,Black Rose Inds. Limited,INE761G01016,1.0,1,2026-04-20,2026-08-25 20:37:49.801000000
BLAL,EQ,BEML Land Assets Limited,INE0N7W01012,10.0,1,2023-04-19,2026-08-25 20:37:49.801000000
BLBLIMITED,EQ,BLB Limited,INE791A01024,1.0,1,2000-05-31,2026-08-25 20:37:49.801000000
BLEL,EQ,Behari Lal Engineering Limited,INE1EEM01017,10.0,1,2026-08-19,2026-08-25 20:37:49.801000000
BLIL,EQ,Balmer Lawrie Investments Limited,INE525F01025,1.0,1,2026-04-20,2026-08-25 20:37:49.801000000
BLISSGVS,BE,Bliss GVS Pharma Limited,INE416D01022,1.0,1,2010-07-26,2026-08-25 20:37:49.801000000
BLKASHYAP,EQ,B. L. Kashyap and Sons Limited,INE350H01032,1.0,1,2006-03-17,2026-08-25 20:37:49.801000000
BLS,EQ,BLS International Services Limited,INE153T01027,1.0,1,2016-06-14,2026-08-25 20:37:49.801000000
BLSE,EQ,BLS E-Services Limited,INE0NLT01010,10.0,1,2024-02-06,2026-08-25 20:37:49.801000000
BLUECHIP,EQ,Blue Chip India Limited,INE657B01025,2.0,1,1997-03-12,2026-08-25 20:37:49.801000000
BLUECLOUDS,EQ,Blue Cloud Softech Solutions Limited,INE373T01047,1.0,1,2026-08-17,2026-08-25 20:37:49.801000000
BLUECOAST,BE,Blue Coast Hotels Limited,INE472B01011,10.0,1,2000-02-16,2026-08-25 20:37:49.801000000
BLUEDART,EQ,Blue Dart Express Limited,INE233B01017,10.0,1,2002-12-12,2026-08-25 20:37:49.801000000
BLUEJET,EQ,Blue Jet Healthcare Limited,INE0KBH01020,2.0,1,2023-11-01,2026-08-25 20:37:49.801000000
BLUESTARCO,EQ,Blue Star Limited,INE472A01039,2.0,1,2000-06-15,2026-08-25 20:37:49.801000000
BLUESTONE,EQ,BlueStone Jewellery and Lifestyle Limited,INE304W01038,1.0,1,2025-08-19,2026-08-25 20:37:49.801000000
BLUSPRING,EQ,Bluspring Enterprises Limited,INE0U4101014,10.0,1,2025-06-11,2026-08-25 20:37:49.801000000
BMWVENTLTD,EQ,BMW Ventures Limited,INE965W01036,10.0,1,2025-10-01,2026-08-25 20:37:49.801000000
BNAGROCHEM,EQ,BN Agrochem Limited,INE00HZ01011,10.0,1,2026-04-20,2026-08-25 20:37:49.801000000
BNALTD,BE,B & A Limited,INE489D01011,10.0,1,2026-04-20,2026-08-25 20:37:49.801000000
BODALCHEM,BE,Bodal Chemicals Limited,INE338D01028,2.0,1,2011-08-22,2026-08-25 20:37:49.801000000
BOHRAIND,EQ,Bohra Industries Limited,INE802W01023,10.0,1,2022-10-27,2026-08-25 20:37:49.801000000
BOMDYEING,EQ,Bombay Dyeing & Mfg Company Limited,INE032A01023,2.0,1,1995-04-26,2026-08-25 20:37:49.801000000
BONLON,EQ,Bonlon Industries Limited,INE0B9A01018,10.0,1,2026-02-20,2026-08-25 20:37:49.801000000
BORANA,EQ,Borana Weaves Limited,INE16SF01016,10.0,1,2025-05-27,2026-08-25 20:37:49.801000000
BOROLTD,EQ,Borosil Limited,INE02PY01013,1.0,1,2020-07-22,2026-08-25 20:37:49.801000000
BORORENEW,EQ,BOROSIL RENEWABLES LIMITED,INE666D01022,1.0,1,2018-05-25,2026-08-25 20:37:49.801000000
BOROSCI,EQ,Borosil Scientific Limited,INE02L001032,1.0,1,2024-06-07,2026-08-25 20:37:49.801000000
BOSCH-HCIL,EQ,BOSCH HOME COMFORT INDIA LIMITED,INE782A01015,10.0,1,2000-01-03,2026-08-25 20:37:49.801000000
BOSCHLTD,EQ,Bosch Limited,INE323A01026,10.0,1,2003-05-12,2026-08-25 20:37:49.801000000
BPCL,EQ,Bharat Petroleum Corporation Limited,INE029A01011,10.0,1,1995-09-13,2026-08-25 20:37:49.801000000
BPL,EQ,BPL Limited,INE110A01019,10.0,1,1995-06-14,2026-08-25 20:37:49.801000000
BPLPHARMA,EQ,Bharat Parenterals Limited,INE365Y01019,10.0,1,2026-08-17,2026-08-25 20:37:49.801000000
BRAHMINFRA,EQ,Brahmaputra Infrastructure Limited,INE320I01017,10.0,1,2026-08-17,2026-08-25 20:37:49.801000000
BRIGADE,EQ,Brigade Enterprises Limited,INE791I01019,10.0,1,2007-12-31,2026-08-25 20:37:49.801000000
BRIGHOTEL,EQ,Brigade Hotel Ventures Limited,INE03NU01014,10.0,1,2025-07-31,2026-08-25 20:37:49.801000000
BRIGHTBR,EQ,Bright Brothers Limited,INE630D01010,10.0,1,2026-08-17,2026-08-25 20:37:49.801000000
BRITANNIA,EQ,Britannia Industries Limited,INE216A01030,1.0,1,1998-11-05,2026-08-25 20:37:49.801000000
BRNL,EQ,Bharat Road Network Limited,INE727S01012,10.0,1,2017-09-18,2026-08-25 20:37:49.801000000
BROOKS,BE,Brooks Laboratories Limited,INE650L01011,10.0,1,2011-09-05,2026-08-25 20:37:49.801000000
BSE,EQ,BSE Limited,INE118H01025,2.0,1,2017-02-03,2026-08-25 20:37:49.801000000
BSHSL,EQ,Bombay Super Hybrid Seeds Limited,INE032Z01020,1.0,1,2020-10-28,2026-08-25 20:37:49.801000000
BSL,EQ,BSL Limited,INE594B01012,10.0,1,1995-07-27,2026-08-25 20:37:49.801000000
BSOFT,EQ,BIRLASOFT LIMITED,INE836A01035,2.0,1,1999-11-24,2026-08-25 20:37:49.801000000
BTML,EQ,Bodhi Tree Multimedia Limited,INE0EEJ01023,1.0,1,2023-02-15,2026-08-25 20:37:49.801000000
BTTL,BE,Bhilwara Technical Textiles Limited,INE274K01012,1.0,1,2026-04-20,2026-08-25 20:37:49.801000000
BUILDPRO,EQ,Shankara Buildpro Limited,INE24OJ01011,10.0,1,2026-01-09,2026-08-25 20:37:49.801000000
BURNPUR,EQ,Burnpur Cement Limited,INE817H01022,10.0,1,2008-01-03,2026-08-25 20:37:49.801000000
BUTTERFLY,EQ,Butterfly Gandhimathi Appliances Limited,INE295F01017,10.0,1,2014-04-28,2026-08-25 20:37:49.801000000
BVCL,EQ,Barak Valley Cements Limited,INE139I01011,10.0,1,2007-11-23,2026-08-25 20:37:49.801000000
BYKE,BE,The Byke Hospitality Ltd,INE319B01014,10.0,1,2015-04-15,2026-08-25 20:37:49.801000000
CALSOFT,EQ,California Software Company Limited,INE526B01014,10.0,1,2000-06-28,2026-08-25 20:37:49.801000000
CAMLINFINE,EQ,Camlin Fine Sciences Limited,INE052I01032,1.0,1,2015-01-20,2026-08-25 20:37:49.801000000
CAMPUS,EQ,Campus Activewear Limited,INE278Y01022,5.0,1,2022-05-09,2026-08-25 20:37:49.801000000
CAMS,EQ,Computer Age Management Services Limited,INE596I01020,2.0,1,2021-05-07,2026-08-25 20:37:49.801000000
CANBK,EQ,Canara Bank,INE476A01022,2.0,1,2002-12-23,2026-08-25 20:37:49.801000000
CANFINHOME,EQ,Can Fin Homes Limited,INE477A01020,2.0,1,1995-05-10,2026-08-25 20:37:49.801000000
CANHLIFE,EQ,Canara HSBC Life Insurance Company Limited,INE01TY01017,10.0,1,2025-10-17,2026-08-25 20:37:49.801000000
CANTABIL,EQ,Cantabil Retail India Limited,INE068L01024,2.0,1,2010-10-12,2026-08-25 20:37:49.801000000
CAPACITE,EQ,Capacit'e Infraprojects Limited,INE264T01014,10.0,1,2017-09-25,2026-08-25 20:37:49.801000000
CAPILLARY,EQ,Capillary Technologies India Limited,INE0ILV01024,2.0,1,2025-11-21,2026-08-25 20:37:49.801000000
CAPITALSFB,EQ,Capital Small Finance Bank Limited,INE646H01017,10.0,1,2024-02-14,2026-08-25 20:37:49.801000000
CAPLIPOINT,EQ,Caplin Point Laboratories Limited,INE475E01026,2.0,1,2014-06-23,2026-08-25 20:37:49.801000000
CAPTRUST,BE,Capital Trust Limited,INE707C01018,10.0,1,2017-01-16,2026-08-25 20:37:49.801000000
CARBORUNIV,EQ,Carborundum Universal Limited,INE120A01034,1.0,1,1996-04-03,2026-08-25 20:37:49.801000000
CARERATING,EQ,CARE Ratings Limited,INE752H01013,10.0,1,2012-12-26,2026-08-25 20:37:49.801000000
CARRARO,EQ,Carraro India Limited,INE0V7W01012,10.0,1,2024-12-30,2026-08-25 20:37:49.801000000
CARTRADE,EQ,Cartrade Tech Limited,INE290S01011,10.0,1,2021-08-20,2026-08-25 20:37:49.801000000
CARYSIL,EQ,CARYSIL LIMITED,INE482D01024,2.0,1,2021-01-14,2026-08-25 20:37:49.801000000
CASTROLIND,EQ,Castrol India Limited,INE172A01027,5.0,1,2014-03-14,2026-08-25 20:37:49.801000000
CCAVENUE,EQ,AvenuesAI Limited,INE483S01020,1.0,1,2016-04-04,2026-08-25 20:37:49.801000000
CCCL,EQ,Consolidated Construction Consortium Limited,INE429I01024,2.0,1,2007-10-15,2026-08-25 20:37:49.801000000
CCHHL,EQ,Country Club Hospitality & Holidays Limited,INE652F01027,2.0,1,2015-02-03,2026-08-25 20:37:49.801000000
CCL,EQ,CCL Products (India) Limited,INE421D01022,2.0,1,2004-06-07,2026-08-25 20:37:49.801000000
CDSL,EQ,Central Depository Services (India) Limited,INE736A01011,10.0,1,2017-06-30,2026-08-25 20:37:49.801000000
CEATLTD,EQ,CEAT Limited,INE482A01020,10.0,1,2008-02-01,2026-08-25 20:37:49.801000000
CEIGALL,EQ,Ceigall India Limited,INE0AG901020,5.0,1,2024-08-08,2026-08-25 20:37:49.801000000
CEINSYS,EQ,Ceinsys Tech Limited,INE016Q01014,10.0,1,2026-02-19,2026-08-25 20:37:49.801000000
CELEBRITY,EQ,Celebrity Fashions Limited,INE185H01016,10.0,1,2006-01-12,2026-08-25 20:37:49.801000000
CELLO,EQ,Cello World Limited,INE0LMW01024,5.0,1,2023-11-06,2026-08-25 20:37:49.801000000
CEMPRO,EQ,Cemindia Projects Limited,INE686A01026,1.0,1,1999-02-10,2026-08-25 20:37:49.801000000
CENTENKA,EQ,Century Enka Limited,INE485A01015,10.0,1,1995-05-10,2026-08-25 20:37:49.801000000
CENTEXT,EQ,Century Extrusions Limited,INE281A01026,1.0,1,2004-07-20,2026-08-25 20:37:49.801000000
CENTRALBK,EQ,Central Bank of India,INE483A01010,10.0,1,2007-08-21,2026-08-25 20:37:49.801000000
CENTRUM,EQ,Centrum Capital Limited,INE660C01027,1.0,1,2018-04-04,2026-08-25 20:37:49.801000000
CENTUM,EQ,Centum Electronics Limited,INE320B01020,10.0,1,2007-10-05,2026-08-25 20:37:49.801000000
CENTURYPLY,EQ,Century Plyboards (India) Limited,INE348B01021,1.0,1,2006-03-23,2026-08-25 20:37:49.801000000
CERA,EQ,Cera Sanitaryware Limited,INE739E01017,5.0,1,2007-11-02,2026-08-25 20:37:49.801000000
CEREBRAINT,BZ,Cerebra Integrated Technologies Limited,INE345B01019,10.0,1,2013-06-26,2026-08-25 20:37:49.801000000
CESC,EQ,CESC Limited,INE486A01021,1.0,1,1995-02-08,2026-08-25 20:37:49.801000000
CEWATER,EQ,Concord Enviro Systems Limited,INE037Z01029,5.0,1,2024-12-27,2026-08-25 20:37:49.801000000
CFEL,EQ,Confidence Futuristic Energetech Limited,INE700F01024,5.0,1,2026-08-17,2026-08-25 20:37:49.801000000
CGCL,EQ,Capri Global Capital Limited,INE180C01042,1.0,1,2010-10-29,2026-08-25 20:37:49.801000000
CGPOWER,EQ,CG Power and Industrial Solutions Limited,INE067A01029,2.0,1,1995-03-01,2026-08-25 20:37:49.801000000
CGVAK,EQ,CG Vak Software & Exports Limited,INE084D01010,10.0,1,2026-08-17,2026-08-25 20:37:49.801000000
CHALET,EQ,Chalet Hotels Limited,INE427F01016,10.0,1,2019-02-07,2026-08-25 20:37:49.801000000
CHAMBLFERT,EQ,Chambal Fertilizers & Chemicals Limited,INE085A01013,10.0,1,1995-06-14,2026-08-25 20:37:49.801000000
CHEMBOND,EQ,Chembond Material Technologies Limited,INE995D01025,5.0,1,2019-11-20,2026-08-25 20:37:49.801000000
CHEMBONDCH,BE,Chembond Chemicals Limited,INE0TGX01019,5.0,1,2025-07-23,2026-08-25 20:37:49.801000000
CHEMCON,BE,Chemcon Speciality Chemicals Limited,INE03YM01018,10.0,1,2020-10-01,2026-08-25 20:37:49.801000000
CHEMCRUX,EQ,Chemcrux Enterprises Limited,INE298W01016,10.0,1,2026-08-17,2026-08-25 20:37:49.801000000
CHEMFAB,EQ,Chemfab Alkalis Limited,INE783X01023,10.0,1,2018-04-25,2026-08-25 20:37:49.801000000
CHEMPLASTS,EQ,Chemplast Sanmar Limited,INE488A01050,5.0,1,2021-08-24,2026-08-25 20:37:49.801000000
CHENNPETRO,EQ,Chennai Petroleum Corporation Limited,INE178A01016,10.0,1,2000-06-07,2026-08-25 20:37:49.801000000
CHEVIOT,EQ,Cheviot Company Limited,INE974B01016,10.0,1,2022-06-20,2026-08-25 20:37:49.801000000
CHOICEIN,EQ,Choice International Limited,INE102B01014,10.0,1,2022-04-08,2026-08-25 20:37:49.801000000
CHOLAFIN,EQ,Cholamandalam Investment and Finance Company Limited,INE121A01024,2.0,1,1996-05-15,2026-08-25 20:37:49.801000000
CHOLAHLDNG,EQ,Cholamandalam Financial Holdings Limited,INE149A01033,1.0,1,2017-09-25,2026-08-25 20:37:49.801000000
CIEINDIA,EQ,CIE Automotive India Limited,INE536H01010,10.0,1,2007-08-30,2026-08-25 20:37:49.801000000
CIFL,EQ,Capital India Finance Limited,INE345H01024,2.0,1,2025-04-17,2026-08-25 20:37:49.801000000
CINELINE,EQ,Cineline India Limited,INE704H01022,5.0,1,2012-06-13,2026-08-25 20:37:49.801000000
CINEVISTA,EQ,Cinevista Limited,INE039B01026,2.0,1,2000-05-02,2026-08-25 20:37:49.801000000
CIPLA,EQ,Cipla Limited,INE059A01026,2.0,1,1995-02-08,2026-08-25 20:37:49.801000000
CLCIND,BE,CLC Industries Limited,INE376C01038,10.0,1,2006-12-20,2026-08-25 20:37:49.801000000
CLEAN,EQ,Clean Science and Technology Limited,INE227W01023,1.0,1,2021-07-19,2026-08-25 20:37:49.801000000
CLEANMAX,EQ,Clean Max Enviro Energy Solutions Limited,INE647U01026,1.0,1,2026-03-02,2026-08-25 20:37:49.801000000
CLEDUCATE,BE,CL Educate Limited,INE201M01029,5.0,1,2017-03-31,2026-08-25 20:37:49.801000000
CLSEL,EQ,Chaman Lal Setia Exports Limited,INE419D01026,2.0,1,2021-05-12,2026-08-25 20:37:49.801000000
CMLL,EQ,Caliber Mining and Logistics Limited,INE11XY01018,10.0,1,2026-07-24,2026-08-25 20:37:49.801000000
CMPDI,EQ,Central Mine Planning & Design Institute Limited,INE05HV01027,2.0,1,2026-03-30,2026-08-25 20:37:49.801000000
CMRGREEN,EQ,CMR Green Technologies Limited,INE00WV01027,2.0,1,2026-06-10,2026-08-25 20:37:49.801000000
CMSINFO,EQ,CMS Info Systems Limited,INE925R01014,10.0,1,2021-12-31,2026-08-25 20:37:49.801000000
CNL,EQ,Creative Newtech Limited,INE985W01018,10.0,1,2019-08-05,2026-08-25 20:37:49.801000000
COALINDIA,EQ,Coal India Limited,INE522F01014,10.0,1,2010-11-04,2026-08-25 20:37:49.801000000
COASTCORP,EQ,Coastal Corporation Limited,INE377E01024,2.0,1,2021-10-08,2026-08-25 20:37:49.801000000
COCHINSHIP,EQ,Cochin Shipyard Limited,INE704P01025,5.0,1,2017-08-11,2026-08-25 20:37:49.801000000
COCKERILL,EQ,John Cockerill India Limited,INE515A01019,10.0,1,2026-04-20,2026-08-25 20:37:49.801000000
COFFEEDAY,BE,Coffee Day Enterprises Limited,INE335K01011,10.0,1,2015-11-02,2026-08-25 20:37:49.801000000
COFORGE,EQ,Coforge Limited,INE591G01025,2.0,1,2004-08-30,2026-08-25 20:37:49.801000000
COHANCE,EQ,Cohance Lifesciences Limited,INE03QK01018,1.0,1,2020-03-09,2026-08-25 20:37:49.801000000
COLPAL,EQ,Colgate Palmolive (India) Limited,INE259A01022,1.0,1,2007-12-17,2026-08-25 20:37:49.801000000
COMFINTE,EQ,Comfort Intech Limited,INE819A01049,1.0,1,2026-04-20,2026-08-25 20:37:49.801000000
COMPEAU,EQ,Competent Automobiles Company Limited,INE823B01015,10.0,1,2026-08-17,2026-08-25 20:37:49.801000000
COMPINFO,BZ,Compuage Infocom Limited,INE070C01037,2.0,1,2016-07-07,2026-08-25 20:37:49.801000000
COMPUSOFT,EQ,Compucom Software Limited,INE453B01029,2.0,1,2012-03-02,2026-08-25 20:37:49.801000000
COMSYN,EQ,Commercial Syn Bags Limited,INE073V01015,10.0,1,2024-01-23,2026-08-25 20:37:49.801000000
CONCOR,EQ,Container Corporation of India Limited,INE111A01025,5.0,1,1997-05-07,2026-08-25 20:37:49.801000000
CONCORDBIO,EQ,Concord Biotech Limited,INE338H01029,1.0,1,2023-08-18,2026-08-25 20:37:49.801000000
CONFIPET,EQ,Confidence Petroleum India Limited,INE552D01024,1.0,1,2019-06-13,2026-08-25 20:37:49.801000000
CONSOFINVT,BE,Consolidated Finvest & Holdings Limited,INE025A01027,10.0,1,2005-03-29,2026-08-25 20:37:49.801000000
CONTROLPR,EQ,Control Print Limited,INE663B01015,10.0,1,2016-06-24,2026-08-25 20:37:49.801000000
CORALFINAC,EQ,Coral India Finance & Housing Limited,INE558D01021,2.0,1,1996-03-25,2026-08-25 20:37:49.801000000
CORDELIA,EQ,Waterways Leisure Tourism Limited,INE0LZF01039,1.0,1,2026-07-01,2026-08-25 20:37:49.801000000
CORDSCABLE,BE,Cords Cable Industries Limited,INE792I01017,10.0,1,2008-02-13,2026-08-25 20:37:49.801000000
COROMANDEL,EQ,Coromandel International Limited,INE169A01031,1.0,1,1995-05-31,2026-08-25 20:37:49.801000000
CORONA,EQ,CORONA Remedies Limited,INE02ZQ01018,10.0,1,2025-12-15,2026-08-25 20:37:49.801000000
COSMOFIRST,EQ,COSMO FIRST LIMITED,INE757A01017,10.0,1,1995-05-25,2026-08-25 20:37:49.801000000
COUNCODOS,BE,Country Condo's Limited,INE695B01025,1.0,1,2009-01-22,2026-08-25 20:37:49.801000000
CPCAP,EQ,CP Capital Limited,INE521J01018,10.0,1,2010-10-06,2026-08-25 20:37:49.801000000
CPEDU,EQ,Career Point Edutech Limited,INE0P6P01016,10.0,1,2025-09-05,2026-08-25 20:37:49.801000000
CPL,EQ,Captain Polyplast Limited,INE536P01021,2.0,1,2026-07-23,2026-08-25 20:37:49.801000000
CPPLUS,EQ,Aditya Infotech Limited,INE819V01029,1.0,1,2025-08-05,2026-08-25 20:37:49.801000000
CRAFTSMAN,EQ,Craftsman Automation Limited,INE00LO01017,5.0,1,2021-03-25,2026-08-25 20:37:49.801000000
CRAMC,EQ,Canara Robeco Asset Management Company Limited,INE218I01013,10.0,1,2025-10-16,2026-08-25 20:37:49.801000000
CRAVATEX,EQ,Cravatex Limited,INE145E01017,10.0,1,2026-08-17,2026-08-25 20:37:49.801000000
CREATIVEYE,EQ,Creative Eye Limited,INE230B01021,5.0,1,2000-12-20,2026-08-25 20:37:49.801000000
CREDITACC,EQ,CREDITACCESS GRAMEEN LIMITED,INE741K01010,10.0,1,2018-08-23,2026-08-25 20:37:49.801000000
CREST,EQ,Crest Ventures Limited,INE559D01011,10.0,1,2006-12-27,2026-08-25 20:37:49.801000000
CRISIL,EQ,Crisil Limited,INE007A01025,1.0,1,1995-06-28,2026-08-25 20:37:49.801000000
CRIZAC,EQ,Crizac Limited,INE0S4R01014,2.0,1,2025-07-09,2026-08-25 20:37:49.801000000
CROMPTON,EQ,Crompton Greaves Consumer Electricals Limited,INE299U01018,2.0,1,2016-05-13,2026-08-25 20:37:49.801000000
CROWN,EQ,Crown Lifters Limited,INE491V01019,10.0,1,2022-02-08,2026-08-25 20:37:49.801000000
CRSL,EQ,Cressanda Railway Solutions Limited,INE716D01033,1.0,1,2026-08-17,2026-08-25 20:37:49.801000000
CSBBANK,EQ,CSB Bank Limited,INE679A01013,10.0,1,2019-12-04,2026-08-25 20:37:49.801000000
CSLFINANCE,EQ,CSL Finance Limited,INE718F01018,10.0,1,2022-07-21,2026-08-25 20:37:49.801000000
CSM,EQ,CSM Technologies Limited,INE0ZK601013,10.0,1,2026-07-02,2026-08-25 20:37:49.801000000
CTE,EQ,Cambridge Technology Enterprises Limited,INE627H01017,10.0,1,2007-02-07,2026-08-25 20:37:49.801000000
CUB,EQ,City Union Bank Limited,INE491A01021,1.0,1,1998-08-25,2026-08-25 20:37:49.801000000
CUBEXTUB,EQ,Cubex Tubings Limited,INE144D01012,10.0,1,1996-04-24,2026-08-25 20:37:49.801000000
CUMMINSIND,EQ,Cummins India Limited,INE298A01020,2.0,1,1995-03-29,2026-08-25 20:37:49.801000000
CUPID,EQ,Cupid Limited,INE509F01029,1.0,1,2016-09-16,2026-08-25 20:37:49.801000000
CURAA,EQ,Cura Technologies Limited,INE117B01020,10.0,1,2025-03-21,2026-08-25 20:37:49.801000000
CYBERMEDIA,EQ,Cyber Media (India) Limited,INE278G01037,10.0,1,2005-06-10,2026-08-25 20:37:49.801000000
CYBERTECH,BE,Cybertech Systems And Software Limited,INE214A01019,10.0,1,1999-01-27,2026-08-25 20:37:49.801000000
CYIENT,EQ,Cyient Limited,INE136B01020,5.0,1,1998-09-30,2026-08-25 20:37:49.801000000
CYIENTDLM,EQ,Cyient DLM Limited,INE055S01018,10.0,1,2023-07-10,2026-08-25 20:37:49.801000000
DABUR,EQ,Dabur India Limited,INE016A01026,1.0,1,1999-04-28,2026-08-25 20:37:49.801000000
DAICHI,EQ,Dai-Ichi Karkaria Limited,INE928C01010,10.0,1,2026-04-20,2026-08-25 20:37:49.801000000
DALBHARAT,EQ,Dalmia Bharat Limited,INE00R701025,2.0,1,2019-01-22,2026-08-25 20:37:49.801000000
DALMIASUG,EQ,Dalmia Bharat Sugar and Industries Limited,INE495A01022,2.0,1,1996-01-17,2026-08-25 20:37:49.801000000
DAMCAPITAL,EQ,Dam Capital Advisors Limited,INE284H01025,2.0,1,2024-12-27,2026-08-25 20:37:49.801000000
DAMODARIND,BE,Damodar Industries Limited,INE497D01022,5.0,1,2016-07-04,2026-08-25 20:37:49.801000000
DANGEE,EQ,Dangee Dums Limited,INE688Y01022,1.0,1,2020-11-13,2026-08-25 20:37:49.801000000
DATAMATICS,EQ,Datamatics Global Services Limited,INE365B01017,5.0,1,2004-05-07,2026-08-25 20:37:49.801000000
DATAPATTNS,EQ,Data Patterns (India) Limited,INE0IX101010,2.0,1,2021-12-24,2026-08-25 20:37:49.801000000
DAVANGERE,EQ,Davangere Sugar Company Limited,INE179G01029,1.0,1,2024-01-25,2026-08-25 20:37:49.801000000
DBCORP,EQ,D.B.Corp Limited,INE950I01011,10.0,1,2010-01-06,2026-08-25 20:37:49.801000000
DBEIL,BE,Deepak Builders & Engineers India Limited,INE0OPA01027,1.0,1,2024-10-28,2026-08-25 20:37:49.801000000
DBL,EQ,Dilip Buildcon Limited,INE917M01012,10.0,1,2016-08-11,2026-08-25 20:37:49.801000000
DBOL,EQ,Dhampur Bio Organics Limited,INE0I3401014,10.0,1,2022-09-08,2026-08-25 20:37:49.801000000
DBREALTY,EQ,Valor Estate Limited,INE879I01012,10.0,1,2010-02-24,2026-08-25 20:37:49.801000000
DBSTOCKBRO,BE,DB (International) Stock Brokers Limited,INE921B01025,2.0,1,2012-02-29,2026-08-25 20:37:49.801000000
DCAL,EQ,Dishman Carbogen Amcis Limited,INE385W01011,2.0,1,2017-09-21,2026-08-25 20:37:49.801000000
DCBBANK,EQ,DCB Bank Limited,INE503A01015,10.0,1,2006-10-27,2026-08-25 20:37:49.801000000
DCI,EQ,Dc Infotech And Communication Limited,INE0A1101019,10.0,1,2022-10-19,2026-08-25 20:37:49.801000000
DCM,BE,DCM  Limited,INE498A01018,10.0,1,1995-03-29,2026-08-25 20:37:49.801000000
DCMFINSERV,EQ,DCM Financial Services Limited,INE891B01012,10.0,1,1997-05-21,2026-08-25 20:37:49.801000000
DCMNVL,EQ,DCM Nouvelle Limited,INE08KP01019,10.0,1,2019-07-16,2026-08-25 20:37:49.801000000
DCMSHRIRAM,EQ,DCM Shriram Limited,INE499A01024,2.0,1,1995-04-12,2026-08-25 20:37:49.801000000
DCMSIL,EQ,DCM Shriram International Limited,INE0OU201013,2.0,1,2026-02-17,2026-08-25 20:37:49.801000000
DCMSRIND,EQ,DCM Shriram Industries Limited,INE843D01027,2.0,1,2021-12-24,2026-08-25 20:37:49.801000000
DCW,EQ,DCW Limited,INE500A01029,2.0,1,1995-05-25,2026-08-25 20:37:49.801000000
DCXINDIA,EQ,DCX Systems Limited,INE0KL801015,2.0,1,2022-11-11,2026-08-25 20:37:49.801000000
DDEVPLSTIK,EQ,Ddev Plastiks Industries Limited,INE0HR601026,1.0,1,2025-01-15,2026-08-25 20:37:49.801000000
DECCANCE,EQ,Deccan Cements Limited,INE583C01021,5.0,1,2007-08-02,2026-08-25 20:37:49.801000000
DECNGOLD,EQ,Deccan Gold Mines Limited,INE945F01025,1.0,1,2026-04-20,2026-08-25 20:37:49.801000000
DEEDEV,EQ,DEE Development Engineers Limited,INE841L01016,10.0,1,2024-06-26,2026-08-25 20:37:49.801000000
DEEP,EQ,Deep Polymers Limited,INE00IY01012,10.0,1,2026-08-17,2026-08-25 20:37:49.801000000
DEEPAKFERT,EQ,Deepak Fertilizers and Petrochemicals Corporation Limited,INE501A01019,10.0,1,2003-01-17,2026-08-25 20:37:49.801000000
DEEPAKNTR,EQ,Deepak Nitrite Limited,INE288B01029,2.0,1,2010-09-29,2026-08-25 20:37:49.801000000
DEEPINDS,EQ,Deep Industries Limited,INE0FHS01024,5.0,1,2021-04-27,2026-08-25 20:37:49.801000000
DELHIVERY,EQ,Delhivery Limited,INE148O01028,1.0,1,2022-05-24,2026-08-25 20:37:49.801000000
DELPHIFX,BE,DELPHI WORLD MONEY LIMITED,INE726L01027,2.0,1,2011-06-28,2026-08-25 20:37:49.801000000
DELTACORP,EQ,Delta Corp Limited,INE124G01033,1.0,1,2007-11-02,2026-08-25 20:37:49.801000000
DELTAMAGNT,EQ,Delta Manufacturing Limited,INE393A01011,10.0,1,1995-10-18,2026-08-25 20:37:49.801000000
DEN,EQ,Den Networks Limited,INE947J01015,10.0,1,2009-11-24,2026-08-25 20:37:49.801000000
DENORA,EQ,De Nora India Limited,INE244A01016,10.0,1,1997-08-07,2026-08-25 20:37:49.801000000
DENTA,EQ,Denta Water and Infra Solutions Limited,INE0R4L01018,10.0,1,2025-01-29,2026-08-25 20:37:49.801000000
DEVIT,EQ,Dev Information Technology Limited,INE060X01034,2.0,1,2022-02-15,2026-08-25 20:37:49.801000000
DEVX,EQ,Dev Accelerator Limited,INE0VOV01021,2.0,1,2025-09-17,2026-08-25 20:37:49.801000000
DEVYANI,EQ,Devyani International Limited,INE872J01023,1.0,1,2021-08-16,2026-08-25 20:37:49.801000000
DGCONTENT,EQ,Digicontent Limited,INE03JI01017,2.0,1,2019-06-18,2026-08-25 20:37:49.801000000
DHABRIYA,BE,Dhabriya Polywood Limited,INE260R01016,10.0,1,2026-08-17,2026-08-25 20:37:49.801000000
DHAMPURSUG,EQ,Dhampur Sugar Mills Limited,INE041A01016,10.0,1,1995-03-29,2026-08-25 20:37:49.801000000
DHANBANK,EQ,Dhanlaxmi Bank Limited,INE680A01011,10.0,1,2004-04-01,2026-08-25 20:37:49.801000000
DHANUKA,EQ,Dhanuka Agritech Limited,INE435G01025,2.0,1,2011-06-29,2026-08-25 20:37:49.801000000
DHARAN,BZ,DHARAN INFRA-EPC LIMITED,INE278R01034,1.0,1,2018-04-02,2026-08-25 20:37:49.801000000
DHARMAJ,EQ,Dharmaj Crop Guard Limited,INE00OQ01016,10.0,1,2022-12-08,2026-08-25 20:37:49.801000000
DHATRE,EQ,Dhatre Udyog Limited,INE715T01031,1.0,1,2026-08-17,2026-08-25 20:37:49.801000000
DHOOTTRANS,EQ,Dhoot Transmission Limited,INE01NH01023,2.0,1,2026-08-17,2026-08-25 20:37:49.801000000
DHRUV,EQ,Dhruv Consultancy Services Limited,INE506Z01015,10.0,1,2021-11-25,2026-08-25 20:37:49.801000000
DHUNINV,EQ,Dhunseri Investments Limited,INE320L01011,10.0,1,2011-03-18,2026-08-25 20:37:49.801000000
DIACABS,BE,Diamond Power Infrastructure Limited,INE989C01038,1.0,1,2023-09-15,2026-08-25 20:37:49.801000000
DIAMINESQ,EQ,Diamines & Chemicals Limited,INE591D01014,10.0,1,2023-09-25,2026-08-25 20:37:49.801000000
DIAMONDYD,EQ,Prataap Snacks Limited,INE393P01035,5.0,1,2017-10-05,2026-08-25 20:37:49.801000000
DICIND,EQ,DIC India Limited,INE303A01010,10.0,1,1995-08-30,2026-08-25 20:37:49.801000000
DIFFNKG,EQ,Diffusion Engineers Limited,INE184O01015,10.0,1,2024-10-04,2026-08-25 20:37:49.801000000
DIGIDRIVE,EQ,Digidrive Distributors Limited,INE0PSC01024,10.0,1,2024-01-10,2026-08-25 20:37:49.801000000
DIGISPICE,EQ,DiGiSPICE Technologies Limited,INE927C01020,3.0,1,2008-05-27,2026-08-25 20:37:49.801000000
DIGITIDE,EQ,Digitide Solutions Limited,INE0U4701011,10.0,1,2025-06-11,2026-08-25 20:37:49.801000000
DIGJAMLMTD,EQ,Digjam Limited,INE731U01028,10.0,1,2021-10-18,2026-08-25 20:37:49.801000000
DISAQ,EQ,Disa India Limited,INE131C01011,10.0,1,2026-04-20,2026-08-25 20:37:49.801000000
DISHTV,EQ,Dish TV India Limited,INE836F01026,1.0,1,2007-04-18,2026-08-25 20:37:49.801000000
DIVGIITTS,EQ,Divgi Torqtransfer Systems Limited,INE753U01022,5.0,1,2023-03-14,2026-08-25 20:37:49.801000000
DIVISLAB,EQ,Divi's Laboratories Limited,INE361B01024,2.0,1,2003-03-12,2026-08-25 20:37:49.801000000
DIXON,EQ,Dixon Technologies (India) Limited,INE935N01020,2.0,1,2017-09-18,2026-08-25 20:37:49.801000000
DJML,EQ,DJ Mediaprint & Logistics Limited,INE0B1K01014,10.0,1,2022-12-05,2026-08-25 20:37:49.801000000
DLF,EQ,DLF Limited,INE271C01023,2.0,1,2007-07-05,2026-08-25 20:37:49.801000000
DLINKINDIA,EQ,D-Link (India) Limited,INE250K01012,2.0,1,2009-12-18,2026-08-25 20:37:49.801000000
DMART,EQ,Avenue Supermarts Limited,INE192R01011,10.0,1,2017-03-21,2026-08-25 20:37:49.801000000
DMCC,EQ,DMCC SPECIALITY CHEMICALS LIMITED,INE505A01010,10.0,1,2021-12-01,2026-08-25 20:37:49.801000000
DNAMEDIA,EQ,Diligent Media Corporation Limited,INE016M01021,1.0,1,2017-12-11,2026-08-25 20:37:49.801000000
DODLA,EQ,Dodla Dairy Limited,INE021O01019,10.0,1,2021-06-28,2026-08-25 20:37:49.801000000
DOLATALGO,EQ,Dolat Algotech Limited,INE966A01022,1.0,1,2024-01-12,2026-08-25 20:37:49.801000000
DOLLAR,EQ,Dollar Industries Limited,INE325C01035,2.0,1,2017-04-21,2026-08-25 20:37:49.801000000
DOLPHIN,EQ,Dolphin Offshore Enterprises (India) Limited,INE920A01037,1.0,1,2023-08-21,2026-08-25 20:37:49.801000000
DOMS,EQ,DOMS Industries Limited,INE321T01012,10.0,1,2023-12-20,2026-08-25 20:37:49.801000000
DONEAR,EQ,Donear Industries Limited,INE668D01028,2.0,1,2006-12-20,2026-08-25 20:37:49.801000000
DPABHUSHAN,EQ,D. P. Abhushan Limited,INE266Y01019,10.0,1,2020-11-03,2026-08-25 20:37:49.801000000
DPSCLTD,BE,DPSC Limited,INE360C01024,1.0,1,2008-04-21,2026-08-25 20:37:49.801000000
DPWIRES,BE,D P Wires Limited,INE864X01013,10.0,1,2020-01-17,2026-08-25 20:37:49.801000000
DRAGARWQ,EQ,Dr Agarwals Eye Hospital Limited,INE934C01018,10.0,1,2026-04-20,2026-08-25 20:37:49.801000000
DRCSYSTEMS,EQ,DRC Systems India Limited,INE03RS01027,1.0,1,2021-03-10,2026-08-25 20:37:49.801000000
DREAMFOLKS,EQ,Dreamfolks Services Limited,INE0JS101016,2.0,1,2022-09-06,2026-08-25 20:37:49.801000000
DREDGECORP,EQ,Dredging Corporation of India Limited,INE506A01018,10.0,1,2004-01-15,2026-08-25 20:37:49.801000000
DRREDDY,EQ,Dr. Reddy's Laboratories Limited,INE089A01031,1.0,1,2003-05-30,2026-08-25 20:37:49.801000000
DSFCL,BE,DCM Shriram Fine Chemicals Limited,INE0OFM01015,2.0,1,2026-02-17,2026-08-25 20:37:49.801000000
DSKULKARNI,BE,DS Kulkarni Developers Limited,INE891A01022,10.0,1,1995-02-08,2026-08-25 20:37:49.801000000
DSSL,EQ,Dynacons Systems & Solutions Limited,INE417B01040,10.0,1,2011-12-01,2026-08-25 20:37:49.801000000
DTIL,EQ,Dhunseri Tea & Industries Limited,INE341R01014,10.0,1,2015-01-20,2026-08-25 20:37:49.801000000
DUCON,EQ,Ducon Infratechnologies Limited,INE741L01018,1.0,1,2012-10-09,2026-08-25 20:37:49.801000000
DVL,EQ,Dhunseri Ventures Limited,INE477B01010,10.0,1,2008-01-11,2026-08-25 20:37:49.801000000
DWARKESH,EQ,Dwarikesh Sugar Industries Limited,INE366A01041,1.0,1,2004-12-31,2026-08-25 20:37:49.801000000
DYCL,EQ,Dynamic Cables Limited,INE600Y01019,10.0,1,2022-07-27,2026-08-25 20:37:49.801000000
DYNAMATECH,EQ,Dynamatic Technologies Limited,INE221B01012,10.0,1,2006-09-14,2026-08-25 20:37:49.801000000
DYNPRO,EQ,Dynemic Products Limited,INE256H01015,10.0,1,2017-07-19,2026-08-25 20:37:49.801000000
E2E,BE,E2E Networks Limited,INE255Z01027,1.0,1,2022-04-12,2026-08-25 20:37:49.801000000
EASEMYTRIP,EQ,Easy Trip Planners Limited,INE07O001026,1.0,1,2021-03-19,2026-08-25 20:37:49.801000000
EASTSILK,BE,Eastern Silk Industries Limited,INE962C01035,2.0,1,1996-07-03,2026-08-25 20:37:49.801000000
EASTWEST,EQ,East West Freight Carriers Limited,INE595R01023,2.0,1,2026-08-17,2026-08-25 20:37:49.801000000
EBGNG,EQ,GNG Electronics Limited,INE18JU01028,2.0,1,2025-07-30,2026-08-25 20:37:49.801000000
EBIX,EQ,EBIX Limited,INE432F01032,1.0,1,2026-08-17,2026-08-25 20:37:49.801000000
ECLERX,EQ,eClerx Services Limited,INE738I01010,10.0,1,2007-12-31,2026-08-25 20:37:49.801000000
ECORECO,EQ,Eco Recycling Limited,INE316A01038,10.0,1,2026-08-17,2026-08-25 20:37:49.801000000
ECOSMOBLTY,BE,Ecos (India) Mobility & Hospitality Limited,INE06HJ01020,2.0,1,2024-09-04,2026-08-25 20:37:49.801000000
EDELWEISS,EQ,Edelweiss Financial Services Limited,INE532F01054,1.0,1,2007-12-12,2026-08-25 20:37:49.801000000
EFCIL,EQ,EFC (I) Limited,INE886D01026,2.0,1,2025-08-20,2026-08-25 20:37:49.801000000
EICHERMOT,EQ,Eicher Motors Limited,INE066A01021,1.0,1,2004-09-07,2026-08-25 20:37:49.801000000
EIDPARRY,EQ,EID Parry India Limited,INE126A01031,1.0,1,1995-05-10,2026-08-25 20:37:49.801000000
EIEL,EQ,Enviro Infra Engineers Limited,INE0LLY01014,10.0,1,2024-11-29,2026-08-25 20:37:49.801000000
EIFFL,BE,Euro India Fresh Foods Limited,INE546V01010,10.0,1,2021-10-12,2026-08-25 20:37:49.801000000
EIHAHOTELS,EQ,EIH Associated Hotels Limited,INE276C01014,10.0,1,2008-04-08,2026-08-25 20:37:49.801000000
EIHOTEL,EQ,EIH Limited,INE230A01023,2.0,1,1995-02-08,2026-08-25 20:37:49.801000000
EIMCOELECO,EQ,Eimco Elecon (India) Limited,INE158B01016,10.0,1,1996-04-17,2026-08-25 20:37:49.801000000
EKC,EQ,Everest Kanto Cylinder Limited,INE184H01027,2.0,1,2005-12-15,2026-08-25 20:37:49.801000000
EKI,EQ,EKI Energy Services Limited,INE0CPR01018,10.0,1,2026-08-17,2026-08-25 20:37:49.801000000
ELANTAS,EQ,Elantas Beck India Limited,INE280B01018,10.0,1,2026-04-20,2026-08-25 20:37:49.801000000
ELCIDIN,EQ,EL CID Investments Limited,INE927X01018,10.0,1,2026-04-20,2026-08-25 20:37:49.801000000
ELDEHSG,EQ,Eldeco Housing And Industries Limited,INE668G01021,2.0,1,2022-04-12,2026-08-25 20:37:49.801000000
ELECON,EQ,Elecon Engineering Company Limited,INE205B01031,1.0,1,2006-09-29,2026-08-25 20:37:49.801000000
ELECTCAST,EQ,Electrosteel Castings Limited,INE086A01029,1.0,1,2003-06-20,2026-08-25 20:37:49.801000000
ELECTHERM,EQ,Electrotherm (India) Limited,INE822G01016,10.0,1,2007-08-20,2026-08-25 20:37:49.801000000
ELGIEQUIP,EQ,Elgi Equipments Limited,INE285A01027,1.0,1,1995-11-22,2026-08-25 20:37:49.801000000
ELGIRUBCO,EQ,Elgi Rubber Company Limited,INE819L01012,1.0,1,2011-08-10,2026-08-25 20:37:49.801000000
ELIN,EQ,Elin Electronics Limited,INE050401020,5.0,1,2022-12-30,2026-08-25 20:37:49.801000000
ELITECON,EQ,Elitecon International Limited,INE669R01026,1.0,1,2026-04-20,2026-08-25 20:37:49.801000000
ELLEN,EQ,Ellenbarrie Industrial Gases Limited,INE236E01022,2.0,1,2025-07-01,2026-08-25 20:37:49.801000000
ELPROINTL,EQ,Elpro International Limited,INE579B01039,1.0,1,2026-04-20,2026-08-25 20:37:49.801000000
EMAMILTD,EQ,Emami Limited,INE548C01032,1.0,1,2006-08-03,2026-08-25 20:37:49.801000000
EMAMIPAP,BE,Emami Paper Mills Limited,INE830C01026,2.0,1,2019-05-30,2026-08-25 20:37:49.801000000
EMAMIREAL,EQ,Emami Realty Limited,INE778K01012,2.0,1,2010-07-28,2026-08-25 20:37:49.801000000
EMBDL,EQ,Embassy Developments Limited,INE069I01010,2.0,1,2007-03-23,2026-08-25 20:37:49.801000000
EMCURE,EQ,Emcure Pharmaceuticals Limited,INE168P01015,10.0,1,2024-07-10,2026-08-25 20:37:49.801000000
EMIL,EQ,Electronics Mart India Limited,INE02YR01019,10.0,1,2022-10-17,2026-08-25 20:37:49.801000000
EMKAY,EQ,Emkay Global Financial Services Limited,INE296H01011,10.0,1,2006-04-28,2026-08-25 20:37:49.801000000
EMMBI,BE,Emmbi Industries Limited,INE753K01015,10.0,1,2010-02-24,2026-08-25 20:37:49.801000000
EMMVEE,EQ,Emmvee Photovoltaic Power Limited,INE1C6T01020,2.0,1,2025-11-18,2026-08-25 20:37:49.801000000
EMPIND,EQ,Empire Industries Limited,INE515H01014,10.0,1,2026-08-17,2026-08-25 20:37:49.801000000
EMPOWER,EQ,Empower India Limited,INE507F01023,1.0,1,2026-04-20,2026-08-25 20:37:49.801000000
EMSLIMITED,EQ,EMS Limited,INE0OV601013,10.0,1,2023-09-21,2026-08-25 20:37:49.801000000
EMUDHRA,EQ,eMudhra Limited,INE01QM01018,5.0,1,2022-06-01,2026-08-25 20:37:49.801000000
ENDURANCE,EQ,Endurance Technologies Limited,INE913H01037,10.0,1,2016-10-19,2026-08-25 20:37:49.801000000
ENERGYDEV,EQ,Energy Development Company Limited,INE306C01019,10.0,1,2007-11-02,2026-08-25 20:37:49.801000000
ENGINERSIN,EQ,Engineers India Limited,INE510A01028,5.0,1,1997-08-20,2026-08-25 20:37:49.801000000
ENIL,EQ,Entertainment Network (India) Limited,INE265F01028,10.0,1,2006-02-15,2026-08-25 20:37:49.801000000
ENKEIWHEL,EQ,Enkei Wheels (India) Limited,INE130L01014,5.0,1,2026-08-17,2026-08-25 20:37:49.801000000
ENRIN,EQ,Siemens Energy India Limited,INE1NPP01017,2.0,1,2025-06-19,2026-08-25 20:37:49.801000000
ENTERO,EQ,Entero Healthcare Solutions Limited,INE010601016,10.0,1,2024-02-16,2026-08-25 20:37:49.801000000
EPACK,EQ,EPACK Durable Limited,INE0G5901015,10.0,1,2024-01-30,2026-08-25 20:37:49.801000000
EPACKPEB,EQ,EPack Prefab Technologies Limited,INE0MLS01022,2.0,1,2025-10-01,2026-08-25 20:37:49.801000000
EPIGRAL,EQ,Epigral Limited,INE071N01016,10.0,1,2021-08-18,2026-08-25 20:37:49.801000000
EPL,EQ,EPL Limited,INE255A01020,2.0,1,2002-02-11,2026-08-25 20:37:49.801000000
EQUIPPP,BE,Equippp Social Impact Technologies Limited,INE217G01035,1.0,1,2021-05-19,2026-08-25 20:37:49.801000000
EQUITASBNK,EQ,Equitas Small Finance Bank Limited,INE063P01018,10.0,1,2020-11-02,2026-08-25 20:37:49.801000000
ERIS,EQ,Eris Lifesciences Limited,INE406M01024,1.0,1,2017-06-29,2026-08-25 20:37:49.801000000
ESABINDIA,EQ,Esab India Limited,INE284A01012,10.0,1,1995-11-01,2026-08-25 20:37:49.801000000
ESAFSFB,BE,ESAF Small Finance Bank Limited,INE818W01011,10.0,1,2023-11-10,2026-08-25 20:37:49.801000000
ESCORTS,EQ,Escorts Kubota Limited,INE042A01014,10.0,1,1995-03-01,2026-08-25 20:37:49.801000000
ESSARSHPNG,EQ,Essar Shipping Limited,INE122M01019,10.0,1,2011-11-15,2026-08-25 20:37:49.801000000
ESSENTIA,EQ,Integra Essentia Limited,INE418N01035,1.0,1,2013-08-20,2026-08-25 20:37:49.801000000
ESTER,EQ,Ester Industries Limited,INE778B01029,5.0,1,2011-06-20,2026-08-25 20:37:49.801000000
ETERNAL,EQ,ETERNAL LIMITED,INE758T01015,1.0,1,2021-07-23,2026-08-25 20:37:49.801000000
ETHOSLTD,EQ,Ethos Limited,INE04TZ01018,10.0,1,2022-05-30,2026-08-25 20:37:49.801000000
EUREKAFORB,EQ,Eureka Forbes Limited,INE0KCE01017,10.0,1,2024-09-11,2026-08-25 20:37:49.801000000
EUROBOND,EQ,Euro Panel Products Limited,INE505V01016,10.0,1,2025-08-01,2026-08-25 20:37:49.801000000
EUROPRATIK,EQ,Euro Pratik Sales Limited,INE198501012,1.0,1,2025-09-23,2026-08-25 20:37:49.801000000
EUROTEXIND,BE,Eurotex Industries and Exports Limited,INE022C01012,10.0,1,1996-01-31,2026-08-25 20:37:49.801000000
EVEREADY,EQ,Eveready Industries India Limited,INE128A01029,5.0,1,2005-04-27,2026-08-25 20:37:49.801000000
EVERESTIND,BE,Everest Industries Limited,INE295A01018,10.0,1,1995-03-29,2026-08-25 20:37:49.801000000
EXCELINDUS,EQ,Excel Industries Limited,INE369A01029,5.0,1,2004-06-16,2026-08-25 20:37:49.801000000
EXCELSOFT,EQ,Excelsoft Technologies Limited,INE606N01019,10.0,1,2025-11-26,2026-08-25 20:37:49.801000000
EXICOM,EQ,Exicom Tele-Systems Limited,INE777F01014,10.0,1,2024-03-05,2026-08-25 20:37:49.801000000
EXIDEIND,EQ,Exide Industries Limited,INE302A01020,1.0,1,2003-06-17,2026-08-25 20:37:49.801000000
EXPLEOSOL,EQ,Expleo Solutions Limited,INE201K01015,10.0,1,2009-10-26,2026-08-25 20:37:49.801000000
EXXARO,EQ,Exxaro Tiles Limited,INE0GFE01026,1.0,1,2021-08-16,2026-08-25 20:37:49.801000000
FABTECH,EQ,Fabtech Technologies Limited,INE0HF201011,10.0,1,2025-10-07,2026-08-25 20:37:49.801000000
FACT,EQ,Fertilizers and Chemicals Travancore Limited,INE188A01015,10.0,1,1995-04-12,2026-08-25 20:37:49.801000000
FAIRCHEMOR,BE,Fairchem Organics Limited,INE0DNW01011,10.0,1,2020-12-24,2026-08-25 20:37:49.801000000
FAZE3Q,EQ,Faze Three Limited,INE963C01033,10.0,1,2022-11-18,2026-08-25 20:37:49.801000000
FCL,EQ,Fineotex Chemical Limited,INE045J01034,1.0,1,2015-01-15,2026-08-25 20:37:49.801000000
FCSSOFT,EQ,FCS Software Solutions Limited,INE512B01022,1.0,1,2005-09-21,2026-08-25 20:37:49.801000000
FDC,EQ,FDC Limited,INE258B01022,1.0,1,1997-08-07,2026-08-25 20:37:49.801000000
FEDDERSHOL,EQ,Fedders Holding Limited,INE417D01020,1.0,1,2026-04-20,2026-08-25 20:37:49.801000000
FEDERALBNK,EQ,The Federal Bank  Limited,INE171A01029,2.0,1,1995-02-08,2026-08-25 20:37:49.801000000
FEDFINA,EQ,Fedbank Financial Services Limited,INE007N01010,10.0,1,2023-11-30,2026-08-25 20:37:49.801000000
FEL,BZ,Future Enterprises Limited,INE623B01027,2.0,1,2001-11-05,2026-08-25 20:37:49.801000000
FELDVR,BZ,Future Enterprises Limited,IN9623B01058,2.0,1,2009-02-13,2026-08-25 20:37:49.801000000
FERMENTA,EQ,Fermenta Biotech Limited,INE225B01021,5.0,1,2026-08-04,2026-08-25 20:37:49.801000000
FIBERWEB,EQ,Fiberweb (India) Limited,INE296C01020,10.0,1,2022-02-16,2026-08-25 20:37:49.801000000
FIEMIND,EQ,Fiem Industries Limited,INE737H01014,10.0,1,2006-10-19,2026-08-25 20:37:49.801000000
FILATEX,EQ,Filatex India Limited,INE816B01035,1.0,1,2011-08-29,2026-08-25 20:37:49.801000000
FILATFASH,EQ,Filatex Fashions Limited,INE185E01021,1.0,1,2024-05-06,2026-08-25 20:37:49.801000000
FINCABLES,EQ,Finolex Cables Limited,INE235A01022,2.0,1,1995-02-15,2026-08-25 20:37:49.801000000
FINEORG,EQ,Fine Organic Industries Limited,INE686Y01026,5.0,1,2018-07-02,2026-08-25 20:37:49.801000000
FINKURVE,EQ,Finkurve Financial Services Limited,INE734I01027,1.0,1,2025-10-01,2026-08-25 20:37:49.801000000
FINOPB,EQ,Fino Payments Bank Limited,INE02NC01014,10.0,1,2021-11-12,2026-08-25 20:37:49.801000000
FINPIPE,EQ,Finolex Industries Limited,INE183A01024,2.0,1,1995-02-08,2026-08-25 20:37:49.801000000
FIRSTCRY,EQ,Brainbees Solutions Limited,INE02RE01045,2.0,1,2024-08-13,2026-08-25 20:37:49.801000000
FISCHER,EQ,Fischer Medical Ventures Limited,INE771F01041,1.0,1,2025-07-10,2026-08-25 20:37:49.801000000
FIVESTAR,EQ,Five-Star Business Finance Limited,INE128S01021,1.0,1,2022-11-21,2026-08-25 20:37:49.801000000
FLAIR,EQ,Flair Writing Industries Limited,INE00Y201027,5.0,1,2023-12-01,2026-08-25 20:37:49.801000000
FLEXITUFF,BE,Flexituff Ventures International Limited,INE060J01017,10.0,1,2011-10-19,2026-08-25 20:37:49.801000000
FLFL,BZ,Future Lifestyle Fashions Limited,INE452O01016,2.0,1,2013-10-01,2026-08-25 20:37:49.801000000
FLUOROCHEM,EQ,Gujarat Fluorochemicals Limited,INE09N301011,1.0,1,2019-10-16,2026-08-25 20:37:49.801000000
FMGOETZE,EQ,Federal-Mogul Goetze (India) Limited.,INE529A01010,10.0,1,1995-02-08,2026-08-25 20:37:49.801000000
FMNL,EQ,Future Market Networks Limited,INE360L01017,10.0,1,2010-12-31,2026-08-25 20:37:49.801000000
FOCUS,BE,Focus Lighting and Fixtures Limited,INE593W01028,2.0,1,2021-11-24,2026-08-25 20:37:49.801000000
FOODSIN,EQ,Foods & Inns Limited,INE976E01023,1.0,1,2021-11-16,2026-08-25 20:37:49.801000000
FORCEMOT,EQ,FORCE MOTORS LTD,INE451A01017,10.0,1,2024-02-14,2026-08-25 20:37:49.801000000
FORTIS,EQ,Fortis Healthcare Limited,INE061F01013,10.0,1,2007-05-09,2026-08-25 20:37:49.801000000
FOSECOIND,EQ,Foseco India Limited,INE519A01011,10.0,1,2003-05-05,2026-08-25 20:37:49.801000000
FRACTAL,EQ,Fractal Analytics Limited,INE212S01015,1.0,1,2026-02-16,2026-08-25 20:37:49.801000000
FREDUN,EQ,Fredun Pharmaceuticals Limited,INE194R01017,10.0,1,2026-08-17,2026-08-25 20:37:49.801000000
FRONTSP,EQ,Frontier Springs Limited,INE572D01014,10.0,1,2026-04-20,2026-08-25 20:37:49.801000000
FSL,EQ,Firstsource Solutions Limited,INE684F01012,10.0,1,2007-02-22,2026-08-25 20:37:49.801000000
FUSION,EQ,Fusion Finance Limited,INE139R01012,10.0,1,2022-11-15,2026-08-25 20:37:49.801000000
GABRIEL,EQ,Gabriel India Limited,INE524A01029,1.0,1,2005-04-20,2026-08-25 20:37:49.801000000
GAEL,EQ,Gujarat Ambuja Exports Limited,INE036B01030,1.0,1,2000-10-11,2026-08-25 20:37:49.801000000
GAIL,EQ,GAIL (India) Limited,INE129A01019,10.0,1,1997-04-02,2026-08-25 20:37:49.801000000
GALAPREC,EQ,Gala Precision Engineering Limited,INE0RE001014,10.0,1,2024-09-09,2026-08-25 20:37:49.801000000
GALAXYSURF,EQ,Galaxy Surfactants Limited,INE600K01018,10.0,1,2018-02-08,2026-08-25 20:37:49.801000000
GALLANTT,EQ,Gallantt Ispat Limited,INE297H01019,10.0,1,2006-04-04,2026-08-25 20:37:49.801000000
GANDHAR,EQ,Gandhar Oil Refinery (India) Limited,INE717W01049,2.0,1,2023-11-30,2026-08-25 20:37:49.801000000
GANDHITUBE,EQ,Gandhi Special Tubes Limited,INE524B01027,5.0,1,2007-01-31,2026-08-25 20:37:49.801000000
GANECOS,EQ,Ganesha Ecosphere Limited,INE845D01014,10.0,1,2015-03-09,2026-08-25 20:37:49.801000000
GANESHBE,BE,Ganesh Benzoplast Limited,INE388A01029,1.0,1,2021-09-16,2026-08-25 20:37:49.801000000
GANESHCP,EQ,Ganesh Consumer Products Limited,INE652V01016,10.0,1,2025-09-29,2026-08-25 20:37:49.801000000
GANESHHOU,EQ,GANESH HOUSING LIMITED,INE460C01014,10.0,1,2007-03-02,2026-08-25 20:37:49.801000000
GANGAFORGE,EQ,Ganga Forging Limited,INE691Z01023,1.0,1,2021-07-06,2026-08-25 20:37:49.801000000
GANGESSECU,EQ,Ganges Securities Limited,INE335W01016,10.0,1,2017-07-28,2026-08-25 20:37:49.801000000
GARFIBRES,EQ,Garware Technical Fibres Limited,INE276A01018,10.0,1,2007-04-03,2026-08-25 20:37:49.801000000
GARUDA,EQ,Garuda Construction and Engineering Limited,INE0JVO01026,5.0,1,2024-10-15,2026-08-25 20:37:49.801000000
GATECH,BE,GACM Technologies Limited,INE224E01028,1.0,1,2016-07-25,2026-08-25 20:37:49.801000000
GATECHDVR,BE,GACM Technologies Limited,INE224E01036,1.0,1,2017-10-10,2026-08-25 20:37:49.801000000
GATEWAY,EQ,Gateway Distriparks Limited,INE079J01017,10.0,1,2022-03-22,2026-08-25 20:37:49.801000000
GAUDIUMIVF,BE,Gaudium IVF and Women Health Limited,INE0P8B01020,5.0,1,2026-02-27,2026-08-25 20:37:49.801000000
GAYAHWS,EQ,Gayatri Highways Limited,INE287Z01012,2.0,1,2018-06-28,2026-08-25 20:37:49.801000000
GAYAPROJ,BE,Gayatri Projects Limited,INE336H01023,2.0,1,2011-08-22,2026-08-25 20:37:49.801000000
GCSL,EQ,Gretex Corporate Services Limited,INE199P01028,10.0,1,2025-09-04,2026-08-25 20:37:49.801000000
GEECEE,BE,GeeCee Ventures Limited,INE916G01016,10.0,1,2006-10-04,2026-08-25 20:37:49.801000000
GEEKAYWIRE,EQ,Geekay Wires Limited,INE669X01032,1.0,1,2020-03-06,2026-08-25 20:37:49.801000000
GEMAROMA,EQ,Gem Aromatics Limited,INE06XZ01023,2.0,1,2025-08-26,2026-08-25 20:37:49.801000000
GENCON,EQ,Generic Engineering Construction and Projects Limited,INE854S01022,5.0,1,2021-02-16,2026-08-25 20:37:49.801000000
GENESYS,EQ,Genesys International Corporation Limited,INE727B01026,5.0,1,2003-01-23,2026-08-25 20:37:49.801000000
GENSOL,BZ,Gensol Engineering Limited,INE06H201014,10.0,1,2023-07-03,2026-08-25 20:37:49.801000000
GENUSPAPER,EQ,Genus Paper & Boards Limited,INE949P01018,1.0,1,2015-02-16,2026-08-25 20:37:49.801000000
GENUSPOWER,EQ,Genus Power Infrastructures Limited,INE955D01029,1.0,1,2005-07-08,2026-08-25 20:37:49.801000000
GEOJITFSL,EQ,Geojit Financial Services Limited,INE007B01023,1.0,1,2005-07-01,2026-08-25 20:37:49.801000000
GESHIP,EQ,The Great Eastern Shipping Company Limited,INE017A01032,10.0,1,2006-11-27,2026-08-25 20:37:49.801000000
GFLLIMITED,EQ,GFL Limited,INE538A01037,1.0,1,1995-05-25,2026-08-25 20:37:49.801000000
GHCL,EQ,GHCL Limited,INE539A01019,10.0,1,2003-07-31,2026-08-25 20:37:49.801000000
GHCLTEXTIL,EQ,GHCL Textiles Limited,INE0PA801013,2.0,1,2023-06-12,2026-08-25 20:37:49.801000000
GICHSGFIN,EQ,GIC Housing Finance Limited,INE289B01019,10.0,1,1996-05-08,2026-08-25 20:37:49.801000000
GICL,EQ,Globe International Carriers Limited,INE947T01022,5.0,1,2026-02-18,2026-08-25 20:37:49.801000000
GICRE,EQ,General Insurance Corporation of India,INE481Y01014,5.0,1,2017-10-25,2026-08-25 20:37:49.801000000
GILLANDERS,EQ,Gillanders Arbuthnot & Company Limited,INE047B01011,10.0,1,2009-12-14,2026-08-25 20:37:49.801000000
GILLETTE,EQ,Gillette India Limited,INE322A01010,10.0,1,2003-07-30,2026-08-25 20:37:49.801000000
GINNIFILA,BE,Ginni Filaments Limited,INE424C01010,10.0,1,1995-05-10,2026-08-25 20:37:49.801000000
GIPCL,EQ,Gujarat Industries Power Company Limited,INE162A01010,10.0,1,1995-02-08,2026-08-25 20:37:49.801000000
GKB,EQ,GKB Ophthalmics Limited,INE265D01015,10.0,1,2026-08-17,2026-08-25 20:37:49.801000000
GKENERGY,EQ,GK Energy Limited,INE1AG301022,2.0,1,2025-09-26,2026-08-25 20:37:49.801000000
GKSL,EQ,Gujarat Kidney And Super Speciality Limited,INE0V0W01025,2.0,1,2025-12-30,2026-08-25 20:37:49.801000000
GKWLIMITED,EQ,GKW Limited,INE528A01020,10.0,1,2009-07-20,2026-08-25 20:37:49.801000000
GLAND,EQ,Gland Pharma Limited,INE068V01023,1.0,1,2020-11-20,2026-08-25 20:37:49.801000000
GLAXO,EQ,GlaxoSmithKline Pharmaceuticals Limited,INE159A01016,10.0,1,2000-12-15,2026-08-25 20:37:49.801000000
GLENMARK,EQ,Glenmark Pharmaceuticals Limited,INE935A01035,1.0,1,2000-02-07,2026-08-25 20:37:49.801000000
GLFL,EQ,Gujarat Lease Financing Limited,INE540A01017,10.0,1,1995-02-08,2026-08-25 20:37:49.801000000
GLOBAL,EQ,Global Education Limited,INE291W01037,2.0,1,2020-12-07,2026-08-25 20:37:49.801000000
GLOBALE,EQ,Globale Tessile Limited,INE0URU01010,10.0,1,2024-08-27,2026-08-25 20:37:49.801000000
GLOBALVECT,EQ,Global Vectra Helicorp Limited,INE792H01019,10.0,1,2006-10-27,2026-08-25 20:37:49.801000000
GLOBE,EQ,GLOBE ENTERPRISES (INDIA) LIMITED,INE581X01021,2.0,1,2020-10-07,2026-08-25 20:37:49.801000000
GLOBECIVIL,EQ,Globe Civil Projects Limited,INE0V3U01015,10.0,1,2025-07-01,2026-08-25 20:37:49.801000000
GLOBUSSPR,EQ,Globus Spirits Limited,INE615I01010,10.0,1,2009-09-23,2026-08-25 20:37:49.801000000
GLOSTERLTD,EQ,Gloster Limited,INE350Z01018,10.0,1,2024-04-26,2026-08-25 20:37:49.801000000
GLOTTIS,EQ,Glottis Limited,INE0TQE01026,2.0,1,2025-10-07,2026-08-25 20:37:49.801000000
GMBREW,EQ,GM Breweries Limited,INE075D01018,10.0,1,1995-08-23,2026-08-25 20:37:49.801000000
GMDCLTD,EQ,Gujarat Mineral Development Corporation Limited,INE131A01031,2.0,1,1997-12-17,2026-08-25 20:37:49.801000000
GMMPFAUDLR,EQ,GMM Pfaudler Limited,INE541A01023,2.0,1,2018-03-05,2026-08-25 20:37:49.801000000
GMRAIRPORT,EQ,GMR AIRPORTS LIMITED,INE776C01039,1.0,1,2006-08-21,2026-08-25 20:37:49.801000000
GMRP&UI,EQ,GMR Power and Urban Infra Limited,INE0CU601026,5.0,1,2022-03-23,2026-08-25 20:37:49.801000000
GNA,EQ,GNA Axles Limited,INE934S01014,10.0,1,2016-09-26,2026-08-25 20:37:49.801000000
GNFC,EQ,Gujarat Narmada Valley Fertilizers and Chemicals Limited,INE113A01013,10.0,1,1995-05-17,2026-08-25 20:37:49.801000000
GNRL,EQ,Gujarat Natural Resources Limited,INE207H01018,10.0,1,2026-04-20,2026-08-25 20:37:49.801000000
GOACARBON,EQ,Goa Carbon Limited,INE426D01013,10.0,1,2007-06-05,2026-08-25 20:37:49.801000000
GOCLCORP,EQ,GOCL Corporation Limited,INE077F01035,2.0,1,2014-06-26,2026-08-25 20:37:49.801000000
GOCOLORS,EQ,Go Fashion (India) Limited,INE0BJS01011,10.0,1,2021-11-30,2026-08-25 20:37:49.801000000
GODAVARIB,EQ,Godavari Biorefineries Limited,INE497S01012,10.0,1,2024-10-30,2026-08-25 20:37:49.801000000
GODFRYPHLP,EQ,Godfrey Phillips India Limited,INE260B01028,2.0,1,1996-07-24,2026-08-25 20:37:49.801000000
GODIGIT,EQ,Go Digit General Insurance Limited,INE03JT01014,10.0,1,2024-05-23,2026-08-25 20:37:49.801000000
GODREJAGRO,EQ,Godrej Agrovet Limited,INE850D01014,10.0,1,2017-10-16,2026-08-25 20:37:49.801000000
GODREJCP,EQ,Godrej Consumer Products Limited,INE102D01028,1.0,1,2001-06-20,2026-08-25 20:37:49.801000000
GODREJIND,EQ,Godrej Industries Limited,INE233A01035,1.0,1,2003-02-25,2026-08-25 20:37:49.801000000
GODREJPROP,EQ,Godrej Properties Limited,INE484J01027,5.0,1,2010-01-05,2026-08-25 20:37:49.801000000
GOKEX,EQ,Gokaldas Exports Limited,INE887G01027,5.0,1,2005-04-27,2026-08-25 20:37:49.801000000
GOKUL,EQ,Gokul Refoils and Solvent Limited,INE020J01029,2.0,1,2008-06-04,2026-08-25 20:37:49.801000000
GOKULAGRO,EQ,Gokul Agro Resources Limited,INE314T01033,1.0,1,2016-03-11,2026-08-25 20:37:49.801000000
GOLDENTOBC,BZ,Golden Tobacco Limited,INE973A01010,10.0,1,1995-02-08,2026-08-25 20:37:49.801000000
GOLDIAM,EQ,Goldiam International Limited,INE025B01025,2.0,1,2005-08-29,2026-08-25 20:37:49.801000000
GOLDTECH,BE,AION-TECH SOLUTIONS LIMITED,INE805A01014,10.0,1,2001-04-11,2026-08-25 20:37:49.801000000
GOODLUCK,EQ,Goodluck India Limited,INE127I01024,2.0,1,2015-01-08,2026-08-25 20:37:49.801000000
GOODYEAR,EQ,Goodyear India Limited,INE533A01012,10.0,1,2026-04-20,2026-08-25 20:37:49.801000000
GOPAL,EQ,Gopal Snacks Limited,INE0L9R01028,1.0,1,2024-03-14,2026-08-25 20:37:49.801000000
GOYALALUM,EQ,Goyal Aluminiums Limited,INE705X01026,1.0,1,2022-11-04,2026-08-25 20:37:49.801000000
GPIL,EQ,Godawari Power And Ispat limited,INE177H01039,1.0,1,2006-04-25,2026-08-25 20:37:49.801000000
GPPL,EQ,Gujarat Pipavav Port Limited,INE517F01014,10.0,1,2010-09-09,2026-08-25 20:37:49.801000000
GPTHEALTH,EQ,GPT Healthcare Limited,INE486R01017,10.0,1,2024-02-29,2026-08-25 20:37:49.801000000
GPTINFRA,EQ,GPT Infraprojects Limited,INE390G01014,10.0,1,2016-07-11,2026-08-25 20:37:49.801000000
GRADIENTE,EQ,Gradiente Infotainment Limited,INE361K01017,10.0,1,2026-05-08,2026-08-25 20:37:49.801000000
GRANDOAK,EQ,Grand Oak Canyons Distillery Limited,INE926B01016,10.0,1,2026-04-20,2026-08-25 20:37:49.801000000
GRANULES,EQ,Granules India Limited,INE101D01020,1.0,1,2005-06-20,2026-08-25 20:37:49.801000000
GRAPHITE,EQ,Graphite India Limited,INE371A01025,2.0,1,2003-02-07,2026-08-25 20:37:49.801000000
GRASIM,EQ,Grasim Industries Limited,INE047A01021,2.0,1,1995-05-10,2026-08-25 20:37:49.801000000
GRAUWEIL,EQ,Grauer & Weil India Limited,INE266D01021,1.0,1,2026-04-20,2026-08-25 20:37:49.801000000
GRAVISSHO,EQ,Graviss Hospitality Limited,INE214F01026,2.0,1,2026-04-20,2026-08-25 20:37:49.801000000
GRAVITA,EQ,Gravita India Limited,INE024L01027,2.0,1,2010-11-16,2026-08-25 20:37:49.801000000
GREAVESCOT,EQ,Greaves Cotton Limited,INE224A01026,2.0,1,2004-09-09,2026-08-25 20:37:49.801000000
GREENLAM,EQ,Greenlam Industries Limited,INE544R01021,1.0,1,2015-03-02,2026-08-25 20:37:49.801000000
GREENPANEL,EQ,Greenpanel Industries Limited,INE08ZM01014,1.0,1,2019-10-23,2026-08-25 20:37:49.801000000
GREENPLY,EQ,Greenply Industries Limited,INE461C01038,1.0,1,1996-03-06,2026-08-25 20:37:49.801000000
GREENPOWER,EQ,Orient Green Power Company Limited,INE999K01014,10.0,1,2010-10-08,2026-08-25 20:37:49.801000000
GRINDWELL,EQ,Grindwell Norton Limited,INE536A01023,5.0,1,2006-09-11,2026-08-25 20:37:49.801000000
GRINFRA,EQ,G R Infraprojects Limited,INE201P01022,5.0,1,2021-07-19,2026-08-25 20:37:49.801000000
GRMOVER,EQ,GRM Overseas Limited,INE192H01020,2.0,1,2022-09-07,2026-08-25 20:37:49.801000000
GROBTEA,EQ,The Grob Tea Company Limited,INE646C01018,10.0,1,2016-07-14,2026-08-25 20:37:49.801000000
GROWW,EQ,Billionbrains Garage Ventures Limited,INE0HOQ01053,2.0,1,2025-11-12,2026-08-25 20:37:49.801000000
GRPLTD,EQ,GRP Limited,INE137I01015,10.0,1,2015-02-12,2026-08-25 20:37:49.801000000
GRSE,EQ,Garden Reach Shipbuilders & Engineers Limited,INE382Z01011,10.0,1,2018-10-10,2026-08-25 20:37:49.801000000
GRWRHITECH,EQ,Garware Hi-Tech Films Limited,INE291A01017,10.0,1,2022-02-03,2026-08-25 20:37:49.801000000
GSFC,EQ,Gujarat State Fertilizers & Chemicals Limited,INE026A01025,2.0,1,1995-09-06,2026-08-25 20:37:49.801000000
GSLSU,EQ,Global Surfaces Limited,INE0JSX01015,10.0,1,2023-03-23,2026-08-25 20:37:49.801000000
GSPCROP,EQ,GSP Crop Science Limited,INE713R01022,10.0,1,2026-03-24,2026-08-25 20:37:49.801000000
GSS,EQ,GSS Infotech Limited,INE871H01011,10.0,1,2008-03-07,2026-08-25 20:37:49.801000000
GTECJAINX,BE,G-TEC JAINX EDUCATION LIMITED,INE586X01012,10.0,1,2020-11-13,2026-08-25 20:37:49.801000000
GTL,EQ,GTL Limited,INE043A01012,10.0,1,1995-03-29,2026-08-25 20:37:49.801000000
GTLINFRA,EQ,GTL Infrastructure Limited,INE221H01019,10.0,1,2006-11-09,2026-08-25 20:37:49.801000000
GTPL,EQ,GTPL Hathway Limited,INE869I01013,10.0,1,2017-07-04,2026-08-25 20:37:49.801000000
GUFICBIO,EQ,Gufic Biosciences Limited,INE742B01025,1.0,1,2004-10-19,2026-08-25 20:37:49.801000000
GUJALKALI,EQ,Gujarat Alkalies and Chemicals Limited,INE186A01019,10.0,1,1997-08-07,2026-08-25 20:37:49.801000000
GUJAPOLLO,EQ,Gujarat Apollo Industries Limited,INE826C01016,10.0,1,2007-06-04,2026-08-25 20:37:49.801000000
GUJENERGY,EQ,GUJARAT ENERGY LIMITED,INE844O01030,2.0,1,2015-09-15,2026-08-25 20:37:49.801000000
GUJRAFFIA,EQ,Gujarat Raffia Industries Limited,INE610B01024,10.0,100,1996-10-09,2026-08-25 20:37:49.801000000
GUJTHEM,EQ,Gujarat Themis Biosyn Limited,INE942C01045,1.0,1,2025-02-25,2026-08-25 20:37:49.801000000
GULFOILLUB,EQ,Gulf Oil Lubricants India Limited,INE635Q01029,2.0,1,2014-07-31,2026-08-25 20:37:49.801000000
GULFPETRO,BE,GP Petroleums Limited,INE586G01017,5.0,1,2004-09-24,2026-08-25 20:37:49.801000000
GULPOLY,EQ,Gulshan Polyols Limited,INE255D01024,1.0,1,2015-01-28,2026-08-25 20:37:49.801000000
GVKPIL,BE,GVK Power & Infrastructure Limited,INE251H01024,1.0,1,2006-02-27,2026-08-25 20:37:49.801000000
GVPIL,EQ,GE Power India Limited,INE878A01011,10.0,1,2000-04-19,2026-08-25 20:37:49.801000000
GVPTECH,EQ,GVP Infotech Limited,INE382T01030,2.0,1,2022-09-06,2026-08-25 20:37:49.801000000
GVT&D,EQ,GE Vernova T&D India Limited,INE200A01026,2.0,1,2008-06-30,2026-08-25 20:37:49.801000000
GYFTR,EQ,Gyftr Limited,INE724A01017,10.0,1,2026-07-10,2026-08-25 20:37:49.801000000
HAL,EQ,Hindustan Aeronautics Limited,INE066F01020,5.0,1,2018-03-28,2026-08-25 20:37:49.801000000
HALDER,EQ,Halder Venture Limited,INE115S01010,10.0,1,2026-01-19,2026-08-25 20:37:49.801000000
HALDYNGL,BE,Haldyn Glass Limited,INE506D01020,1.0,1,2026-04-20,2026-08-25 20:37:49.801000000
HALEOSLABS,EQ,HALEOS LABS LIMITED,INE320X01016,10.0,1,2017-08-17,2026-08-25 20:37:49.801000000
HAMPTON,EQ,Hampton Sky Realty Limited,INE299D01022,1.0,1,2026-08-17,2026-08-25 20:37:49.801000000
HAPPSTMNDS,EQ,Happiest Minds Technologies Limited,INE419U01012,2.0,1,2020-09-17,2026-08-25 20:37:49.801000000
HAPPYFORGE,EQ,Happy Forgings Limited,INE330T01021,2.0,1,2023-12-27,2026-08-25 20:37:49.801000000
HARDWYN,EQ,Hardwyn India Limited,INE626Z01029,1.0,1,2022-04-12,2026-08-25 20:37:49.801000000
HARIOMPIPE,EQ,Hariom Pipe Industries Limited,INE00EV01017,10.0,1,2022-04-13,2026-08-25 20:37:49.801000000
HARRMALAYA,EQ,Harrisons  Malayalam Limited,INE544A01019,10.0,1,1995-02-08,2026-08-25 20:37:49.801000000
HARSHA,EQ,Harsha Engineers International Limited,INE0JUS01029,10.0,1,2022-09-26,2026-08-25 20:37:49.801000000
HATHWAY,EQ,Hathway Cable & Datacom Limited,INE982F01036,2.0,1,2010-02-25,2026-08-25 20:37:49.801000000
HATSUN,EQ,Hatsun Agro Product Limited,INE473B01035,1.0,1,2014-06-20,2026-08-25 20:37:49.801000000
HAVELLS,EQ,Havells India Limited,INE176B01034,1.0,1,2001-03-21,2026-08-25 20:37:49.801000000
HAVISHA,EQ,Sri Havisha Hospitality and Infrastructure Limited,INE293B01029,2.0,1,2000-02-16,2026-08-25 20:37:49.801000000
HAWKINCOOK,EQ,Hawkins Cookers Limited,INE979B01015,10.0,1,2026-04-20,2026-08-25 20:37:49.801000000
HAZOOR,EQ,Hazoor Multi Projects Limited,INE550F01049,1.0,1,2026-08-17,2026-08-25 20:37:49.801000000
HBESD,EQ,HB Estate Developers Limited,INE640B01021,10.0,1,2026-04-20,2026-08-25 20:37:49.801000000
HBLENGINE,EQ,HBL Engineering Limited,INE292B01021,1.0,1,2007-01-04,2026-08-25 20:37:49.801000000
HBPOR,EQ,HB Portfolio Limited,INE638B01025,10.0,1,2026-08-17,2026-08-25 20:37:49.801000000
HBSL,EQ,HB Stockholdings Limited,INE550B01022,10.0,1,2018-07-23,2026-08-25 20:37:49.801000000
HCC,EQ,Hindustan Construction Company Limited,INE549A01026,1.0,1,2003-04-01,2026-08-25 20:37:49.801000000
HCG,EQ,Healthcare Global Enterprises Limited,INE075I01017,10.0,1,2016-03-30,2026-08-25 20:37:49.801000000
HCL-INSYS,EQ,HCL Infosystems Limited,INE236A01020,2.0,1,1997-01-01,2026-08-25 20:37:49.801000000
HCLTECH,EQ,HCL Technologies Limited,INE860A01027,2.0,1,2000-01-06,2026-08-25 20:37:49.801000000
HDBFS,EQ,HDB Financial Services Limited,INE756I01012,10.0,1,2025-07-02,2026-08-25 20:37:49.801000000
HDFCAMC,EQ,HDFC Asset Management Company Limited,INE127D01025,5.0,1,2018-08-06,2026-08-25 20:37:49.801000000
HDFCBANK,EQ,HDFC Bank Limited,INE040A01034,1.0,1,1995-11-08,2026-08-25 20:37:49.801000000
HDFCLIFE,EQ,HDFC Life Insurance Company Limited,INE795G01014,10.0,1,2017-11-17,2026-08-25 20:37:49.801000000
HDIL,BZ,Housing Development and Infrastructure Limited,INE191I01012,10.0,1,2007-07-24,2026-08-25 20:37:49.801000000
HEADSUP,EQ,Heads UP Ventures Limited,INE759V01019,10.0,1,2016-12-14,2026-08-25 20:37:49.801000000
HEALTHX,EQ,Health X Platform Limited,INE019J01013,10.0,1,2010-10-05,2026-08-25 20:37:49.801000000
HECPROJECT,EQ,HEC Infra Projects Limited,INE558R01013,10.0,1,2021-12-30,2026-08-25 20:37:49.801000000
HEG,EQ,HEG Limited,INE545A01024,2.0,1,1995-05-10,2026-08-25 20:37:49.801000000
HEIDELBERG,EQ,HeidelbergCement India Limited,INE578A01017,10.0,1,1995-03-15,2026-08-25 20:37:49.801000000
HEMIPROP,EQ,Hemisphere Properties India Limited,INE0AJG01018,10.0,1,2020-10-22,2026-08-25 20:37:49.801000000
HERANBA,EQ,Heranba Industries Limited,INE694N01015,10.0,1,2021-03-05,2026-08-25 20:37:49.801000000
HERITGFOOD,EQ,Heritage Foods Limited,INE978A01027,5.0,1,1996-11-27,2026-08-25 20:37:49.801000000
HEROMOTOCO,EQ,Hero MotoCorp Limited,INE158A01026,2.0,1,2003-04-11,2026-08-25 20:37:49.801000000
HESTERBIO,EQ,Hester Biosciences Limited,INE782E01017,10.0,1,2015-03-13,2026-08-25 20:37:49.801000000
HEXAGON,BE,Hexagon Nutrition Limited,INE0JUI01012,1.0,1,2026-06-12,2026-08-25 20:37:49.801000000
HEXATRADEX,EQ,Hexa Tradex Limited,INE750M01017,2.0,1,2012-04-20,2026-08-25 20:37:49.801000000
HEXT,EQ,Hexaware Technologies Limited,INE093A01041,1.0,1,2025-02-19,2026-08-25 20:37:49.801000000
HFCL,EQ,HFCL Limited,INE548A01028,1.0,1,2011-03-09,2026-08-25 20:37:49.801000000
HGINFRA,EQ,H.G. Infra Engineering Limited,INE926X01010,10.0,1,2018-03-09,2026-08-25 20:37:49.801000000
HGM,EQ,HandsOn Global Management (HGM) Limited,INE596H01014,10.0,1,2006-09-27,2026-08-25 20:37:49.801000000
HGS,EQ,Hinduja Global Solutions Limited,INE170I01016,10.0,1,2007-06-19,2026-08-25 20:37:49.801000000
HIKAL,EQ,Hikal Limited,INE475B01022,2.0,1,2001-02-14,2026-08-25 20:37:49.801000000
HILINFRA,EQ,Highway Infrastructure Limited,INE00RL01028,5.0,1,2025-08-12,2026-08-25 20:37:49.801000000
HILTON,EQ,Hilton Metal Forging Limited,INE788H01017,10.0,1,2007-05-24,2026-08-25 20:37:49.801000000
HIMATSEIDE,EQ,Himatsingka Seide Limited,INE049A01027,5.0,1,1995-02-08,2026-08-25 20:37:49.801000000
HINDADH,EQ,Hindustan Adhesives Limited,INE074C01013,10.0,1,2026-08-17,2026-08-25 20:37:49.801000000
HINDALCO,EQ,Hindalco Industries Limited,INE038A01020,1.0,1,1997-01-08,2026-08-25 20:37:49.801000000
HINDALUMI,EQ,Hind Aluminium Industries Limited,INE227B01019,10.0,1,2026-08-17,2026-08-25 20:37:49.801000000
HINDCOMPOS,EQ,Hindustan Composites Limited,INE310C01029,5.0,1,1996-05-08,2026-08-25 20:37:49.801000000
HINDCON,EQ,Hindcon Chemicals Limited,INE642Y01029,2.0,1,2021-07-05,2026-08-25 20:37:49.801000000
HINDCOPPER,EQ,Hindustan Copper Limited,INE531E01026,5.0,1,2010-09-15,2026-08-25 20:37:49.801000000
HINDOILEXP,EQ,Hindustan Oil Exploration Company Limited,INE345A01011,10.0,1,2003-09-23,2026-08-25 20:37:49.801000000
HINDPETRO,EQ,Hindustan Petroleum Corporation Limited,INE094A01015,10.0,1,1998-06-17,2026-08-25 20:37:49.801000000
HINDUNILVR,EQ,Hindustan Unilever Limited,INE030A01027,1.0,1,1995-07-06,2026-08-25 20:37:49.801000000
HINDWAREAP,EQ,Hindware Home Innovation Limited,INE05AN01011,2.0,1,2019-12-26,2026-08-25 20:37:49.801000000
HINDZINC,EQ,Hindustan Zinc Limited,INE267A01025,2.0,1,2006-11-21,2026-08-25 20:37:49.801000000
HIRECT,EQ,Hirect Limited,INE835D01023,2.0,1,2006-12-26,2026-08-25 20:37:49.801000000
HISARMETAL,EQ,Hisar Metal Industries Limited,INE598C01011,10.0,1,2017-01-05,2026-08-25 20:37:49.801000000
HITECH,EQ,Hi-Tech Pipes Limited,INE106T01025,1.0,1,2018-05-07,2026-08-25 20:37:49.801000000
HITECHCORP,BE,Hitech Corporation Limited,INE120D01012,10.0,1,2007-12-20,2026-08-25 20:37:49.801000000
HITECHGEAR,BE,The Hi-Tech Gears Limited,INE127B01011,10.0,1,2002-01-21,2026-08-25 20:37:49.801000000
HLEGLAS,EQ,HLE Glascoat Limited,INE461D01028,2.0,1,2023-02-09,2026-08-25 20:37:49.801000000
HLVLTD,EQ,HLV LIMITED,INE102A01024,2.0,1,1995-07-19,2026-08-25 20:37:49.801000000
HMAAGRO,EQ,HMA Agro Industries Limited,INE0ECP01024,1.0,1,2023-07-04,2026-08-25 20:37:49.801000000
HMT,BZ,HMT Limited,INE262A01018,10.0,1,2003-08-29,2026-08-25 20:37:49.801000000
HMVL,BE,Hindustan Media Ventures Limited,INE871K01015,10.0,1,2010-07-21,2026-08-25 20:37:49.801000000
HNDFDS,EQ,Hindustan Foods Limited,INE254N01026,2.0,1,2023-06-06,2026-08-25 20:37:49.801000000
HOMEFIRST,EQ,Home First Finance Company India Limited,INE481N01025,2.0,1,2021-02-03,2026-08-25 20:37:49.801000000
HONASA,EQ,Honasa Consumer Limited,INE0J5401028,10.0,1,2023-11-07,2026-08-25 20:37:49.801000000
HONAUT,EQ,Honeywell Automation India Limited,INE671A01010,10.0,1,2003-07-18,2026-08-25 20:37:49.801000000
HONDAPOWER,EQ,Honda India Power Products Limited,INE634A01018,10.0,1,2003-04-01,2026-08-25 20:37:49.801000000
HORIZONIND,EQ,Horizon Industrial Parks Limited,INE685T01010,10.0,1,2026-08-24,2026-08-25 20:37:49.801000000
HPAL,EQ,HP Adhesives Limited,INE0GSL01024,2.0,1,2021-12-27,2026-08-25 20:37:49.801000000
HPIL,EQ,Hindprakash Industries Limited,INE05X901010,10.0,1,2022-11-07,2026-08-25 20:37:49.801000000
HPL,EQ,HPL Electric & Power Limited,INE495S01016,10.0,1,2016-10-04,2026-08-25 20:37:49.801000000
HRYNSHP,EQ,Hariyana Ship Breakers Limited,INE400G01011,10.0,1,2026-08-17,2026-08-25 20:37:49.801000000
HSCL,EQ,Himadri Speciality Chemical Limited,INE019C01026,1.0,1,2007-03-02,2026-08-25 20:37:49.801000000
HTMEDIA,EQ,HT Media Limited,INE501G01024,2.0,1,2005-09-01,2026-08-25 20:37:49.801000000
HUBTOWN,EQ,Hubtown Limited,INE703H01016,10.0,1,2007-02-07,2026-08-25 20:37:49.801000000
HUDCO,EQ,Housing & Urban Development Corporation Limited,INE031A01017,10.0,1,2017-05-19,2026-08-25 20:37:49.801000000
HUHTAMAKI,EQ,Huhtamaki India Limited,INE275B01026,2.0,1,2004-10-01,2026-08-25 20:37:49.801000000
HYBRIDFIN,BE,Hybrid Financial Services Limited,INE965B01022,5.0,1,2022-12-05,2026-08-25 20:37:49.801000000
HYUNDAI,EQ,Hyundai Motor India Limited,INE0V6F01027,10.0,1,2024-10-22,2026-08-25 20:37:49.801000000
IBULLSLTD,EQ,Indiabulls Limited,INE126M01010,2.0,1,2011-08-18,2026-08-25 20:37:49.801000000
ICDSLTD,EQ,ICDS Limited,INE613B01010,10.0,1,1999-11-17,2026-08-25 20:37:49.801000000
ICEMAKE,EQ,Ice Make Refrigeration Limited,INE520Y01019,10.0,1,2020-10-12,2026-08-25 20:37:49.801000000
ICICIAMC,EQ,ICICI Prudential Asset Management Company Limited,INE346A01027,1.0,1,2025-12-19,2026-08-25 20:37:49.801000000
ICICIBANK,EQ,ICICI Bank Limited,INE090A01021,2.0,1,1997-09-17,2026-08-25 20:37:49.801000000
ICICIGI,EQ,ICICI Lombard General Insurance Company Limited,INE765G01017,10.0,1,2017-09-27,2026-08-25 20:37:49.801000000
ICICIPRULI,EQ,ICICI Prudential Life Insurance Company Limited,INE726G01019,10.0,1,2016-09-29,2026-08-25 20:37:49.801000000
ICIL,EQ,Indo Count Industries Limited,INE483B01026,2.0,1,2005-09-12,2026-08-25 20:37:49.801000000
ICRA,EQ,ICRA Limited,INE725G01011,10.0,1,2007-04-13,2026-08-25 20:37:49.801000000
IDBI,EQ,IDBI Bank Limited,INE008A01015,10.0,1,1995-09-20,2026-08-25 20:37:49.801000000
IDEA,EQ,Vodafone Idea Limited,INE669E01016,10.0,1,2007-03-09,2026-08-25 20:37:49.801000000
IDEAFORGE,EQ,Ideaforge Technology Limited,INE349Y01013,10.0,1,2023-07-07,2026-08-25 20:37:49.801000000
IDFCFIRSTB,EQ,IDFC First Bank Limited,INE092T01019,10.0,1,2015-11-06,2026-08-25 20:37:49.801000000
IEX,EQ,Indian Energy Exchange Limited,INE022Q01020,1.0,1,2017-10-23,2026-08-25 20:37:49.801000000
IFBAGRO,EQ,IFB Agro Industries Limited,INE076C01018,10.0,1,1996-04-03,2026-08-25 20:37:49.801000000
IFBIND,EQ,IFB Industries Limited,INE559A01017,10.0,1,1995-03-29,2026-08-25 20:37:49.801000000
IFCI,EQ,IFCI Limited,INE039A01010,10.0,1,1995-04-26,2026-08-25 20:37:49.801000000
IFGLEXPOR,EQ,IFGL Refractories Limited,INE133Y01011,10.0,1,2017-11-14,2026-08-25 20:37:49.801000000
IGARASHI,EQ,Igarashi Motors India Limited,INE188B01013,10.0,1,2003-10-09,2026-08-25 20:37:49.801000000
IGCL,EQ,Indogulf Cropsciences Limited,INE05J901018,10.0,1,2025-07-03,2026-08-25 20:37:49.801000000
IGIL,EQ,International Gemological Institute Limited,INE0Q9301021,2.0,1,2024-12-20,2026-08-25 20:37:49.801000000
IGL,EQ,Indraprastha Gas Limited,INE203G01027,2.0,1,2003-12-26,2026-08-25 20:37:49.801000000
IGPL,EQ,IG Petrochemicals Limited,INE204A01010,10.0,1,2007-01-29,2026-08-25 20:37:49.801000000
IIFL,EQ,IIFL Finance Limited,INE530B01024,2.0,1,2005-05-17,2026-08-25 20:37:49.801000000
IIFLCAPS,EQ,IIFL Capital Services Limited,INE489L01022,2.0,1,2019-09-20,2026-08-25 20:37:49.801000000
IITL,EQ,Industrial Investment Trust Limited,INE886A01014,10.0,1,2010-08-17,2026-08-25 20:37:49.801000000
IKIO,EQ,IKIO Technologies Limited,INE0LOJ01019,10.0,1,2023-06-16,2026-08-25 20:37:49.801000000
IKS,EQ,Inventurus Knowledge Solutions Limited,INE115Q01022,1.0,1,2024-12-19,2026-08-25 20:37:49.801000000
IL&FSENGG,BZ,IL&FS Engineering and Construction Company Limited,INE369I01014,10.0,1,2007-10-25,2026-08-25 20:37:49.801000000
IL&FSTRANS,BZ,IL&FS Transportation Networks Limited,INE975G01012,10.0,1,2010-03-30,2026-08-25 20:37:49.801000000
IMAGICAA,EQ,Imagicaaworld Entertainment Limited,INE172N01012,10.0,1,2015-04-06,2026-08-25 20:37:49.801000000
IMFA,EQ,Indian Metals & Ferro Alloys Limited,INE919H01018,10.0,1,2010-07-23,2026-08-25 20:37:49.801000000
IMPAL,EQ,India Motor Parts and Accessories Limited,INE547E01014,10.0,1,2005-10-07,2026-08-25 20:37:49.801000000
IMPEXFERRO,BZ,Impex Ferro Tech Limited,INE691G01015,10.0,1,2005-02-03,2026-08-25 20:37:49.801000000
INA,EQ,Insolation Energy Limited,INE0LGX01024,1.0,1,2026-03-09,2026-08-25 20:37:49.801000000
INCREDIBLE,EQ,INCREDIBLE INDUSTRIES LIMITED,INE452L01012,10.0,1,2016-07-01,2026-08-25 20:37:49.801000000
INDBANK,EQ,Indbank Merchant Banking Services Limited,INE841B01017,10.0,1,2008-10-08,2026-08-25 20:37:49.801000000
INDGN,EQ,Indegene Limited,INE065X01017,2.0,1,2024-05-13,2026-08-25 20:37:49.801000000
INDHOTEL,EQ,The Indian Hotels Company Limited,INE053A01029,1.0,1,1996-07-03,2026-08-25 20:37:49.801000000
INDIACEM,EQ,The India Cements Limited,INE383A01012,10.0,1,2000-05-31,2026-08-25 20:37:49.801000000
INDIAGLYCO,EQ,India Glycols Limited,INE560A01023,5.0,1,2005-07-01,2026-08-25 20:37:49.801000000
INDIAMART,EQ,Indiamart Intermesh Limited,INE933S01016,10.0,1,2019-07-04,2026-08-25 20:37:49.801000000
INDIANB,EQ,Indian Bank,INE562A01011,10.0,1,2007-03-01,2026-08-25 20:37:49.801000000
INDIANCARD,EQ,Indian Card Clothing Company Limited,INE061A01014,10.0,1,1997-01-08,2026-08-25 20:37:49.801000000
INDIANHUME,EQ,Indian Hume Pipe Company Limited,INE323C01030,2.0,1,1995-08-30,2026-08-25 20:37:49.801000000
INDIASHLTR,EQ,India Shelter Finance Corporation Limited,INE922K01024,5.0,1,2023-12-20,2026-08-25 20:37:49.801000000
INDIGO,EQ,InterGlobe Aviation Limited,INE646L01027,10.0,1,2015-11-10,2026-08-25 20:37:49.801000000
INDIGOPNTS,EQ,Indigo Paints Limited,INE09VQ01012,10.0,1,2021-02-02,2026-08-25 20:37:49.801000000
INDIQUBE,EQ,Indiqube Spaces Limited,INE06ST01018,1.0,1,2025-07-30,2026-08-25 20:37:49.801000000
INDNIPPON,EQ,India Nippon Electricals Limited,INE092B01025,5.0,1,1997-05-07,2026-08-25 20:37:49.801000000
INDOAMIN,BE,Indo Amines Limited,INE760F01028,5.0,1,2022-04-29,2026-08-25 20:37:49.801000000
INDOBORAX,EQ,Indo Borax & Chemicals Limited,INE803D01021,1.0,1,2022-03-29,2026-08-25 20:37:49.801000000
INDOCO,EQ,Indoco Remedies Limited,INE873D01024,2.0,1,2005-01-14,2026-08-25 20:37:49.801000000
INDOFARM,EQ,Indo Farm Equipment Limited,INE622H01018,10.0,1,2025-01-07,2026-08-25 20:37:49.801000000
INDOKEM,EQ,Indokem Limited,INE716F01012,10.0,1,2026-08-17,2026-08-25 20:37:49.801000000
INDOMIM,EQ,INDO-MIM Limited,INE084101034,1.0,1,2026-07-30,2026-08-25 20:37:49.801000000
INDORAMA,EQ,Indo Rama Synthetics (India) Limited,INE156A01020,10.0,1,2003-06-20,2026-08-25 20:37:49.801000000
INDOSTAR,EQ,IndoStar Capital Finance Limited,INE896L01010,10.0,1,2018-05-21,2026-08-25 20:37:49.801000000
INDOTECH,EQ,Indo Tech Transformers Limited,INE332H01014,10.0,1,2006-03-16,2026-08-25 20:37:49.801000000
INDOTHAI,EQ,Indo Thai Securities Limited,INE337M01021,1.0,1,2011-11-02,2026-08-25 20:37:49.801000000
INDOUS,EQ,Indo Us Biotech Limited,INE250Z01010,10.0,1,2024-09-27,2026-08-25 20:37:49.801000000
INDOWIND,EQ,Indowind Energy Limited,INE227G01018,10.0,1,2007-09-14,2026-08-25 20:37:49.801000000
INDPRUD,EQ,Industrial & Prudential Investment Company Limited,INE620D01011,10.0,1,2026-04-20,2026-08-25 20:37:49.801000000
INDRAMEDCO,EQ,Indraprastha Medical Corporation Limited,INE681B01017,10.0,1,1997-04-17,2026-08-25 20:37:49.801000000
INDSWFTLAB,EQ,Ind-Swift Laboratories Limited,INE915B01019,10.0,1,1997-07-02,2026-08-25 20:37:49.801000000
INDTERRAIN,EQ,Indian Terrain Fashions Limited,INE611L01021,2.0,1,2011-03-11,2026-08-25 20:37:49.801000000
INDUSINDBK,EQ,IndusInd Bank Limited,INE095A01012,10.0,1,1998-01-28,2026-08-25 20:37:49.801000000
INDUSTOWER,EQ,Indus Towers Limited,INE121J01017,10.0,1,2012-12-28,2026-08-25 20:37:49.801000000
INFOBEAN,EQ,InfoBeans Technologies Limited,INE344S01016,10.0,1,2019-07-15,2026-08-25 20:37:49.801000000
INFOMEDIA,EQ,Infomedia Press Limited,INE669A01022,10.0,1,2006-10-12,2026-08-25 20:37:49.801000000
INFY,EQ,Infosys Limited,INE009A01021,5.0,1,1995-02-08,2026-08-25 20:37:49.801000000
INGERRAND,EQ,Ingersoll Rand (India) Limited,INE177A01018,10.0,1,1999-04-15,2026-08-25 20:37:49.801000000
INNOVACAP,EQ,Innova Captab Limited,INE0DUT01020,10.0,1,2023-12-29,2026-08-25 20:37:49.801000000
INNOVANA,EQ,Innovana Thinklabs Limited,INE403Y01018,10.0,1,2024-12-17,2026-08-25 20:37:49.801000000
INNOVISION,EQ,Innovision Limited,INE0ADB01012,10.0,1,2026-03-23,2026-08-25 20:37:49.801000000
INOXGREEN,EQ,Inox Green Energy Services Limited,INE510W01014,10.0,1,2022-11-23,2026-08-25 20:37:49.801000000
INOXINDIA,EQ,INOX India Limited,INE616N01034,2.0,1,2023-12-21,2026-08-25 20:37:49.801000000
INOXWIND,EQ,Inox Wind Limited,INE066P01011,10.0,1,2015-04-09,2026-08-25 20:37:49.801000000
INSECTICID,EQ,Insecticides (India) Limited,INE070I01018,10.0,1,2007-05-30,2026-08-25 20:37:49.801000000
INSPIRISYS,BE,Inspirisys Solutions Limited,INE020G01017,10.0,1,2006-10-30,2026-08-25 20:37:49.801000000
INTELLECT,EQ,Intellect Design Arena Limited,INE306R01017,5.0,1,2014-12-18,2026-08-25 20:37:49.801000000
INTENTECH,EQ,Intense Technologies Limited,INE781A01025,2.0,1,2017-03-23,2026-08-25 20:37:49.801000000
INTERARCH,EQ,Interarch Building Solutions Limited,INE00M901018,10.0,1,2024-08-26,2026-08-25 20:37:49.801000000
INTLCONV,EQ,International Conveyors Limited,INE575C01027,1.0,1,2021-09-16,2026-08-25 20:37:49.801000000
INVENTURE,EQ,Inventure Growth & Securities Limited,INE878H01024,1.0,1,2011-08-04,2026-08-25 20:37:49.801000000
INVPRECQ,BE,Investment & Precision Castings Limited,INE155E01016,10.0,1,2026-04-20,2026-08-25 20:37:49.801000000
IOB,EQ,Indian Overseas Bank,INE565A01014,10.0,1,2000-12-07,2026-08-25 20:37:49.801000000
IOC,EQ,Indian Oil Corporation Limited,INE242A01010,10.0,1,1996-07-24,2026-08-25 20:37:49.801000000
IOLCP,EQ,IOL Chemicals and Pharmaceuticals Limited,INE485C01029,2.0,1,2010-11-08,2026-08-25 20:37:49.801000000
IONEXCHANG,EQ,ION Exchange (India) Limited,INE570A01022,1.0,1,2022-02-22,2026-08-25 20:37:49.801000000
IPCALAB,EQ,IPCA Laboratories Limited,INE571A01038,1.0,1,1995-02-08,2026-08-25 20:37:49.801000000
IPL,EQ,India Pesticides Limited,INE0D6701023,1.0,1,2021-07-05,2026-08-25 20:37:49.801000000
IPRINGLTD,EQ,IP Rings Limited,INE558A01019,10.0,1,2026-08-17,2026-08-25 20:37:49.801000000
IRB,EQ,IRB Infrastructure Developers Limited,INE821I01022,1.0,1,2008-02-25,2026-08-25 20:37:49.801000000
IRCON,EQ,Ircon International Limited,INE962Y01021,2.0,1,2018-09-28,2026-08-25 20:37:49.801000000
IRCTC,EQ,Indian Railway Catering And Tourism Corporation Limited,INE335Y01020,2.0,1,2019-10-14,2026-08-25 20:37:49.801000000
IREDA,EQ,Indian Renewable Energy Development Agency Limited,INE202E01016,10.0,1,2023-11-29,2026-08-25 20:37:49.801000000
IRFC,EQ,Indian Railway Finance Corporation Limited,INE053F01010,10.0,1,2021-01-29,2026-08-25 20:37:49.801000000
IRIS,EQ,IRIS RegTech Solutions Limited,INE864K01010,10.0,1,2021-11-08,2026-08-25 20:37:49.801000000
IRISDOREME,EQ,Iris Clothings Limited,INE01GN01025,2.0,1,2021-02-22,2026-08-25 20:37:49.801000000
IRMENERGY,EQ,IRM Energy Limited,INE07U701015,10.0,1,2023-10-26,2026-08-25 20:37:49.801000000
ISFT,EQ,Intrasoft Technologies Limited,INE566K01011,10.0,1,2010-04-12,2026-08-25 20:37:49.801000000
ISGEC,EQ,Isgec Heavy Engineering Limited,INE858B01029,1.0,1,2021-05-05,2026-08-25 20:37:49.801000000
ISHANCH,EQ,Ishan Dyes and Chemicals Limited,INE561M01018,10.0,1,2025-03-24,2026-08-25 20:37:49.801000000
ISTLTD,EQ,I S T Limited,INE684B01029,5.0,1,2026-08-17,2026-08-25 20:37:49.801000000
ITC,EQ,ITC Limited,INE154A01025,1.0,1,1995-08-23,2026-08-25 20:37:49.801000000
ITCHOTELS,EQ,ITC Hotels Limited,INE379A01028,1.0,1,2025-01-29,2026-08-25 20:37:49.801000000
ITDC,EQ,India Tourism Development Corporation Limited,INE353K01014,10.0,1,2016-12-30,2026-08-25 20:37:49.801000000
ITI,EQ,ITI Limited,INE248A01017,10.0,1,2003-09-15,2026-08-25 20:37:49.801000000
ITL,EQ,ITL Industries Limited,INE478D01014,10.0,1,2026-08-17,2026-08-25 20:37:49.801000000
IVALUE,EQ,Ivalue Infosolutions Limited,INE056801025,2.0,1,2025-09-25,2026-08-25 20:37:49.801000000
IVC,EQ,IL&FS Investment Managers Limited,INE050B01023,2.0,1,1999-09-15,2026-08-25 20:37:49.801000000
IVP,BE,IVP Limited,INE043C01018,10.0,1,1995-09-13,2026-08-25 20:37:49.801000000
IWP,EQ,The Indian Wood Products Company Limited,INE586E01020,2.0,1,2026-04-20,2026-08-25 20:37:49.801000000
IXIGO,EQ,Le Travenues Technology Limited,INE0HV901016,1.0,1,2024-06-18,2026-08-25 20:37:49.801000000
IZMO,EQ,IZMO Limited,INE848A01014,10.0,1,2007-02-05,2026-08-25 20:37:49.801000000
J&KBANK,EQ,The Jammu & Kashmir Bank Limited,INE168A01041,1.0,1,1998-07-22,2026-08-25 20:37:49.801000000
JAGRAN,EQ,Jagran Prakashan Limited,INE199G01027,2.0,1,2006-02-22,2026-08-25 20:37:49.801000000
JAGSNPHARM,EQ,Jagsonpal Pharmaceuticals Limited,INE048B01035,2.0,1,2000-03-01,2026-08-25 20:37:49.801000000
JAIBALAJI,EQ,Jai Balaji Industries Limited,INE091G01026,2.0,1,2003-12-09,2026-08-25 20:37:49.801000000
JAICORPLTD,EQ,Jai Corp Limited,INE070D01027,1.0,1,1997-11-26,2026-08-25 20:37:49.801000000
JAINREC,EQ,Jain Resource Recycling Limited,INE0YD401026,2.0,1,2025-10-01,2026-08-25 20:37:49.801000000
JAIPURKURT,EQ,Nandani Creation Limited,INE696V01013,10.0,1,2021-09-02,2026-08-25 20:37:49.801000000
JAMNAAUTO,EQ,Jamna Auto Industries Limited,INE039C01032,1.0,1,2010-12-10,2026-08-25 20:37:49.801000000
JARO,EQ,Jaro Institute of Technology Management and Research Limited,INE00YJ01010,10.0,1,2025-09-30,2026-08-25 20:37:49.801000000
JASH,EQ,Jash Engineering Limited,INE039O01029,2.0,1,2019-10-30,2026-08-25 20:37:49.801000000
JAYAGROGN,EQ,Jayant Agro Organics Limited,INE785A01026,5.0,1,1996-04-17,2026-08-25 20:37:49.801000000
JAYBARMARU,EQ,Jay Bharat Maruti Limited,INE571B01036,2.0,1,1996-01-03,2026-08-25 20:37:49.801000000
JAYKAY,EQ,Jaykay Enterprises Limited,INE903A01025,1.0,1,2025-12-03,2026-08-25 20:37:49.801000000
JAYNECOIND,EQ,Jayaswal Neco Industries Limited,INE854B01010,10.0,1,1995-05-10,2026-08-25 20:37:49.801000000
JAYSREETEA,EQ,Jayshree Tea & Industries Limited,INE364A01020,5.0,1,1995-02-15,2026-08-25 20:37:49.801000000
JBMA,EQ,JBM Auto Limited,INE927D01051,1.0,1,2004-12-17,2026-08-25 20:37:49.801000000
JENBURPH,EQ,Jenburkt Pharmaceuticals Limited,INE354A01013,10.0,1,2026-08-17,2026-08-25 20:37:49.801000000
JETFREIGHT,EQ,Jet Freight Logistics Limited,INE982V01025,5.0,1,2021-12-21,2026-08-25 20:37:49.801000000
JGCHEM,EQ,J.G.Chemicals Limited,INE0MB501011,10.0,1,2024-03-13,2026-08-25 20:37:49.801000000
JHS,EQ,JHS Svendgaard Laboratories Limited,INE544H01014,10.0,1,2006-10-21,2026-08-25 20:37:49.801000000
JINDALPHOT,EQ,Jindal Photo Limited,INE796G01012,10.0,1,2005-04-07,2026-08-25 20:37:49.801000000
JINDALPOLY,EQ,Jindal Poly Films Limited,INE197D01010,10.0,1,2002-01-21,2026-08-25 20:37:49.801000000
JINDALSAW,EQ,Jindal Saw Limited,INE324A01032,1.0,1,2003-04-29,2026-08-25 20:37:49.801000000
JINDALSTEL,EQ,JINDAL STEEL LIMITED,INE749A01030,1.0,1,1999-12-29,2026-08-25 20:37:49.801000000
JINDRILL,EQ,Jindal Drilling And Industries Limited,INE742C01031,5.0,1,2006-12-22,2026-08-25 20:37:49.801000000
JINDWORLD,EQ,Jindal Worldwide Limited,INE247D01039,1.0,1,2010-11-25,2026-08-25 20:37:49.801000000
JIOFIN,EQ,Jio Financial Services Limited,INE758E01017,10.0,1,2023-08-21,2026-08-25 20:37:49.801000000
JISLDVREQS,EQ,Jain Irrigation Systems Limited,IN9175A01010,2.0,1,2011-11-30,2026-08-25 20:37:49.801000000
JISLJALEQS,EQ,Jain Irrigation Systems Limited,INE175A01038,2.0,1,2001-08-13,2026-08-25 20:37:49.801000000
JITFINFRA,EQ,JITF Infralogistics Limited,INE863T01013,2.0,1,2017-02-27,2026-08-25 20:37:49.801000000
JKCEMENT,EQ,JK Cement Limited,INE823G01014,10.0,1,2006-03-14,2026-08-25 20:37:49.801000000
JKIL,EQ,J.Kumar Infraprojects Limited,INE576I01022,5.0,1,2008-02-12,2026-08-25 20:37:49.801000000
JKIPL,EQ,Jinkushal Industries Limited,INE1FF001016,10.0,1,2025-10-03,2026-08-25 20:37:49.801000000
JKLAKSHMI,EQ,JK Lakshmi Cement Limited,INE786A01032,5.0,1,2006-06-19,2026-08-25 20:37:49.801000000
JKPAPER,EQ,JK Paper Limited,INE789E01012,10.0,1,2005-06-16,2026-08-25 20:37:49.801000000
JKTYRE,EQ,JK Tyre & Industries Limited,INE573A01042,2.0,1,2007-03-19,2026-08-25 20:37:49.801000000
JLHL,EQ,Jupiter Life Line Hospitals Limited,INE682M01020,2.0,1,2023-09-18,2026-08-25 20:37:49.801000000
JMA,EQ,Jullundur Motor Agency (Delhi) Limited,INE412C01023,2.0,1,2015-03-16,2026-08-25 20:37:49.801000000
JMFINANCIL,EQ,JM Financial Limited,INE780C01023,1.0,1,2006-10-10,2026-08-25 20:37:49.801000000
JNKINDIA,EQ,JNK India Limited,INE0OAF01028,2.0,1,2024-04-30,2026-08-25 20:37:49.801000000
JNPR,EQ,Juniper Green Energy Limited,INE05C901015,10.0,1,2026-08-06,2026-08-25 20:37:49.801000000
JOCIL,BE,Jocil Limited,INE839G01010,10.0,1,2008-10-08,2026-08-25 20:37:49.801000000
JPOLYINVST,EQ,Jindal Poly Investment and Finance Company Limited,INE147P01019,10.0,1,2013-11-11,2026-08-25 20:37:49.801000000
JPPOWER,EQ,Jaiprakash Power Ventures Limited,INE351F01018,10.0,1,2005-04-18,2026-08-25 20:37:49.801000000
JSFB,EQ,Jana Small Finance Bank Limited,INE953L01027,10.0,1,2024-02-14,2026-08-25 20:37:49.801000000
JSL,EQ,Jindal Stainless Limited,INE220G01021,2.0,1,2003-11-17,2026-08-25 20:37:49.801000000
JSLL,EQ,Jeena Sikho Lifecare Limited,INE0J5801029,2.0,1,2025-08-11,2026-08-25 20:37:49.801000000
JSWCEMENT,EQ,JSW Cement Limited,INE718I01012,10.0,1,2025-08-14,2026-08-25 20:37:49.801000000
JSWDULUX,EQ,JSW Dulux Limited,INE133A01011,10.0,1,2001-06-28,2026-08-25 20:37:49.801000000
JSWENERGY,EQ,JSW Energy Limited,INE121E01018,10.0,1,2010-01-04,2026-08-25 20:37:49.801000000
JSWHL,EQ,JSW Holdings Limited,INE824G01012,10.0,1,2005-06-21,2026-08-25 20:37:49.801000000
JSWINFRA,EQ,JSW Infrastructure Limited,INE880J01026,2.0,1,2023-10-03,2026-08-25 20:37:49.801000000
JSWSTEEL,EQ,JSW Steel Limited,INE019A01038,1.0,1,2005-03-23,2026-08-25 20:37:49.801000000
JTEKTINDIA,EQ,Jtekt India Limited,INE643A01035,1.0,1,2004-01-12,2026-08-25 20:37:49.801000000
JTLIND,EQ,JTL INDUSTRIES LIMITED,INE391J01032,1.0,1,2023-06-12,2026-08-25 20:37:49.801000000
JUBLCPL,EQ,Jubilant Agri and Consumer Products Limited,INE03CC01015,10.0,1,2025-02-14,2026-08-25 20:37:49.801000000
JUBLFOOD,EQ,Jubilant Foodworks Limited,INE797F01020,2.0,1,2010-02-08,2026-08-25 20:37:49.801000000
JUBLINGREA,EQ,Jubilant Ingrevia Limited,INE0BY001018,1.0,1,2021-03-19,2026-08-25 20:37:49.801000000
JUBLPHARMA,EQ,Jubilant Pharmova Limited,INE700A01033,1.0,1,2003-06-16,2026-08-25 20:37:49.801000000
JUNIPER,EQ,Juniper Hotels Limited,INE696F01016,10.0,1,2024-02-28,2026-08-25 20:37:49.801000000
JUSTDIAL,EQ,Just Dial Limited,INE599M01018,10.0,1,2013-06-05,2026-08-25 20:37:49.801000000
JWL,EQ,Jupiter Wagons Limited,INE209L01016,10.0,1,2010-10-18,2026-08-25 20:37:49.801000000
JYOTHYLAB,EQ,Jyothy Labs Limited,INE668F01031,1.0,1,2007-12-19,2026-08-25 20:37:49.801000000
JYOTICNC,EQ,Jyoti CNC Automation Limited,INE980O01024,2.0,1,2024-01-16,2026-08-25 20:37:49.801000000
JYOTIRES,EQ,Jyoti Resins & Adhesives Limited,INE577D01013,10.0,1,2026-08-17,2026-08-25 20:37:49.801000000
JYOTISTRUC,EQ,Jyoti Structures Limited,INE197A01024,2.0,1,1995-07-19,2026-08-25 20:37:49.801000000
KABRAEXTRU,EQ,Kabra Extrusion Technik Limited,INE900B01029,5.0,1,1995-09-06,2026-08-25 20:37:49.801000000
KAJARIACER,EQ,Kajaria Ceramics Limited,INE217B01036,1.0,1,2004-06-01,2026-08-25 20:37:49.801000000
KAKATCEM,EQ,Kakatiya Cement Sugar & Industries Limited,INE437B01014,10.0,1,1995-12-13,2026-08-25 20:37:49.801000000
KALAMANDIR,EQ,Sai Silks (Kalamandir) Limited,INE438K01021,2.0,1,2023-09-27,2026-08-25 20:37:49.801000000
KALPATARU,EQ,Kalpataru Limited,INE227J01012,10.0,1,2025-07-01,2026-08-25 20:37:49.801000000
KALYANI,BE,Kalyani Commercials Limited,INE610E01010,10.0,1,2017-02-13,2026-08-25 20:37:49.801000000
KALYANIFRG,EQ,Kalyani Forge Limited,INE314G01014,10.0,1,2007-12-20,2026-08-25 20:37:49.801000000
KALYANKJIL,EQ,Kalyan Jewellers India Limited,INE303R01014,10.0,1,2021-03-26,2026-08-25 20:37:49.801000000
KAMAHOLD,EQ,Kama Holdings Limited,INE411F01010,10.0,1,2026-04-20,2026-08-25 20:37:49.801000000
KAMANWALA,EQ,Kamanwala Housing Construction Limited,INE344D01018,10.0,1,2026-08-17,2026-08-25 20:37:49.801000000
KAMATHOTEL,EQ,Kamat Hotels (I) Limited,INE967C01018,10.0,1,1996-05-29,2026-08-25 20:37:49.801000000
KAMDHENU,BE,Kamdhenu Limited,INE390H01020,1.0,1,2006-05-09,2026-08-25 20:37:49.801000000
KAMOPAINTS,EQ,Kamdhenu Ventures Limited,INE0BTI01037,1.0,1,2023-01-24,2026-08-25 20:37:49.801000000
KANANIIND,EQ,Kanani Industries Limited,INE879E01037,1.0,1,2011-12-14,2026-08-25 20:37:49.801000000
KANCHI,EQ,Kanchi Karpooram Limited,INE081G01019,10.0,1,2026-04-20,2026-08-25 20:37:49.801000000
KANCOTEA,EQ,Kanco Tea & Industries Limited,INE398L01017,10.0,1,2026-08-17,2026-08-25 20:37:49.801000000
KANORICHEM,BE,Kanoria Chemicals & Industries Limited,INE138C01024,5.0,1,1995-02-08,2026-08-25 20:37:49.801000000
KANPRPLA,EQ,Kanpur Plastipack Limited,INE694E01014,10.0,1,2021-01-01,2026-08-25 20:37:49.801000000
KANSAINER,EQ,Kansai Nerolac Paints Limited,INE531A01024,1.0,1,2003-09-15,2026-08-25 20:37:49.801000000
KAPSTON,EQ,Kapston Services Limited,INE542Z01028,5.0,1,2020-05-27,2026-08-25 20:37:49.801000000
KARMAENG,EQ,Karma Energy Limited,INE725L01011,10.0,1,2011-06-28,2026-08-25 20:37:49.801000000
KARURVYSYA,EQ,Karur Vysya Bank Limited,INE036D01028,2.0,1,2000-07-26,2026-08-25 20:37:49.801000000
KAUSHALYA,BE,Kaushalya Infrastructure Development Corporation Limited,INE234I01028,1000.0,1,2007-12-14,2026-08-25 20:37:49.801000000
KAVDEFENCE,EQ,Kavveri Defence & Wireless Technologies Limited,INE641C01019,10.0,1,2008-01-29,2026-08-25 20:37:49.801000000
KAYA,BE,Kaya Limited,INE587G01015,10.0,1,2015-08-14,2026-08-25 20:37:49.801000000
KAYNES,EQ,Kaynes Technology India Limited,INE918Z01012,10.0,1,2022-11-22,2026-08-25 20:37:49.801000000
KCP,EQ,KCP Limited,INE805C01028,1.0,1,1997-04-09,2026-08-25 20:37:49.801000000
KCPSUGIND,BE,KCP Sugar and Industries Corporation Limited,INE790B01024,1.0,1,1997-06-11,2026-08-25 20:37:49.801000000
KDDL,EQ,KDDL Limited,INE291D01011,10.0,1,2016-03-23,2026-08-25 20:37:49.801000000
KEC,EQ,KEC International Limited,INE389H01022,2.0,1,2006-03-10,2026-08-25 20:37:49.801000000
KECL,EQ,Kirloskar Electric Company Limited,INE134B01017,10.0,1,2010-03-09,2026-08-25 20:37:49.801000000
KEEPLEARN,EQ,DSJ Keep Learning Limited,INE055C01020,1.0,1,1995-03-01,2026-08-25 20:37:49.801000000
KEI,EQ,KEI Industries Limited,INE878B01027,2.0,1,2006-03-23,2026-08-25 20:37:49.801000000
KELLTONTEC,EQ,Kellton Tech Solutions Limited,INE164B01030,1.0,1,2016-03-02,2026-08-25 20:37:49.801000000
KENNAMET,EQ,Kennametal India Limited,INE717A01029,10.0,1,2026-04-20,2026-08-25 20:37:49.801000000
KERNEX,EQ,Kernex Microsystems (India) Limited,INE202H01019,10.0,1,2005-12-20,2026-08-25 20:37:49.801000000
KESORAMIND,BE,Kesoram Industries Limited,INE087A01019,10.0,1,1995-09-06,2026-08-25 20:37:49.801000000
KEYFINSERV,EQ,Keynote Financial Services Limited,INE681C01015,10.0,1,1996-06-26,2026-08-25 20:37:49.801000000
KFINTECH,EQ,Kfin Technologies Limited,INE138Y01010,10.0,1,2022-12-29,2026-08-25 20:37:49.801000000
KHADIM,BE,Khadim India Limited,INE834I01025,10.0,1,2017-11-14,2026-08-25 20:37:49.801000000
KHAICHEM,EQ,Khaitan Chemicals & Fertilizers Limited,INE745B01028,1.0,1,2020-10-30,2026-08-25 20:37:49.801000000
KHAITANLTD,EQ,Khaitan (India) Limited,INE731C01018,10.0,1,1995-12-20,2026-08-25 20:37:49.801000000
KHANDSE,EQ,Khandwala Securities Limited,INE060B01014,10.0,1,2001-02-07,2026-08-25 20:37:49.801000000
KICL,EQ,Kalyani Investment Company Limited,INE029L01018,10.0,1,2011-01-14,2026-08-25 20:37:49.801000000
KILITCH,BE,Kilitch Drugs (India) Limited,INE729D01010,10.0,1,2010-09-29,2026-08-25 20:37:49.801000000
KIMS,EQ,Krishna Institute of Medical Sciences Limited,INE967H01025,2.0,1,2021-06-28,2026-08-25 20:37:49.801000000
KINGFA,EQ,Kingfa Science & Technology (India) Limited,INE473D01015,10.0,1,2016-11-15,2026-08-25 20:37:49.801000000
KIOCL,EQ,KIOCL Limited,INE880L01014,10.0,1,2016-11-29,2026-08-25 20:37:49.801000000
KIRANVYPAR,EQ,Kiran Vyapar Limited,INE555P01013,10.0,1,2026-04-20,2026-08-25 20:37:49.801000000
KIRIINDUS,EQ,Kiri Industries Limited,INE415I01015,10.0,1,2008-04-22,2026-08-25 20:37:49.801000000
KIRLFER,EQ,Kirloskar Ferrous Industries Limited,INE884B01025,5.0,1,2026-04-20,2026-08-25 20:37:49.801000000
KIRLOSBROS,EQ,Kirloskar Brothers Limited,INE732A01036,2.0,1,2010-04-20,2026-08-25 20:37:49.801000000
KIRLOSENG,EQ,Kirloskar Oil Engines Limited,INE146L01010,2.0,1,2010-12-24,2026-08-25 20:37:49.801000000
KIRLOSIND,EQ,Kirloskar Industries Limited,INE250A01039,10.0,1,2010-06-24,2026-08-25 20:37:49.801000000
KIRLPNU,EQ,Kirloskar Pneumatic Company Limited,INE811A01038,1.0,1,2023-04-26,2026-08-25 20:37:49.801000000
KISSHT,EQ,OnEMI Technology Solutions Limited,INE12F801023,1.0,1,2026-05-08,2026-08-25 20:37:49.801000000
KITEX,EQ,Kitex Garments Limited,INE602G01020,1.0,1,2012-09-25,2026-08-25 20:37:49.801000000
KJMCFIN,EQ,KJMC Financial Services Limited,INE533C01018,10.0,1,2026-08-17,2026-08-25 20:37:49.801000000
KKCL,EQ,Kewal Kiran Clothing Limited,INE401H01017,10.0,1,2006-04-13,2026-08-25 20:37:49.801000000
KLBRENG-B,EQ,Kilburn Engineering Limited,INE338F01015,10.0,1,2026-04-20,2026-08-25 20:37:49.801000000
KMCSHIL,EQ,K M C Speciality Hospitals (India) Limited,INE879K01018,1.0,1,2026-08-17,2026-08-25 20:37:49.801000000
KMEW,EQ,Knowledge Marine & Engineering Works Limited,INE0CJD01029,5.0,1,2024-11-14,2026-08-25 20:37:49.801000000
KMSUGAR,EQ,K.M.Sugar Mills Limited,INE157H01023,2.0,1,2007-05-31,2026-08-25 20:37:49.801000000
KNACK,EQ,Knack Packaging Limited,INE17QZ01016,10.0,1,2026-07-08,2026-08-25 20:37:49.801000000
KNAGRI,EQ,KN Agri Resources Limited,INE0KNW01016,10.0,1,2025-12-09,2026-08-25 20:37:49.801000000
KNRCON,EQ,KNR Constructions Limited,INE634I01029,2.0,1,2008-02-18,2026-08-25 20:37:49.801000000
KOHINOOR,EQ,Kohinoor Foods Limited,INE080B01012,10.0,1,1999-10-20,2026-08-25 20:37:49.801000000
KOKUYOCMLN,EQ,Kokuyo Camlin Limited,INE760A01029,1.0,1,2008-07-28,2026-08-25 20:37:49.801000000
KOLTEPATIL,EQ,Kolte - Patil Developers Limited,INE094I01018,10.0,1,2007-12-13,2026-08-25 20:37:49.801000000
KOPRAN,BE,Kopran Limited,INE082A01010,10.0,1,1999-06-09,2026-08-25 20:37:49.801000000
KOTAKBANK,EQ,Kotak Mahindra Bank Limited,INE237A01036,1.0,1,1995-12-20,2026-08-25 20:37:49.801000000
KOTARISUG,EQ,Kothari Sugars And Chemicals Limited,INE419A01022,10.0,1,2004-12-13,2026-08-25 20:37:49.801000000
KOTHARIPET,EQ,Kothari Petrochemicals Limited,INE720A01015,10.0,1,1996-11-02,2026-08-25 20:37:49.801000000
KOTHARIPRO,EQ,Kothari Products Limited,INE823A01017,10.0,1,1998-06-03,2026-08-25 20:37:49.801000000
KOTIC,EQ,Kothari Industrial Corporation Limited,INE972A01020,5.0,1,2026-04-20,2026-08-25 20:37:49.801000000
KOTYARK,BE,Kotyark Industries Limited,INE0J0B01017,10.0,1,2026-03-12,2026-08-25 20:37:49.801000000
KOVAI,EQ,Kovai Medical Center & Hospital Limited,INE177F01017,10.0,1,2026-04-20,2026-08-25 20:37:49.801000000
KPEL,EQ,K.P. Energy Limited,INE127T01021,5.0,1,2024-11-14,2026-08-25 20:37:49.801000000
KPIGREEN,EQ,KPI Green Energy Limited,INE542W01025,5.0,1,2021-07-27,2026-08-25 20:37:49.801000000
KPIL,EQ,Kalpataru Projects International Limited,INE220B01022,2.0,1,2000-12-15,2026-08-25 20:37:49.801000000
KPITTECH,EQ,KPIT Technologies Limited,INE04I401011,10.0,1,2019-04-22,2026-08-25 20:37:49.801000000
KPL,EQ,Kwality Pharmaceuticals Limited,INE552U01010,10.0,1,2026-04-20,2026-08-25 20:37:49.801000000
KPRMILL,EQ,K.P.R. Mill Limited,INE930H01031,1.0,1,2007-08-28,2026-08-25 20:37:49.801000000
KRBL,EQ,KRBL Limited,INE001B01026,1.0,1,2002-01-21,2026-08-25 20:37:49.801000000
KREBSBIO,EQ,Krebs Biochemicals and Industries Limited,INE268B01013,10.0,1,1996-01-03,2026-08-25 20:37:49.801000000
KRIDHANINF,BE,Kridhan Infra Limited,INE524L01026,2.0,1,2015-12-11,2026-08-25 20:37:49.801000000
KRISHANA,EQ,Krishana Phoschem Limited,INE506W01020,2.0,1,2019-08-22,2026-08-25 20:37:49.801000000
KRISHIVAL,EQ,Krishival Foods Limited,INE0GGO01015,10.0,1,2025-06-20,2026-08-25 20:37:49.801000000
KRISHNADEF,EQ,Krishna Defence And Allied Industries Limited,INE0J5601015,10.0,1,2025-12-30,2026-08-25 20:37:49.801000000
KRITI,EQ,Kriti Industries (India) Limited,INE479D01038,1.0,1,2021-11-01,2026-08-25 20:37:49.801000000
KRITIKA,EQ,Kritika Wires Limited,INE00Z501029,2.0,1,2022-05-04,2026-08-25 20:37:49.801000000
KRITINUT,EQ,Kriti Nutrients Limited,INE798K01010,1.0,1,2022-10-07,2026-08-25 20:37:49.801000000
KRN,EQ,KRN Heat Exchanger and Refrigeration Limited,INE0Q3J01015,10.0,1,2024-10-03,2026-08-25 20:37:49.801000000
KRONOX,EQ,Kronox Lab Sciences Limited,INE0ATZ01017,10.0,1,2024-06-10,2026-08-25 20:37:49.801000000
KROSS,EQ,Kross Limited,INE0O6601022,5.0,1,2024-09-16,2026-08-25 20:37:49.801000000
KRSNAA,EQ,Krsnaa Diagnostics Limited,INE08LI01020,5.0,1,2021-08-16,2026-08-25 20:37:49.801000000
KRYSTAL,EQ,Krystal Integrated Services Limited,INE0QN801017,10.0,1,2024-03-21,2026-08-25 20:37:49.801000000
KSB,EQ,Ksb Limited,INE999A01023,2.0,1,1995-02-08,2026-08-25 20:37:49.801000000
KSCL,EQ,Kaveri Seed Company Limited,INE455I01029,2.0,1,2007-10-04,2026-08-25 20:37:49.801000000
KSE,EQ,KSE Limited,INE953E01022,1.0,1,2026-08-17,2026-08-25 20:37:49.801000000
KSHINTL,EQ,KSH International Limited,INE987S01020,5.0,1,2025-12-23,2026-08-25 20:37:49.801000000
KSHITIJPOL,EQ,Kshitij Polyline Limited,INE013801027,2.0,1,2022-07-27,2026-08-25 20:37:49.801000000
KSL,EQ,Kalyani Steels Limited,INE907A01026,5.0,1,2010-05-19,2026-08-25 20:37:49.801000000
KSOLVES,EQ,Ksolves India Limited,INE0D6I01023,5.0,1,2022-09-23,2026-08-25 20:37:49.801000000
KSR,EQ,KSR Footwear Limited,INE1SPP01016,10.0,1,2025-11-27,2026-08-25 20:37:49.801000000
KTKBANK,EQ,The Karnataka Bank Limited,INE614B01018,10.0,1,2000-05-10,2026-08-25 20:37:49.801000000
KUANTUM,EQ,Kuantum Papers Limited,INE529I01021,1.0,1,2019-10-23,2026-08-25 20:37:49.801000000
KUSUMGAR,EQ,Kusumgar Limited,INE0ISX01025,1.0,1,2026-07-15,2026-08-25 20:37:49.801000000
KWIL,EQ,Kwality Wall's (India) Limited,INE2KCE01013,1.0,1,2026-02-16,2026-08-25 20:37:49.801000000
LADDERUP,EQ,Ladderup Finance Limited,INE519D01015,10.0,1,2026-08-17,2026-08-25 20:37:49.801000000
LAGNAM,EQ,Lagnam Spintex Limited,INE548Z01017,10.0,1,2021-09-30,2026-08-25 20:37:49.801000000
LAHOTIOV,EQ,Lahoti Overseas Limited,INE515C01023,2.0,1,2026-04-20,2026-08-25 20:37:49.801000000
LAKPRE,BZ,Lakshmi Precision Screws Limited,INE651C01018,10.0,1,2006-09-26,2026-08-25 20:37:49.801000000
LAKSHMIMIL,EQ,Lakshmi Mills Company Limited,INE938C01019,100.0,1,2026-08-17,2026-08-25 20:37:49.801000000
LAL,EQ,Lorenzini Apparels Limited,INE740X01023,1.0,1,2023-04-10,2026-08-25 20:37:49.801000000
LALITHAA,EQ,Lalithaa Jewellery Mart Limited,INE0K9O01026,5.0,1,2026-08-24,2026-08-25 20:37:49.801000000
LALPATHLAB,EQ,Dr. Lal Path Labs Ltd.,INE600L01024,10.0,1,2015-12-23,2026-08-25 20:37:49.801000000
LAMBODHARA,EQ,Lambodhara Textiles Limited,INE112F01022,5.0,1,2015-02-04,2026-08-25 20:37:49.801000000
LANCER,EQ,Lancer Container Lines Limited,INE359U01028,5.0,1,2026-08-17,2026-08-25 20:37:49.801000000
LANCORHOL,EQ,Lancor Holdings Limited,INE572G01025,2.0,1,2024-03-12,2026-08-25 20:37:49.801000000
LANDMARK,EQ,Landmark Cars Limited,INE559R01029,5.0,1,2022-12-23,2026-08-25 20:37:49.801000000
LANDSMILL,EQ,Landsmill Green Limited,INE688J01023,1.0,1,2009-08-03,2026-08-25 20:37:49.801000000
LAOPALA,EQ,La Opala RG Limited,INE059D01020,2.0,1,2007-03-16,2026-08-25 20:37:49.801000000
LASA,EQ,Lasa Supergenerics Limited,INE670X01014,10.0,1,2017-09-21,2026-08-25 20:37:49.801000000
LASERPOWER,EQ,Laser Power & Infra Limited,INE17IR01028,5.0,1,2026-07-16,2026-08-25 20:37:49.801000000
LATENTVIEW,EQ,Latent View Analytics Limited,INE0I7C01011,1.0,1,2021-11-23,2026-08-25 20:37:49.801000000
LATTEYS,EQ,Latteys Industries Limited,INE262Z01023,2.0,1,2023-05-23,2026-08-25 20:37:49.801000000
LAURUSLABS,EQ,Laurus Labs Limited,INE947Q01028,2.0,1,2016-12-19,2026-08-25 20:37:49.801000000
LAXMICOT,EQ,Laxmi Cotspin Limited,INE801V01019,10.0,1,2021-11-12,2026-08-25 20:37:49.801000000
LAXMIDENTL,EQ,Laxmi Dental Limited,INE0WO601020,2.0,1,2025-01-20,2026-08-25 20:37:49.801000000
LAXMIINDIA,EQ,Laxmi India Finance Limited,INE06WU01026,5.0,1,2025-08-05,2026-08-25 20:37:49.801000000
LCCINFOTEC,EQ,LCC Infotech Limited,INE938A01021,2.0,1,2000-03-02,2026-08-25 20:37:49.801000000
LCL,EQ,Lohia Corp Limited,INE0QJW01029,1.0,1,2026-07-30,2026-08-25 20:37:49.801000000
LEAPIND,EQ,LEAP India Limited,INE00GO01025,1.0,1,2026-08-14,2026-08-25 20:37:49.801000000
LEENEE,EQ,Lee & Nee Softwares Exports Limited,INE791B01014,10.0,1,2026-08-17,2026-08-25 20:37:49.801000000
LEMERITE,EQ,Le Merite Exports Limited,INE0G1L01025,2.0,1,2025-12-12,2026-08-25 20:37:49.801000000
LEMONTREE,EQ,Lemon Tree Hotels Limited,INE970X01018,10.0,1,2018-04-09,2026-08-25 20:37:49.801000000
LENSKART,EQ,Lenskart Solutions Limited,INE956O01016,2.0,1,2025-11-10,2026-08-25 20:37:49.801000000
LEXUS,EQ,Lexus Granito (India) Limited,INE500X01013,10.0,1,2023-03-13,2026-08-25 20:37:49.801000000
LFIC,EQ,Lakshmi Finance & Industrial Corporation Limited,INE850E01012,10.0,1,2015-04-15,2026-08-25 20:37:49.801000000
LGBBROSLTD,EQ,LG Balakrishnan & Bros Limited,INE337A01034,10.0,1,2010-03-30,2026-08-25 20:37:49.801000000
LGEINDIA,EQ,LG Electronics India Limited,INE324D01010,10.0,1,2025-10-14,2026-08-25 20:37:49.801000000
LGHL,EQ,Laxmi Goldorna House Limited,INE258Y01016,10.0,1,2023-11-10,2026-08-25 20:37:49.801000000
LIBAS,EQ,Libas Consumer Products Limited,INE908V01012,10.0,1,2019-07-23,2026-08-25 20:37:49.801000000
LIBERTSHOE,EQ,Liberty Shoes Limited,INE557B01019,10.0,1,1995-09-27,2026-08-25 20:37:49.801000000
LICHSGFIN,EQ,LIC Housing Finance Limited,INE115A01026,2.0,1,1998-07-29,2026-08-25 20:37:49.801000000
LICI,EQ,Life Insurance Corporation Of India,INE0J1Y01017,10.0,1,2022-05-17,2026-08-25 20:37:49.801000000
LIKHITHA,EQ,Likhitha Infrastructure Limited,INE060901027,5.0,1,2020-10-15,2026-08-25 20:37:49.801000000
LINC,EQ,Linc Limited,INE802B01027,5.0,1,2015-03-09,2026-08-25 20:37:49.801000000
LINCOLN,EQ,Lincoln Pharmaceuticals Limited,INE405C01035,10.0,1,2015-12-17,2026-08-25 20:37:49.801000000
LINDEINDIA,EQ,Linde India Limited,INE473A01011,10.0,1,1999-06-16,2026-08-25 20:37:49.801000000
LKPSEC,EQ,LKP Securities Limited,INE341H01023,2.0,1,2026-08-17,2026-08-25 20:37:49.801000000
LLOYDSENGG,EQ,LLOYDS ENGINEERING WORKS LIMITED,INE093R01011,1.0,1,2016-07-18,2026-08-25 20:37:49.801000000
LLOYDSENT,EQ,Lloyds Enterprises Limited,INE080I01025,1.0,1,2024-10-17,2026-08-25 20:37:49.801000000
LLOYDSME,EQ,Lloyds Metals And Energy Limited,INE281B01032,1.0,1,2023-07-17,2026-08-25 20:37:49.801000000
LMW,EQ,LMW Limited,INE269B01029,10.0,1,1995-03-29,2026-08-25 20:37:49.801000000
LODHA,EQ,Lodha Developers Limited,INE670K01029,10.0,1,2021-04-19,2026-08-25 20:37:49.801000000
LOKESHMACH,BE,Lokesh Machines Limited,INE397H01017,10.0,1,2006-05-05,2026-08-25 20:37:49.801000000
LORDSCHLO,EQ,Lords Chloro Alkali Limited,INE846D01012,10.0,1,2023-08-28,2026-08-25 20:37:49.801000000
LOTUSCHO,EQ,Lotus Chocolate Company Limited,INE026D01011,10.0,1,2026-08-17,2026-08-25 20:37:49.801000000
LOTUSDEV,BE,Sri Lotus Developers and Realty Limited,INE0V9Q01010,1.0,1,2025-08-06,2026-08-25 20:37:49.801000000
LOTUSEYE,EQ,Lotus Eye Hospital and Institute Limited,INE947I01017,10.0,1,2008-07-11,2026-08-25 20:37:49.801000000
LOVABLE,EQ,Lovable Lingerie Limited,INE597L01014,10.0,1,2011-03-24,2026-08-25 20:37:49.801000000
LOYALTEX,EQ,Loyal Textile Mills Limited,INE970D01010,10.0,1,2022-08-11,2026-08-25 20:37:49.801000000
LPDC,EQ,Landmark Property Development Company Limited,INE197J01017,1.0,1,2008-08-12,2026-08-25 20:37:49.801000000
LT,EQ,Larsen & Toubro Limited,INE018A01030,2.0,1,2004-06-23,2026-08-25 20:37:49.801000000
LTF,EQ,L&T Finance Limited,INE498L01015,10.0,1,2011-08-12,2026-08-25 20:37:49.801000000
LTFOODS,EQ,LT Foods Limited,INE818H01020,1.0,1,2006-12-18,2026-08-25 20:37:49.801000000
LTM,EQ,LTM Limited,INE214T01019,1.0,1,2016-07-21,2026-08-25 20:37:49.801000000
LTTS,EQ,L&T Technology Services Limited,INE010V01017,2.0,1,2016-09-23,2026-08-25 20:37:49.801000000
LUMAXIND,EQ,Lumax Industries Limited,INE162B01018,10.0,1,1995-09-06,2026-08-25 20:37:49.801000000
LUMAXTECH,EQ,Lumax Auto Technologies Limited,INE872H01027,2.0,1,2007-01-16,2026-08-25 20:37:49.801000000
LUPIN,EQ,Lupin Limited,INE326A01037,2.0,1,2001-09-10,2026-08-25 20:37:49.801000000
LUXIND,EQ,Lux Industries Limited,INE150G01020,2.0,1,2015-11-30,2026-08-25 20:37:49.801000000
LXCHEM,EQ,Laxmi Organic Industries Limited,INE576O01020,2.0,1,2021-03-25,2026-08-25 20:37:49.801000000
LYKALABS,BE,Lyka Labs Limited,INE933A01014,10.0,1,1995-02-08,2026-08-25 20:37:49.801000000
M&M,EQ,Mahindra & Mahindra Limited,INE101A01026,5.0,1,1996-01-03,2026-08-25 20:37:49.801000000
M&MFIN,EQ,Mahindra & Mahindra Financial Services Limited,INE774D01024,2.0,1,2006-03-17,2026-08-25 20:37:49.801000000
MAANALU,EQ,Maan Aluminium Limited,INE215I01027,5.0,1,2007-10-22,2026-08-25 20:37:49.801000000
MACPOWER,EQ,Macpower CNC Machines Limited,INE155Z01011,10.0,1,2020-08-19,2026-08-25 20:37:49.801000000
MADHAV,EQ,Madhav Marbles and Granites Limited,INE925C01016,10.0,1,2007-12-20,2026-08-25 20:37:49.801000000
MADHAVIPL,EQ,Madhav Infra Projects Limited,INE631R01026,1.0,1,2026-04-20,2026-08-25 20:37:49.801000000
MADHUCON,BE,Madhucon Projects Limited,INE378D01032,1.0,1,2006-10-05,2026-08-25 20:37:49.801000000
MADRASFERT,EQ,Madras Fertilizers Limited,INE414A01015,10.0,1,1997-07-25,2026-08-25 20:37:49.801000000
MAFATIND,EQ,Mafatlal Industries Limited,INE270B01035,2.0,1,2026-04-20,2026-08-25 20:37:49.801000000
MAGADSUGAR,EQ,Magadh Sugar & Energy Limited,INE347W01011,10.0,1,2017-07-28,2026-08-25 20:37:49.801000000
MAGNUM,EQ,Magnum Ventures Limited,INE387I01016,10.0,1,2007-09-20,2026-08-25 20:37:49.801000000
MAHABANK,EQ,Bank of Maharashtra,INE457A01014,10.0,1,2004-04-12,2026-08-25 20:37:49.801000000
MAHAPEXLTD,EQ,Maha Rashtra Apex Corporation Limited,INE843B01013,10.0,1,1998-01-21,2026-08-25 20:37:49.801000000
MAHASTEEL,BE,Mahamaya Steel Industries Limited,INE451L01014,10.0,1,2016-07-01,2026-08-25 20:37:49.801000000
MAHEPC,EQ,Mahindra EPC Irrigation Limited,INE215D01010,10.0,1,2020-02-14,2026-08-25 20:37:49.801000000
MAHESHWARI,BE,Maheshwari Logistics Limited,INE263W01010,10.0,1,2019-04-15,2026-08-25 20:37:49.801000000
MAHLIFE,EQ,Mahindra Lifespace Developers Limited,INE813A01018,10.0,1,2000-05-10,2026-08-25 20:37:49.801000000
MAHLOG,EQ,Mahindra Logistics Limited,INE766P01016,10.0,1,2017-11-10,2026-08-25 20:37:49.801000000
MAHSCOOTER,EQ,Maharashtra Scooters Limited,INE288A01013,10.0,1,1995-02-08,2026-08-25 20:37:49.801000000
MAHSEAMLES,EQ,Maharashtra Seamless Limited,INE271B01025,5.0,1,2004-08-25,2026-08-25 20:37:49.801000000
MAITHANALL,EQ,Maithan Alloys Limited,INE683C01011,10.0,1,2011-07-05,2026-08-25 20:37:49.801000000
MAJESAUT,BE,Majestic Auto Limited,INE201B01022,10.0,1,2026-04-20,2026-08-25 20:37:49.801000000
MAKERSL,EQ,Makers Laboratories Limited,INE987A01010,10.0,1,2026-08-17,2026-08-25 20:37:49.801000000
MALLCOM,EQ,Mallcom (India) Limited,INE389C01015,10.0,1,2022-02-02,2026-08-25 20:37:49.801000000
MALUPAPER,EQ,Malu Paper Mills Limited,INE383H01017,10.0,1,2006-04-05,2026-08-25 20:37:49.801000000
MAMATA,EQ,Mamata Machinery Limited,INE0TO701015,10.0,1,2024-12-27,2026-08-25 20:37:49.801000000
MANAKALUCO,EQ,Manaksia Aluminium Company Limited,INE859Q01017,1.0,1,2015-03-30,2026-08-25 20:37:49.801000000
MANAKCOAT,EQ,Manaksia Coated Metals & Industries Limited,INE830Q01018,1.0,1,2015-03-30,2026-08-25 20:37:49.801000000
MANAKSIA,EQ,Manaksia Limited,INE015D01022,2.0,1,2008-01-08,2026-08-25 20:37:49.801000000
MANAKSTEEL,EQ,Manaksia Steels Limited,INE824Q01011,1.0,1,2015-03-30,2026-08-25 20:37:49.801000000
MANALIPETC,EQ,Manali Petrochemicals Limited,INE201A01024,5.0,1,2006-12-06,2026-08-25 20:37:49.801000000
MANAPPURAM,EQ,Manappuram Finance Limited,INE522D01027,2.0,1,2014-12-01,2026-08-25 20:37:49.801000000
MANBA,EQ,Manba Finance Limited,INE939X01013,10.0,1,2024-09-30,2026-08-25 20:37:49.801000000
MANBRO,EQ,Manbro Industries Limited,INE348N01042,1.0,1,2026-08-17,2026-08-25 20:37:49.801000000
MANCREDIT,EQ,Mangal Credit and Fincorp Limited,INE545L01039,10.0,1,2024-08-16,2026-08-25 20:37:49.801000000
MANGALAM,EQ,Mangalam Drugs And Organics Limited,INE584F01014,10.0,1,2005-05-23,2026-08-25 20:37:49.801000000
MANGLMCEM,EQ,Mangalam Cement Limited,INE347A01017,10.0,1,1996-01-03,2026-08-25 20:37:49.801000000
MANINDS,EQ,Man Industries (India) Limited,INE993A01026,5.0,1,2005-06-24,2026-08-25 20:37:49.801000000
MANINFRA,EQ,Man Infraconstruction Limited,INE949H01023,2.0,1,2010-03-11,2026-08-25 20:37:49.801000000
MANIPALHOS,EQ,Manipal Health Enterprises Limited,INE459N01021,2.0,1,2026-08-05,2026-08-25 20:37:49.801000000
MANKIND,EQ,Mankind Pharma Limited,INE634S01028,1.0,1,2023-05-09,2026-08-25 20:37:49.801000000
MANOMAY,EQ,Manomay Tex India Limited,INE784W01015,10.0,1,2023-01-18,2026-08-25 20:37:49.801000000
MANORAMA,EQ,Manorama Industries Limited,INE00VM01036,2.0,1,2022-07-01,2026-08-25 20:37:49.801000000
MANORG,EQ,Mangalam Organics Limited,INE370D01013,10.0,1,2021-11-02,2026-08-25 20:37:49.801000000
MANUGRAPH,BE,Manugraph India Limited,INE867A01022,2.0,1,2006-09-14,2026-08-25 20:37:49.801000000
MANYAVAR,EQ,Vedant Fashions Limited,INE825V01034,1.0,1,2022-02-16,2026-08-25 20:37:49.801000000
MAPMYINDIA,EQ,C.E. Info Systems Limited,INE0BV301023,2.0,1,2021-12-21,2026-08-25 20:37:49.801000000
MARALOVER,EQ,Maral Overseas Limited,INE882A01013,10.0,1,1995-02-08,2026-08-25 20:37:49.801000000
MARATHON,EQ,Marathon Nextgen Realty Limited,INE182D01020,5.0,1,2016-09-29,2026-08-25 20:37:49.801000000
MARICO,EQ,Marico Limited,INE196A01026,1.0,1,1996-05-01,2026-08-25 20:37:49.801000000
MARINE,EQ,Marine Electricals (India) Limited,INE01JE01028,2.0,1,2020-12-02,2026-08-25 20:37:49.801000000
MARKOLINES,EQ,Markolines Pavement Technologies Limited,INE0FW001016,10.0,1,2025-10-14,2026-08-25 20:37:49.801000000
MARKSANS,EQ,Marksans Pharma Limited,INE750C01026,1.0,1,2002-01-21,2026-08-25 20:37:49.801000000
MARSONS,EQ,Marsons Limited,INE415B01044,1.0,1,2026-03-13,2026-08-25 20:37:49.801000000
MARUTI,EQ,Maruti Suzuki India Limited,INE585B01010,5.0,1,2003-07-09,2026-08-25 20:37:49.801000000
MASFIN,EQ,MAS Financial Services Limited,INE348L01012,10.0,1,2017-10-18,2026-08-25 20:37:49.801000000
MASKINVEST,EQ,Mask Investments Limited,INE885F01015,10.0,1,2016-10-14,2026-08-25 20:37:49.801000000
MASTEK,EQ,Mastek Limited,INE759A01021,5.0,1,1995-05-10,2026-08-25 20:37:49.801000000
MASTERTR,EQ,Master Trust Limited,INE677D01037,1.0,1,2024-11-12,2026-08-25 20:37:49.801000000
MATRIMONY,EQ,Matrimony.Com Limited,INE866R01028,5.0,1,2017-09-21,2026-08-25 20:37:49.801000000
MAWANASUG,EQ,Mawana Sugars Limited,INE636A01039,10.0,1,2009-03-20,2026-08-25 20:37:49.801000000
MAXESTATES,EQ,Max Estates Limited,INE03EI01018,10.0,1,2023-10-30,2026-08-25 20:37:49.801000000
MAXHEALTH,EQ,Max Healthcare Institute Limited,INE027H01010,10.0,1,2020-08-21,2026-08-25 20:37:49.801000000
MAXIND,EQ,Max India Limited,INE0CG601016,10.0,1,2020-08-28,2026-08-25 20:37:49.801000000
MAYURUNIQ,EQ,Mayur Uniquoters Ltd,INE040D01038,5.0,1,2012-09-25,2026-08-25 20:37:49.801000000
MAZDA,BE,Mazda Limited,INE885E01042,2.0,1,2016-11-01,2026-08-25 20:37:49.801000000
MAZDOCK,EQ,Mazagon Dock Shipbuilders Limited,INE249Z01020,5.0,1,2020-10-12,2026-08-25 20:37:49.801000000
MBAPL,EQ,Madhya Bharat Agro Products Limited,INE900L01028,2.0,1,2019-08-22,2026-08-25 20:37:49.801000000
MBEL,EQ,M & B Engineering Limited,INE08N601015,10.0,1,2025-08-06,2026-08-25 20:37:49.801000000
MBLINFRA,EQ,MBL Infrastructure Limited,INE912H01013,10.0,1,2010-01-11,2026-08-25 20:37:49.801000000
MCCHRLS-B,EQ,Mac Charles India Limited,INE435D01014,10.0,1,2026-04-20,2026-08-25 20:37:49.801000000
MCL,EQ,M TEK COPPER LIMITED,INE813V01022,5.0,1,2020-08-19,2026-08-25 20:37:49.801000000
MCLEODRUSS,EQ,Mcleod Russel India Limited,INE942G01012,5.0,1,2005-07-29,2026-08-25 20:37:49.801000000
MCLOUD,EQ,Magellanic Cloud Limited,INE613C01026,2.0,1,2025-02-07,2026-08-25 20:37:49.801000000
MCX,EQ,Multi Commodity Exchange of India Limited,INE745G01043,2.0,1,2012-03-09,2026-08-25 20:37:49.801000000
MEDANTA,EQ,Global Health Limited,INE474Q01031,2.0,1,2022-11-16,2026-08-25 20:37:49.801000000
MEDIASSIST,EQ,Medi Assist Healthcare Services Limited,INE456Z01021,5.0,1,2024-01-23,2026-08-25 20:37:49.801000000
MEDICAMEQ,EQ,Medicamen Biotech Limited,INE646B01010,10.0,1,2021-10-27,2026-08-25 20:37:49.801000000
MEDICAPQ,EQ,Medi Caps Limited,INE442D01010,10.0,1,2026-08-17,2026-08-25 20:37:49.801000000
MEDICO,EQ,Medico Remedies Limited,INE630Y01024,2.0,1,2022-05-26,2026-08-25 20:37:49.801000000
MEDPLUS,EQ,Medplus Health Services Limited,INE804L01022,2.0,1,2021-12-23,2026-08-25 20:37:49.801000000
MEESHO,EQ,Meesho Limited,INE0VDM01015,1.0,1,2025-12-10,2026-08-25 20:37:49.801000000
MEGASTAR,EQ,Megastar Foods Limited,INE00EM01016,10.0,1,2022-02-16,2026-08-25 20:37:49.801000000
MEIL,EQ,Mangal Electrical Industries Limited,INE0PKD01011,10.0,1,2025-08-28,2026-08-25 20:37:49.801000000
MENNPIS,EQ,Menon Pistons Limited,INE650G01029,1.0,1,2026-04-20,2026-08-25 20:37:49.801000000
MENONBE,BE,Menon Bearings Limited,INE071D01033,1.0,1,2015-03-09,2026-08-25 20:37:49.801000000
MEP,BZ,MEP Infrastructure Developers Limited,INE776I01010,10.0,1,2015-05-06,2026-08-25 20:37:49.801000000
MERCANTILE,EQ,Mercantile Ventures Limited,INE689O01013,10.0,1,2026-04-20,2026-08-25 20:37:49.801000000
MERCURYEV,EQ,Mercury Ev-Tech Limited,INE763M01028,1.0,1,2026-06-02,2026-08-25 20:37:49.801000000
METROBRAND,EQ,Metro Brands Limited,INE317I01021,5.0,1,2021-12-22,2026-08-25 20:37:49.801000000
METROGLOBL,EQ,Metroglobal Limited,INE085D01033,10.0,1,2026-04-20,2026-08-25 20:37:49.801000000
METROPOLIS,EQ,Metropolis Healthcare Limited,INE112L01020,2.0,1,2019-04-15,2026-08-25 20:37:49.801000000
MFML,EQ,Mahalaxmi Fabric Mills Limited,INE0US801024,10.0,1,2024-08-27,2026-08-25 20:37:49.801000000
MFSL,EQ,Max Financial Services Limited,INE180A01020,2.0,1,2000-05-17,2026-08-25 20:37:49.801000000
MGEL,BE,Mangalam Global Enterprise Limited,INE0APB01032,1.0,1,2020-12-23,2026-08-25 20:37:49.801000000
MGL,EQ,Mahanagar Gas Limited,INE002S01010,10.0,1,2016-07-01,2026-08-25 20:37:49.801000000
MHLXMIRU,BE,Mahalaxmi Rubtech Limited,INE112D01035,10.0,1,2022-01-27,2026-08-25 20:37:49.801000000
MHRIL,EQ,Mahindra Holidays & Resorts India Limited,INE998I01010,10.0,1,2009-07-16,2026-08-25 20:37:49.801000000
MICEL,BE,MIC Electronics Limited,INE287C01037,2.0,1,2021-12-17,2026-08-25 20:37:49.801000000
MIDHANI,EQ,Mishra Dhatu Nigam Limited,INE099Z01011,10.0,1,2018-04-04,2026-08-25 20:37:49.801000000
MIDWESTLTD,EQ,Midwest Limited,INE0XAD01024,5.0,1,2025-10-24,2026-08-25 20:37:49.801000000
MIIL,EQ,Meghna Infracon Infrastructure Limited,INE898Q01015,10.0,1,2026-08-17,2026-08-25 20:37:49.801000000
MILKYMIST,EQ,Milky Mist Dairy Food Limited,INE00IT01020,2.0,1,2026-08-18,2026-08-25 20:37:49.801000000
MINALIND,EQ,Minal Industries Limited,INE097E01028,2.0,1,2026-08-17,2026-08-25 20:37:49.801000000
MINDACORP,EQ,Minda Corporation Limited,INE842C01021,2.0,1,2014-10-16,2026-08-25 20:37:49.801000000
MINDTECK,EQ,Mindteck (India) Limited,INE110B01017,10.0,1,2016-08-02,2026-08-25 20:37:49.801000000
MIRZAINT,EQ,Mirza International Limited,INE771A01026,2.0,1,1999-04-28,2026-08-25 20:37:49.801000000
MITCON,BE,MITCON Consultancy & Engineering Services Limited,INE828O01033,10.0,1,2022-03-17,2026-08-25 20:37:49.801000000
MITTAL,EQ,Mittal Life Style Limited,INE997Y01027,1.0,1,2020-04-29,2026-08-25 20:37:49.801000000
MKEXIM,EQ,M.K. Exim (India) Limited,INE227F01010,10.0,1,2026-08-17,2026-08-25 20:37:49.801000000
MKPL,EQ,M K Proteins Limited,INE964W01021,1.0,1,2023-06-13,2026-08-25 20:37:49.801000000
MLKFOOD,EQ,Milkfood Limited,INE588G01021,5.0,1,2026-08-17,2026-08-25 20:37:49.801000000
MMFL,EQ,MM Forgings Limited,INE227C01017,10.0,1,2006-12-20,2026-08-25 20:37:49.801000000
MMP,EQ,MMP Industries Limited,INE511Y01018,10.0,1,2020-01-09,2026-08-25 20:37:49.801000000
MMTC,EQ,MMTC Limited,INE123F01029,1.0,1,2012-04-09,2026-08-25 20:37:49.801000000
MMWL,EQ,Media Matrix Worldwide Limited,INE200D01020,1.0,1,2026-04-20,2026-08-25 20:37:49.801000000
MOBIKWIK,EQ,One Mobikwik Systems Limited,INE0HLU01028,2.0,1,2024-12-18,2026-08-25 20:37:49.801000000
MODINATUR,BE,Modi Naturals Limited,INE537F01012,10.0,1,2025-12-11,2026-08-25 20:37:49.801000000
MODIRUBBER,EQ,Modi Rubber Limited,INE832A01018,10.0,1,1996-02-07,2026-08-25 20:37:49.801000000
MODIS,EQ,Modis Navnirman Limited,INE0L0L01012,10.0,1,2025-11-14,2026-08-25 20:37:49.801000000
MODISONLTD,BE,MODISON LIMITED,INE737D01021,1.0,1,2021-05-03,2026-08-25 20:37:49.801000000
MODTHREAD,EQ,Modern Threads (India) Limited,INE794W01014,10.0,50,1995-11-22,2026-08-25 20:37:49.801000000
MOHITE,EQ,Mohite Industries Limited,INE154B01023,1.0,1,2026-08-17,2026-08-25 20:37:49.801000000
MOHITIND,EQ,Mohit Industries Limited,INE954E01012,10.0,1,2013-03-14,2026-08-25 20:37:49.801000000
MOIL,EQ,MOIL Limited,INE490G01020,10.0,1,2010-12-15,2026-08-25 20:37:49.801000000
MOKSH,EQ,Moksh Ornaments Limited,INE514Y01020,2.0,1,2021-05-21,2026-08-25 20:37:49.801000000
MOL,EQ,Meghmani Organics Limited,INE0CT101020,1.0,1,2021-08-18,2026-08-25 20:37:49.801000000
MOLBIO,EQ,Molbio Diagnostics Limited,INE869T01028,1.0,1,2026-08-17,2026-08-25 20:37:49.801000000
MOLDTECH,BE,Mold-Tek Technologies Limited,INE835B01035,2.0,1,2016-07-07,2026-08-25 20:37:49.801000000
MOLDTKPAC,EQ,Mold-Tek Packaging Limited,INE893J01029,5.0,1,2015-02-23,2026-08-25 20:37:49.801000000
MONARCH,EQ,Monarch Networth Capital Limited,INE903D01011,10.0,1,2022-01-06,2026-08-25 20:37:49.801000000
MONEYBOXX,EQ,Moneyboxx Finance Limited,INE296Q01012,10.0,1,2025-10-15,2026-08-25 20:37:49.801000000
MONTECARLO,EQ,Monte Carlo Fashions Limited,INE950M01013,10.0,1,2014-12-19,2026-08-25 20:37:49.801000000
MOREPENLAB,EQ,Morepen Laboratories Limited,INE083A01026,2.0,1,1999-11-24,2026-08-25 20:37:49.801000000
MOSCHIP,EQ,Moschip Technologies Limited,INE935B01025,2.0,1,2025-02-05,2026-08-25 20:37:49.801000000
MOTHERSON,EQ,Samvardhana Motherson International Limited,INE775A01035,1.0,1,1996-08-14,2026-08-25 20:37:49.801000000
MOTILALOFS,EQ,Motilal Oswal Financial Services Limited,INE338I01027,1.0,1,2007-09-11,2026-08-25 20:37:49.801000000
MOTISONS,EQ,Motisons Jewellers Limited,INE0FRK01020,1.0,1,2023-12-26,2026-08-25 20:37:49.801000000
MOTOGENFIN,BE,The Motor & General Finance Limited,INE861B01023,5.0,1,1995-02-08,2026-08-25 20:37:49.801000000
MPDL,EQ,MPDL Limited,INE493H01014,10.0,1,2026-08-17,2026-08-25 20:37:49.801000000
MPHASIS,EQ,MphasiS Limited,INE356A01018,10.0,1,2004-06-04,2026-08-25 20:37:49.801000000
MPSLTD,EQ,MPS Limited,INE943D01017,10.0,1,2002-01-21,2026-08-25 20:37:49.801000000
MRF,EQ,MRF Limited,INE883A01011,10.0,1,1996-09-18,2026-08-25 20:37:49.801000000
MRPL,EQ,Mangalore Refinery and Petrochemicals Limited,INE103A01014,10.0,1,2005-01-07,2026-08-25 20:37:49.801000000
MSL,EQ,Mangalam Seeds Limited,INE829S01016,10.0,1,2026-08-17,2026-08-25 20:37:49.801000000
MSPL,EQ,MSP Steel & Power Limited,INE752G01015,10.0,1,2005-07-18,2026-08-25 20:37:49.801000000
MSTCLTD,EQ,Mstc Limited,INE255X01014,10.0,1,2019-03-29,2026-08-25 20:37:49.801000000
MSUMI,EQ,Motherson Sumi Wiring India Limited,INE0FS801015,1.0,1,2022-03-28,2026-08-25 20:37:49.801000000
MTARTECH,BE,Mtar Technologies Limited,INE864I01014,10.0,1,2021-03-15,2026-08-25 20:37:49.801000000
MTEDUCARE,BE,MT Educare Limited,INE472M01018,10.0,1,2012-04-12,2026-08-25 20:37:49.801000000
MTNL,EQ,Mahanagar Telephone Nigam Limited,INE153A01019,10.0,1,1999-02-17,2026-08-25 20:37:49.801000000
MUFIN,EQ,Mufin Green Finance Limited,INE08KJ01020,1.0,1,2023-11-06,2026-08-25 20:37:49.801000000
MUFTI,EQ,Credo Brands Marketing Limited,INE220Q01020,2.0,1,2023-12-27,2026-08-25 20:37:49.801000000
MUKANDLTD,EQ,Mukand Limited,INE304A01026,10.0,1,2004-02-23,2026-08-25 20:37:49.801000000
MUKESHB,EQ,Mukesh Babu Financial Services Limited,INE596B01017,10.0,1,2026-08-17,2026-08-25 20:37:49.801000000
MUKKA,EQ,Mukka Proteins Limited,INE0CG401037,1.0,1,2024-03-07,2026-08-25 20:37:49.801000000
MUKTAARTS,BE,Mukta Arts Limited,INE374B01019,5.0,1,2000-09-12,2026-08-25 20:37:49.801000000
MUNJALAU,EQ,Munjal Auto Industries Limited,INE672B01032,2.0,1,2006-07-19,2026-08-25 20:37:49.801000000
MUNJALSHOW,EQ,Munjal Showa Limited,INE577A01027,2.0,1,2003-05-12,2026-08-25 20:37:49.801000000
MURUDCERA,EQ,Murudeshwar Ceramics Limited,INE692B01014,10.0,1,2004-05-28,2026-08-25 20:37:49.801000000
MUTHOOTCAP,EQ,Muthoot Capital Services Limited,INE296G01013,10.0,1,2015-08-24,2026-08-25 20:37:49.801000000
MUTHOOTFIN,EQ,Muthoot Finance Limited,INE414G01012,10.0,1,2011-05-06,2026-08-25 20:37:49.801000000
MUTHOOTMF,EQ,Muthoot Microfin Limited,INE046W01019,10.0,1,2023-12-26,2026-08-25 20:37:49.801000000
MVELECTRO,EQ,MV Electrosystems Limited,INE0OWZ01020,5.0,1,2026-08-06,2026-08-25 20:37:49.801000000
MVGJL,EQ,Manoj Vaibhav Gems N Jewellers Limited,INE0KNT01012,10.0,1,2023-10-03,2026-08-25 20:37:49.801000000
MWL,EQ,Mangalam Worldwide Limited,INE0JYY01029,1.0,1,2025-09-18,2026-08-25 20:37:49.801000000
MYSORPETRO,BE,Mysore Petro Chemicals Limited,INE741A01011,10.0,1,2026-08-17,2026-08-25 20:37:49.801000000
NACLIND,EQ,NACL Industries Limited,INE295D01020,1.0,1,2017-04-07,2026-08-25 20:37:49.801000000
NAGREEKCAP,EQ,Nagreeka Capital & Infrastructure Limited,INE245I01016,5.0,1,2007-09-18,2026-08-25 20:37:49.801000000
NAGREEKEXP,EQ,Nagreeka Exports Limited,INE123B01028,5.0,1,2007-06-18,2026-08-25 20:37:49.801000000
NAHARCAP,EQ,Nahar Capital and Financial Services Limited,INE049I01012,5.0,1,2008-03-11,2026-08-25 20:37:49.801000000
NAHARINDUS,EQ,Nahar Industrial Enterprises Limited,INE289A01011,10.0,1,2005-12-15,2026-08-25 20:37:49.801000000
NAHARPOLY,EQ,Nahar Poly Films Limited,INE308A01027,5.0,1,2007-03-23,2026-08-25 20:37:49.801000000
NAHARSPING,EQ,Nahar Spinning Mills Limited,INE290A01027,5.0,1,2007-03-23,2026-08-25 20:37:49.801000000
NAM-INDIA,EQ,Nippon Life India Asset Management Limited,INE298J01013,10.0,1,2017-11-06,2026-08-25 20:37:49.801000000
NARMADA,EQ,Narmada Agrobase Limited,INE117Z01029,5.0,1,2022-10-27,2026-08-25 20:37:49.801000000
NATCAPSUQ,EQ,Natural Capsules Limited,INE936B01015,10.0,1,2025-02-14,2026-08-25 20:37:49.801000000
NATCOPHARM,EQ,Natco Pharma Limited,INE987B01026,2.0,1,1995-12-27,2026-08-25 20:37:49.801000000
NATHBIOGEN,EQ,Nath Bio-Genes (India) Limited,INE448G01010,10.0,1,2014-01-28,2026-08-25 20:37:49.801000000
NATIONALUM,EQ,National Aluminium Company Limited,INE139A01034,5.0,1,1999-04-28,2026-08-25 20:37:49.801000000
NATIONSTD,EQ,National Standard (India) Limited,INE166R01015,10.0,1,2026-04-20,2026-08-25 20:37:49.801000000
NAUKRI,EQ,Info Edge (India) Limited,INE663F01032,2.0,1,2006-11-21,2026-08-25 20:37:49.801000000
NAVA,EQ,NAVA LIMITED,INE725A01030,1.0,1,1996-04-03,2026-08-25 20:37:49.801000000
NAVINFLUOR,EQ,Navin Fluorine International Limited,INE048G01026,2.0,1,2007-06-01,2026-08-25 20:37:49.801000000
NAVKARCORP,EQ,Navkar Corporation Limited,INE278M01019,10.0,1,2015-09-09,2026-08-25 20:37:49.801000000
NAVKARURB,BE,Navkar Urbanstructure Limited,INE268H01044,1.0,1,2025-01-17,2026-08-25 20:37:49.801000000
NAVNETEDUL,EQ,Navneet Education Limited,INE060A01024,2.0,1,1995-02-08,2026-08-25 20:37:49.801000000
NAZARA,EQ,Nazara Technologies Limited,INE418L01047,2.0,1,2021-03-30,2026-08-25 20:37:49.801000000
NBCC,EQ,NBCC (India) Limited,INE095N01031,1.0,1,2012-04-12,2026-08-25 20:37:49.801000000
NBIFIN,EQ,N. B. I. Industrial Finance Company Limited,INE365I01020,5.0,1,2016-11-23,2026-08-25 20:37:49.801000000
NCC,EQ,NCC Limited,INE868B01028,2.0,1,2003-10-14,2026-08-25 20:37:49.801000000
NCLIND,EQ,NCL Industries Limited,INE732C01016,10.0,1,2007-04-03,2026-08-25 20:37:49.801000000
NDGL,EQ,Naga Dhunseri Group Limited,INE756C01015,10.0,1,2016-08-29,2026-08-25 20:37:49.801000000
NDL,EQ,Nandan Denim Limited,INE875G01048,1.0,1,2012-03-23,2026-08-25 20:37:49.801000000
NDLVENTURE,EQ,NDL Ventures Limited,INE353A01023,10.0,1,2007-04-24,2026-08-25 20:37:49.801000000
NDRAUTO,EQ,Ndr Auto Components Limited,INE07OG01012,10.0,1,2020-07-30,2026-08-25 20:37:49.801000000
NDTV,EQ,New Delhi Television Limited,INE155G01029,4.0,1,2004-05-19,2026-08-25 20:37:49.801000000
NEAGI,EQ,Neelamalai Agro Industries Limited,INE605D01012,10.0,1,2026-04-20,2026-08-25 20:37:49.801000000
NECCLTD,BE,North Eastern Carrying Corporation Limited,INE553C01016,10.0,1,2016-03-02,2026-08-25 20:37:49.801000000
NECLIFE,EQ,Nectar Lifesciences Limited,INE023H01027,1.0,1,2005-07-18,2026-08-25 20:37:49.801000000
NELCAST,EQ,Nelcast Limited,INE189I01024,2.0,1,2007-06-27,2026-08-25 20:37:49.801000000
NELCO,EQ,NELCO Limited,INE045B01015,10.0,1,2003-05-28,2026-08-25 20:37:49.801000000
NEOGEN,EQ,Neogen Chemicals Limited,INE136S01016,10.0,1,2019-05-08,2026-08-25 20:37:49.801000000
NEPHROPLUS,EQ,Nephrocare Health Services Limited,INE428V01029,2.0,1,2025-12-17,2026-08-25 20:37:49.801000000
NESCO,EQ,Nesco Limited,INE317F01035,2.0,1,2008-04-08,2026-08-25 20:37:49.801000000
NESTLEIND,EQ,Nestle India Limited,INE239A01024,1.0,1,2023-08-01,2026-08-25 20:37:49.801000000
NETWEB,EQ,Netweb Technologies India Limited,INE0NT901020,2.0,1,2023-07-27,2026-08-25 20:37:49.801000000
NETWORK18,EQ,Network18 Media & Investments Limited,INE870H01013,5.0,1,2007-02-02,2026-08-25 20:37:49.801000000
NEUEON,BE,Neueon Corporation Limited,INE333I01044,1.0,1,2013-09-11,2026-08-25 20:37:49.801000000
NEULANDLAB,EQ,Neuland Laboratories Limited,INE794A01010,10.0,1,2008-10-13,2026-08-25 20:37:49.801000000
NEWGEN,EQ,Newgen Software Technologies Limited,INE619B01017,10.0,1,2018-01-29,2026-08-25 20:37:49.801000000
NEXTMEDIA,EQ,Next Mediaworks Limited,INE747B01016,10.0,1,2001-04-04,2026-08-25 20:37:49.801000000
NFL,EQ,National Fertilizers Limited,INE870D01012,10.0,1,2006-12-28,2026-08-25 20:37:49.801000000
NGIL,EQ,Nakoda Group of Industries Limited,INE236Y01012,10.0,1,2021-08-20,2026-08-25 20:37:49.801000000
NGLFINE,EQ,NGL Fine-Chem Limited,INE887E01022,5.0,1,2022-07-08,2026-08-25 20:37:49.801000000
NH,EQ,Narayana Hrudayalaya Ltd.,INE410P01011,10.0,1,2016-01-06,2026-08-25 20:37:49.801000000
NHPC,EQ,NHPC Limited,INE848E01016,10.0,1,2009-09-01,2026-08-25 20:37:49.801000000
NIACL,EQ,The New India Assurance Company Limited,INE470Y01017,5.0,1,2017-11-13,2026-08-25 20:37:49.801000000
NIBE,EQ,NIBE Limited,INE149O01018,10.0,1,2025-02-07,2026-08-25 20:37:49.801000000
NIBL,EQ,NRB Industrial Bearings Limited,INE047O01014,2.0,1,2013-04-09,2026-08-25 20:37:49.801000000
NICCOPAR,EQ,Nicco Parks & Resorts Limited,INE653C01022,1.0,1,2026-08-17,2026-08-25 20:37:49.801000000
NIITLTD,EQ,NIIT Limited,INE161A01038,2.0,1,2004-08-16,2026-08-25 20:37:49.801000000
NIITMTS,EQ,NIIT Learning Systems Limited,INE342G01023,2.0,1,2023-08-08,2026-08-25 20:37:49.801000000
NILAINFRA,EQ,Nila Infrastructures Limited,INE937C01029,1.0,1,2015-05-21,2026-08-25 20:37:49.801000000
NILASPACES,EQ,Nila Spaces Limited,INE00S901012,1.0,1,2018-12-28,2026-08-25 20:37:49.801000000
NILE,EQ,Nile Limited,INE445D01013,10.0,1,2026-04-20,2026-08-25 20:37:49.801000000
NILKAMAL,EQ,Nilkamal Limited,INE310A01015,10.0,1,1995-11-01,2026-08-25 20:37:49.801000000
NIMBSPROJ,EQ,Nimbus Projects Limited,INE875B01015,10.0,1,2026-04-06,2026-08-25 20:37:49.801000000
NINSYS,EQ,NINtec Systems Limited,INE395U01014,10.0,1,2023-02-21,2026-08-25 20:37:49.801000000
NIPPOBATRY,EQ,Indo-National Limited,INE567A01028,5.0,1,1999-10-06,2026-08-25 20:37:49.801000000
NIRAJ,EQ,Niraj Cement Structurals Limited,INE368I01016,10.0,1,2020-10-01,2026-08-25 20:37:49.801000000
NIRAJISPAT,EQ,Niraj Ispat Industries Limited,INE326T01011,10.0,1,2016-10-27,2026-08-25 20:37:49.801000000
NIRLON,EQ,Nirlon Limited,INE910A01012,10.0,1,2026-04-20,2026-08-25 20:37:49.801000000
NITCO,EQ,Nitco Limited,INE858F01012,10.0,1,2006-03-21,2026-08-25 20:37:49.801000000
NITINSPIN,EQ,Nitin Spinners Limited,INE229H01012,10.0,1,2006-02-02,2026-08-25 20:37:49.801000000
NITIRAJ,EQ,Nitiraj Engineers Limited,INE439T01012,10.0,1,2021-04-22,2026-08-25 20:37:49.801000000
NITTAGELA,EQ,Nitta Gelatin India Limited,INE265B01019,10.0,1,2026-04-20,2026-08-25 20:37:49.801000000
NIVABUPA,EQ,Niva Bupa Health Insurance Company Limited,INE995S01015,10.0,1,2024-11-14,2026-08-25 20:37:49.801000000
NKIND,EQ,NK Industries Limited,INE542C01019,10.0,1,1995-07-07,2026-08-25 20:37:49.801000000
NLCINDIA,EQ,NLC India Limited,INE589A01014,10.0,1,2000-08-23,2026-08-25 20:37:49.801000000
NMDC,EQ,NMDC Limited,INE584A01023,1.0,1,2008-03-03,2026-08-25 20:37:49.801000000
NOCIL,EQ,NOCIL Limited,INE163A01018,10.0,1,1996-01-17,2026-08-25 20:37:49.801000000
NOIDATOLL,EQ,Noida Toll Bridge Company Limited,INE781B01015,10.0,1,2002-12-06,2026-08-25 20:37:49.801000000
NORBTEAEXP,EQ,Norben Tea & Exports Limited,INE369C01017,10.0,1,1996-06-26,2026-08-25 20:37:49.801000000
NORTHARC,EQ,Northern Arc Capital Limited,INE850M01015,10.0,1,2024-09-24,2026-08-25 20:37:49.801000000
NOVAAGRI,BE,Nova Agritech Limited,INE02H701025,2.0,1,2024-01-31,2026-08-25 20:37:49.801000000
NOVARTIND,EQ,Novartis India Limited,INE234A01025,5.0,1,2026-04-20,2026-08-25 20:37:49.801000000
NPST,EQ,Network People Services Technologies Limited,INE0FFK01017,10.0,1,2025-04-30,2026-08-25 20:37:49.801000000
NRAIL,EQ,N R Agarwal Industries Limited,INE740D01017,10.0,1,2017-04-05,2026-08-25 20:37:49.801000000
NRBBEARING,EQ,NRB Bearing Limited,INE349A01021,2.0,1,2000-03-08,2026-08-25 20:37:49.801000000
NRL,BE,Nupur Recyclers Limited,INE0JM501013,10.0,1,2023-01-12,2026-08-25 20:37:49.801000000
NSIL,EQ,Nalwa Sons Investments Limited,INE023A01030,10.0,1,2003-11-17,2026-08-25 20:37:49.801000000
NSLNISP,EQ,NMDC Steel Limited,INE0NNS01018,10.0,1,2023-02-20,2026-08-25 20:37:49.801000000
NTCIND,EQ,NTC Industries Limited,INE920C01017,10.0,1,2026-08-17,2026-08-25 20:37:49.801000000
NTPC,EQ,NTPC Limited,INE733E01010,10.0,1,2004-11-05,2026-08-25 20:37:49.801000000
NTPCGREEN,EQ,NTPC Green Energy Limited,INE0ONG01011,10.0,1,2024-11-27,2026-08-25 20:37:49.801000000
NUCLEUS,EQ,Nucleus Software Exports Limited,INE096B01018,10.0,1,2002-12-19,2026-08-25 20:37:49.801000000
NURECA,BE,Nureca Limited,INE0DSF01015,10.0,1,2021-02-25,2026-08-25 20:37:49.801000000
NUVAMA,EQ,Nuvama Wealth Management Limited,INE531F01023,2.0,1,2023-09-26,2026-08-25 20:37:49.801000000
NUVOCO,EQ,Nuvoco Vistas Corporation Limited,INE118D01016,10.0,1,2021-08-23,2026-08-25 20:37:49.801000000
NYKAA,EQ,FSN E-Commerce Ventures Limited,INE388Y01029,1.0,1,2021-11-10,2026-08-25 20:37:49.801000000
OAL,EQ,Oriental Aromatics Limited,INE959C01023,5.0,1,2019-07-11,2026-08-25 20:37:49.801000000
OBCL,EQ,OBCL Limited,INE426Z01016,10.0,1,2022-04-07,2026-08-25 20:37:49.801000000
OBEROIRLTY,EQ,Oberoi Realty Limited,INE093I01010,10.0,1,2010-10-20,2026-08-25 20:37:49.801000000
OCCLLTD,BE,OCCL Limited,INE0PK601023,2.0,1,2024-10-29,2026-08-25 20:37:49.801000000
ODIGMA,EQ,Odigma Consultancy Solutions Limited,INE054301028,1.0,1,2024-12-12,2026-08-25 20:37:49.801000000
ODYCORP,EQ,Odyssey Corporation Limited,INE839E01023,5.0,1,2026-08-17,2026-08-25 20:37:49.801000000
OFSS,EQ,Oracle Financial Services Software Limited,INE881D01027,5.0,1,2002-06-28,2026-08-25 20:37:49.801000000
OIL,EQ,Oil India Limited,INE274J01014,10.0,1,2009-09-30,2026-08-25 20:37:49.801000000
OILCOUNTUB,BE,Oil Country Tubular Limited,INE591A01010,10.0,1,1995-08-30,2026-08-25 20:37:49.801000000
OLAELEC,EQ,Ola Electric Mobility Limited,INE0LXG01040,10.0,1,2024-08-09,2026-08-25 20:37:49.801000000
OLECTRA,EQ,Olectra Greentech Limited,INE260D01016,4.0,1,2002-03-20,2026-08-25 20:37:49.801000000
OMAXAUTO,EQ,Omax Autos Limited,INE090B01011,10.0,1,2003-02-20,2026-08-25 20:37:49.801000000
OMAXE,EQ,Omaxe Limited,INE800H01010,10.0,1,2007-08-09,2026-08-25 20:37:49.801000000
OMFREIGHT,BE,Om Freight Forwarders Limited,INE1BZC01019,10.0,1,2025-10-08,2026-08-25 20:37:49.801000000
OMINFRAL,EQ,OM INFRA LIMITED,INE239D01028,1.0,1,2011-06-17,2026-08-25 20:37:49.801000000
OMNI,EQ,Omnitech Engineering Limited,INE0UH301010,5.0,1,2026-03-05,2026-08-25 20:37:49.801000000
OMPOWER,EQ,Om Power Transmission Limited,INE25E901019,10.0,1,2026-04-17,2026-08-25 20:37:49.801000000
ONEGLOBAL,EQ,One Global Service Provider Limited,INE670O01013,10.0,1,2026-08-17,2026-08-25 20:37:49.801000000
ONELIFECAP,BE,Onelife Capital Advisors Limited,INE912L01015,10.0,1,2011-10-17,2026-08-25 20:37:49.801000000
ONEPOINT,EQ,One Point One Solutions Limited,INE840Y01029,2.0,1,2019-05-09,2026-08-25 20:37:49.801000000
ONESOURCE,EQ,Onesource Specialty Pharma Limited,INE013P01021,1.0,1,2025-01-24,2026-08-25 20:37:49.801000000
ONGC,EQ,Oil & Natural Gas Corporation Limited,INE213A01029,5.0,1,1995-07-19,2026-08-25 20:37:49.801000000
ONIDA,EQ,Onida Electronics Limited,INE831A01028,1.0,1,2004-05-24,2026-08-25 20:37:49.801000000
ONIXSOLAR,EQ,Onix Solar Energy Limited,INE173M01012,10.0,1,2026-08-17,2026-08-25 20:37:49.801000000
ONMOBILE,BE,OnMobile Global Limited,INE809I01019,10.0,1,2008-02-19,2026-08-25 20:37:49.801000000
ONWARDTEC,EQ,Onward Technologies Limited,INE229A01017,10.0,1,2001-03-07,2026-08-25 20:37:49.801000000
OPTIEMUS,EQ,Optiemus Infracom Limited,INE350C01017,10.0,1,2017-08-08,2026-08-25 20:37:49.801000000
OPTIFIN,EQ,Optimus Finance Limited,INE031G01022,1.0,1,2026-08-17,2026-08-25 20:37:49.801000000
ORBTEXP,BE,Orbit Exports Limited,INE231G01010,10.0,1,2013-11-05,2026-08-25 20:37:49.801000000
ORCHASP,EQ,Orchasp Limited,INE215B01022,2.0,1,2025-02-07,2026-08-25 20:37:49.801000000
ORCHPHARMA,EQ,Orchid Pharma Limited,INE191A01027,10.0,1,2020-11-02,2026-08-25 20:37:49.801000000
ORICONENT,EQ,Oricon Enterprises Limited,INE730A01022,2.0,1,2015-07-24,2026-08-25 20:37:49.801000000
ORIENTALTL,EQ,Oriental Trimex Limited,INE998H01012,10.0,1,2007-03-07,2026-08-25 20:37:49.801000000
ORIENTBELL,EQ,Orient Bell Limited,INE607D01018,10.0,1,2007-02-14,2026-08-25 20:37:49.801000000
ORIENTCEM,EQ,Orient Cement Limited,INE876N01018,1.0,1,2013-07-12,2026-08-25 20:37:49.801000000
ORIENTCER,EQ,ORIENT CERATECH LIMITED,INE569C01020,1.0,1,2005-12-15,2026-08-25 20:37:49.801000000
ORIENTELEC,EQ,Orient Electric Limited,INE142Z01019,1.0,1,2018-05-14,2026-08-25 20:37:49.801000000
ORIENTHOT,EQ,Oriental Hotels Limited,INE750A01020,1.0,1,1998-08-27,2026-08-25 20:37:49.801000000
ORIENTLTD,BE,Orient Press Limited,INE609C01024,10.0,1,2010-03-03,2026-08-25 20:37:49.801000000
ORIENTPPR,EQ,Orient Paper & Industries Limited,INE592A01026,1.0,1,1995-03-29,2026-08-25 20:37:49.801000000
ORIENTTECH,EQ,Orient Technologies Limited,INE0PPK01015,10.0,1,2024-08-28,2026-08-25 20:37:49.801000000
ORIRAIL,EQ,Oriental Rail Infrastructure Limited,INE457G01029,1.0,1,2026-08-17,2026-08-25 20:37:49.801000000
ORISSAMINE,EQ,The Orissa Minerals Development Company Limited,INE725E01024,1.0,1,2010-09-29,2026-08-25 20:37:49.801000000
ORKLAINDIA,EQ,Orkla India Limited,INE16NZ01023,1.0,1,2025-11-06,2026-08-25 20:37:49.801000000
ORTINGLOBE,EQ,ORTIN GLOBAL LIMITED,INE749B01020,10.0,1,2021-03-30,2026-08-25 20:37:49.801000000
OSIAHYPER,BE,Osia Hyper Retail Limited,INE06IR01021,1.0,1,2022-12-01,2026-08-25 20:37:49.801000000
OSWALAGRO,EQ,Oswal Agro Mills Limited,INE142A01012,10.0,1,1995-03-29,2026-08-25 20:37:49.801000000
OSWALGREEN,EQ,Oswal Greentech Limited,INE143A01010,10.0,1,1996-08-28,2026-08-25 20:37:49.801000000
OSWALPUMPS,EQ,Oswal Pumps Limited,INE0BYP01024,1.0,1,2025-06-20,2026-08-25 20:37:49.801000000
OSWALSEEDS,EQ,ShreeOswal Seeds And Chemicals Limited,INE00IK01029,2.0,1,2023-02-28,2026-08-25 20:37:49.801000000
PACEDIGITK,EQ,Pace Digitek Limited,INE0S3G01027,2.0,1,2025-10-06,2026-08-25 20:37:49.801000000
PACIFICI,EQ,Pacific Industries Limited,INE883C01025,10.0,1,2026-08-17,2026-08-25 20:37:49.801000000
PAGEIND,EQ,Page Industries Limited,INE761H01022,10.0,1,2007-03-16,2026-08-25 20:37:49.801000000
PAISALO,EQ,Paisalo Digital Limited,INE420C01059,1.0,1,2011-10-17,2026-08-25 20:37:49.801000000
PAKKA,EQ,PAKKA LIMITED,INE551D01018,10.0,1,2023-07-11,2026-08-25 20:37:49.801000000
PALASHSECU,EQ,Palash Securities Limited,INE471W01019,10.0,1,2017-07-28,2026-08-25 20:37:49.801000000
PALREDTEC,BE,Palred Technologies Limited,INE218G01033,10.0,1,2016-05-09,2026-08-25 20:37:49.801000000
PANACEABIO,EQ,Panacea Biotec Limited,INE922B01023,1.0,1,1996-04-17,2026-08-25 20:37:49.801000000
PANACHE,BE,Panache Digilife Limited,INE895W01019,10.0,1,2020-01-06,2026-08-25 20:37:49.801000000
PANAMAPET,EQ,Panama Petrochem Limited,INE305C01029,2.0,1,2011-09-30,2026-08-25 20:37:49.801000000
PANCHMAHQ,EQ,Panchmahal Steel Limited,INE798F01010,10.0,1,2026-08-17,2026-08-25 20:37:49.801000000
PANORAMA,EQ,Panorama Studios International Limited,INE258R01028,2.0,1,2026-08-17,2026-08-25 20:37:49.801000000
PANSARI,EQ,Pansari Developers Limited,INE697V01011,10.0,1,2021-10-18,2026-08-25 20:37:49.801000000
PAR,EQ,Par Drugs And Chemicals Limited,INE04LG01015,10.0,1,2021-09-16,2026-08-25 20:37:49.801000000
PARACABLES,EQ,Paramount Communications Limited,INE074B01023,2.0,1,2007-01-03,2026-08-25 20:37:49.801000000
PARADEEP,EQ,Paradeep Phosphates Limited,INE088F01024,10.0,1,2022-05-27,2026-08-25 20:37:49.801000000
PARAGMILK,EQ,Parag Milk Foods Limited,INE883N01014,10.0,1,2016-05-19,2026-08-25 20:37:49.801000000
PARAS,EQ,Paras Defence and Space Technologies Limited,INE045601023,5.0,1,2021-10-01,2026-08-25 20:37:49.801000000
PARASPETRO,EQ,Paras Petrofils Limited,INE162C01024,1.0,1,1996-02-14,2026-08-25 20:37:49.801000000
PARKHOSPS,EQ,Park Medi World Limited,INE119201023,2.0,1,2025-12-17,2026-08-25 20:37:49.801000000
PARKHOTELS,EQ,Apeejay Surrendra Park Hotels Limited,INE988S01028,1.0,1,2024-02-12,2026-08-25 20:37:49.801000000
PARNAXLAB,EQ,Parnax Lab Limited,INE383L01019,10.0,1,2026-08-17,2026-08-25 20:37:49.801000000
PARSVNATH,BE,Parsvnath Developers Limited,INE561H01026,5.0,1,2006-11-30,2026-08-25 20:37:49.801000000
PASHUPATI,EQ,Pashupati Cotspin Limited,INE124Y01028,1.0,1,2025-07-17,2026-08-25 20:37:49.801000000
PASUPTAC,BE,Pasupati Acrylon Limited,INE818B01023,10.0,1,2021-10-12,2026-08-25 20:37:49.801000000
PATANJALI,EQ,Patanjali Foods Limited,INE619A01035,2.0,1,2020-01-24,2026-08-25 20:37:49.801000000
PATELENG,EQ,Patel Engineering Limited,INE244B01030,1.0,1,2005-02-24,2026-08-25 20:37:49.801000000
PATELRMART,EQ,Patel Retail Limited,INE0R8B01010,10.0,1,2025-08-26,2026-08-25 20:37:49.801000000
PATINTLOG,BE,Patel Integrated Logistics Limited,INE529D01014,10.0,1,2008-01-11,2026-08-25 20:37:49.801000000
PAUSHAKLTD,EQ,Paushak Limited,INE111F01024,5.0,1,2025-12-01,2026-08-25 20:37:49.801000000
PAVNAIND,EQ,Pavna Industries Limited,INE07S101038,1.0,1,2023-06-01,2026-08-25 20:37:49.801000000
PAYTM,EQ,One 97 Communications Limited,INE982J01020,1.0,1,2021-11-18,2026-08-25 20:37:49.801000000
PBMPOLY,EQ,PBM Polytex Limited,INE501F01018,10.0,1,2026-08-17,2026-08-25 20:37:49.801000000
PCBL,EQ,PCBL Chemical Limited,INE602A01031,1.0,1,1995-03-29,2026-08-25 20:37:49.801000000
PCJEWELLER,EQ,PC Jeweller Limited,INE785M01021,1.0,1,2012-12-27,2026-08-25 20:37:49.801000000
PDMJEPAPER,EQ,Pudumjee Paper Products Limited,INE865T01018,1.0,1,2016-03-30,2026-08-25 20:37:49.801000000
PDSL,EQ,PDS Limited,INE111Q01021,2.0,1,2014-10-21,2026-08-25 20:37:49.801000000
PEARLPOLY,EQ,Pearl Polymers Limited,INE844A01013,10.0,1,1995-10-11,2026-08-25 20:37:49.801000000
PENIND,EQ,Pennar Industries Limited,INE932A01024,5.0,1,2010-11-25,2026-08-25 20:37:49.801000000
PENINLAND,BE,Peninsula Land Limited,INE138A01028,2.0,1,1995-02-08,2026-08-25 20:37:49.801000000
PERMAGN,EQ,Permanent Magnets Limited,INE418E01018,10.0,1,2026-08-17,2026-08-25 20:37:49.801000000
PERSISTENT,EQ,Persistent Systems Limited,INE262H01021,5.0,1,2010-04-06,2026-08-25 20:37:49.801000000
PETRONET,EQ,Petronet LNG Limited,INE347G01014,10.0,1,2004-03-26,2026-08-25 20:37:49.801000000
PFC,EQ,Power Finance Corporation Limited,INE134E01011,10.0,1,2007-02-23,2026-08-25 20:37:49.801000000
PFIZER,EQ,Pfizer Limited,INE182A01018,10.0,1,1999-04-28,2026-08-25 20:37:49.801000000
PFOCUS,EQ,Prime Focus Limited,INE367G01038,1.0,1,2006-06-20,2026-08-25 20:37:49.801000000
PFS,EQ,PTC India Financial Services Limited,INE560K01014,10.0,1,2011-03-30,2026-08-25 20:37:49.801000000
PGEL,EQ,PG Electroplast Limited,INE457L01029,1.0,1,2011-09-26,2026-08-25 20:37:49.801000000
PGHH,EQ,Procter & Gamble Hygiene and Health Care Limited,INE179A01014,10.0,1,2004-07-07,2026-08-25 20:37:49.801000000
PGHL,EQ,Procter & Gamble Health Limited,INE199A01012,10.0,1,1996-04-24,2026-08-25 20:37:49.801000000
PGIL,EQ,Pearl Global Industries Limited,INE940H01022,5.0,1,2007-02-15,2026-08-25 20:37:49.801000000
PHOENIXLTD,EQ,The Phoenix Mills Limited,INE211B01039,2.0,1,2007-04-23,2026-08-25 20:37:49.801000000
PHOENXINTL,EQ,Phoenix International Limited,INE245B01011,10.0,1,2026-08-17,2026-08-25 20:37:49.801000000
PICCADIL,EQ,Piccadily Agro Industries Limited,INE546C01010,10.0,1,2025-07-02,2026-08-25 20:37:49.801000000
PIDILITIND,EQ,Pidilite Industries Limited,INE318A01026,1.0,1,1995-03-29,2026-08-25 20:37:49.801000000
PIGL,EQ,Power & Instrumentation (Gujarat) Limited,INE557Z01018,10.0,1,2023-05-17,2026-08-25 20:37:49.801000000
PIIND,EQ,PI Industries Limited,INE603J01030,1.0,1,2011-06-15,2026-08-25 20:37:49.801000000
PILANIINVS,EQ,Pilani Investment and Industries Corporation Limited,INE417C01014,10.0,1,2015-12-08,2026-08-25 20:37:49.801000000
PILITA,EQ,PIL ITALICA LIFESTYLE LIMITED,INE600A01035,1.0,1,2013-10-07,2026-08-25 20:37:49.801000000
PINELABS,EQ,Pine Labs Limited,INE15B701018,1.0,1,2025-11-14,2026-08-25 20:37:49.801000000
PIONEEREMB,EQ,Pioneer Embroideries Limited,INE156C01018,10.0,1,2006-05-16,2026-08-25 20:37:49.801000000
PIONRINV,BE,Pioneer Investcorp Limited,INE746D01014,10.0,1,2026-04-20,2026-08-25 20:37:49.801000000
PIRAMALFIN,EQ,Piramal Finance Limited,INE202B01038,2.0,1,2025-11-07,2026-08-25 20:37:49.801000000
PITTIENG,EQ,Pitti Engineering Limited,INE450D01021,5.0,1,2007-02-02,2026-08-25 20:37:49.801000000
PIXTRANS,EQ,Pix Transmissions Limited,INE751B01018,10.0,1,2022-04-28,2026-08-25 20:37:49.801000000
PKTEA,EQ,The Peria Karamalai Tea & Produce Company Limited,INE431F01018,10.0,1,2015-08-19,2026-08-25 20:37:49.801000000
PLASTIBLEN,EQ,Plastiblends India Limited,INE083C01022,5.0,1,2006-12-28,2026-08-25 20:37:49.801000000
PLATIND,EQ,Platinum Industries Limited,INE0PT501018,10.0,1,2024-03-05,2026-08-25 20:37:49.801000000
PLAZACABLE,EQ,Plaza Wires Limited,INE0INJ01017,10.0,1,2023-10-12,2026-08-25 20:37:49.801000000
PML,EQ,Paul Merchants Limited,INE291E01019,10.0,1,2026-04-20,2026-08-25 20:37:49.801000000
PNB,EQ,Punjab National Bank,INE160A01022,2.0,1,2002-04-24,2026-08-25 20:37:49.801000000
PNBGILTS,EQ,PNB Gilts Limited,INE859A01011,10.0,1,2000-09-18,2026-08-25 20:37:49.801000000
PNBHOUSING,EQ,PNB Housing Finance Limited,INE572E01012,10.0,1,2016-11-07,2026-08-25 20:37:49.801000000
PNC,EQ,Pritish Nandy Communications Limited,INE392B01011,10.0,1,2000-12-11,2026-08-25 20:37:49.801000000
PNCINFRA,EQ,PNC Infratech Limited,INE195J01029,2.0,1,2015-05-26,2026-08-25 20:37:49.801000000
PNGJL,EQ,P N Gadgil Jewellers Limited,INE953R01016,10.0,1,2024-09-17,2026-08-25 20:37:49.801000000
PNGSREVA,EQ,PNGS Reva Diamond Jewellery Limited,INE1RDG01013,10.0,1,2026-03-04,2026-08-25 20:37:49.801000000
POCL,EQ,Pondy Oxides & Chemicals Limited,INE063E01061,2.0,1,2023-03-06,2026-08-25 20:37:49.801000000
PODDARMENT,EQ,Poddar Pigments Limited,INE371C01013,10.0,1,2016-11-22,2026-08-25 20:37:49.801000000
POEL,EQ,POCL Enterprises Limited,INE035S01028,2.0,1,2026-08-17,2026-08-25 20:37:49.801000000
POKARNA,EQ,Pokarna Limited,INE637C01025,2.0,1,2016-07-07,2026-08-25 20:37:49.801000000
POLICYBZR,EQ,PB Fintech Limited,INE417T01026,2.0,1,2021-11-15,2026-08-25 20:37:49.801000000
POLYCAB,EQ,Polycab India Limited,INE455K01017,10.0,1,2019-04-16,2026-08-25 20:37:49.801000000
POLYMED,EQ,Poly Medicure Limited,INE205C01021,5.0,1,2011-12-07,2026-08-25 20:37:49.801000000
POLYPLEX,EQ,Polyplex Corporation Limited,INE633B01018,10.0,1,2003-04-11,2026-08-25 20:37:49.801000000
POLYSPIN,EQ,Polyspin Exports Limited,INE914G01029,5.0,1,2026-08-17,2026-08-25 20:37:49.801000000
PONNIERODE,EQ,Ponni Sugars (Erode) Limited,INE838E01017,10.0,1,2002-04-16,2026-08-25 20:37:49.801000000
POONAWALLA,EQ,Poonawalla Fincorp Limited,INE511C01022,2.0,1,2004-04-27,2026-08-25 20:37:49.801000000
POWERGRID,EQ,Power Grid Corporation of India Limited,INE752E01010,10.0,1,2007-10-05,2026-08-25 20:37:49.801000000
POWERICA,EQ,Powerica Limited,INE921L01032,5.0,1,2026-04-02,2026-08-25 20:37:49.801000000
POWERINDIA,EQ,Hitachi Energy India Limited,INE07Y701011,2.0,1,2020-03-30,2026-08-25 20:37:49.801000000
POWERMECH,EQ,Power Mech Projects Limited,INE211R01019,10.0,1,2015-08-26,2026-08-25 20:37:49.801000000
PPAP,BE,PPAP Automotive Limited,INE095I01015,10.0,1,2008-01-11,2026-08-25 20:37:49.801000000
PPL,BE,Prakash Pipes Limited,INE050001010,10.0,1,2019-06-14,2026-08-25 20:37:49.801000000
PPLPHARMA,EQ,Piramal Pharma Limited,INE0DK501011,10.0,1,2022-10-19,2026-08-25 20:37:49.801000000
PRABHA,EQ,Prabha Energy Limited,INE0I0M01023,1.0,1,2025-03-19,2026-08-25 20:37:49.801000000
PRADPME,BE,Pradeep Metals Limited,INE770A01010,10.0,1,2026-04-20,2026-08-25 20:37:49.801000000
PRAENG,EQ,Prajay Engineers Syndicate Limited,INE505C01016,10.0,1,2007-01-02,2026-08-25 20:37:49.801000000
PRAJIND,EQ,Praj Industries Limited,INE074A01025,2.0,1,1995-10-11,2026-08-25 20:37:49.801000000
PRAKASH,EQ,Prakash Industries Limited,INE603A01013,10.0,1,1995-05-10,2026-08-25 20:37:49.801000000
PRAKASHSTL,EQ,Prakash Steelage Limited,INE696K01024,1.0,1,2010-08-25,2026-08-25 20:37:49.801000000
PRAVEG,EQ,Praveg Limited,INE722B01019,10.0,1,2026-04-20,2026-08-25 20:37:49.801000000
PRAXIS,EQ,Praxis Home Retail Limited,INE546Y01022,5.0,1,2018-01-31,2026-08-25 20:37:49.801000000
PRECAM,EQ,Precision Camshafts Limited,INE484I01029,10.0,1,2016-02-08,2026-08-25 20:37:49.801000000
PRECOT,EQ,Precot Limited,INE283A01014,10.0,1,2005-08-19,2026-08-25 20:37:49.801000000
PRECWIRE,EQ,Precision Wires India Limited,INE372C01037,1.0,1,1995-09-06,2026-08-25 20:37:49.801000000
PREMCO,EQ,Premco Global Limited,INE001E01012,10.0,1,2026-04-20,2026-08-25 20:37:49.801000000
PREMEXPLN,EQ,Premier Explosives Limited,INE863B01029,2.0,1,2016-06-17,2026-08-25 20:37:49.801000000
PREMIER,BE,Premier Limited,INE342A01018,10.0,1,1996-04-03,2026-08-25 20:37:49.801000000
PREMIERENE,EQ,Premier Energies Limited,INE0BS701011,1.0,1,2024-09-03,2026-08-25 20:37:49.801000000
PREMIERPOL,EQ,Premier Polyfilm Limited,INE309M01020,1.0,1,1995-12-13,2026-08-25 20:37:49.801000000
PRESTIGE,EQ,Prestige Estates Projects Limited,INE811K01011,10.0,1,2010-10-27,2026-08-25 20:37:49.801000000
PRICOLLTD,EQ,Pricol Limited,INE726V01018,1.0,1,2017-02-10,2026-08-25 20:37:49.801000000
PRIMESECU,EQ,Prime Securities Limited,INE032B01021,5.0,1,2005-06-17,2026-08-25 20:37:49.801000000
PRIMO,EQ,Primo Chemicals Limited,INE607A01022,2.0,1,2025-04-22,2026-08-25 20:37:49.801000000
PRINCEPIPE,EQ,Prince Pipes And Fittings Limited,INE689W01016,10.0,1,2019-12-30,2026-08-25 20:37:49.801000000
PRISMX,EQ,Prismx Global Ventures Limited,INE286N01028,1.0,1,2026-08-17,2026-08-25 20:37:49.801000000
PRITI,BE,Priti International Limited,INE974Z01015,10.0,1,2022-03-02,2026-08-25 20:37:49.801000000
PRITIKAUTO,BE,Pritika Auto Industries Limited,INE583R01029,2.0,1,2021-08-10,2026-08-25 20:37:49.801000000
PRIVISCL,EQ,Privi Speciality Chemicals Limited,INE959A01019,10.0,1,2015-05-08,2026-08-25 20:37:49.801000000
PROSTARM,EQ,Prostarm Info Systems Limited,INE0BX301013,10.0,1,2025-06-03,2026-08-25 20:37:49.801000000
PROTEAN,EQ,Protean eGov Technologies Limited,INE004A01022,10.0,1,2025-02-06,2026-08-25 20:37:49.801000000
PROZONER,EQ,Prozone Realty Limited,INE195N01013,2.0,1,2012-09-12,2026-08-25 20:37:49.801000000
PRSMJOHNSN,EQ,Prism Johnson Limited,INE010A01011,10.0,1,2003-08-20,2026-08-25 20:37:49.801000000
PRUDENT,EQ,Prudent Corporate Advisory Services Limited,INE00F201020,5.0,1,2022-05-20,2026-08-25 20:37:49.801000000
PRUDMOULI,BE,Prudential Sugar Corporation Limited,INE024D01016,10.0,1,1995-05-10,2026-08-25 20:37:49.801000000
PSB,EQ,Punjab & Sind Bank,INE608A01012,10.0,1,2010-12-30,2026-08-25 20:37:49.801000000
PSPPROJECT,EQ,PSP Projects Limited,INE488V01015,10.0,1,2017-05-29,2026-08-25 20:37:49.801000000
PTC,EQ,PTC India Limited,INE877F01012,10.0,1,2004-04-07,2026-08-25 20:37:49.801000000
PTCIL,EQ,PTC Industries Limited,INE596F01018,10.0,1,2023-06-09,2026-08-25 20:37:49.801000000
PTL,EQ,PTL Enterprises Limited,INE034D01049,1.0,1,2007-01-29,2026-08-25 20:37:49.801000000
PUNJABCHEM,EQ,Punjab Chemicals & Crop Protection Limited,INE277B01014,10.0,1,2007-03-08,2026-08-25 20:37:49.801000000
PURVA,EQ,Puravankara Limited,INE323I01011,5.0,1,2007-08-30,2026-08-25 20:37:49.801000000
PVP,EQ,PVP Ventures Limited,INE362A01016,10.0,1,1996-04-03,2026-08-25 20:37:49.801000000
PVRINOX,EQ,PVR INOX Limited,INE191H01014,10.0,1,2006-01-04,2026-08-25 20:37:49.801000000
PVSL,EQ,Popular Vehicles and Services Limited,INE772T01024,2.0,1,2024-03-19,2026-08-25 20:37:49.801000000
PWL,EQ,Physicswallah Limited,INE0LP301011,1.0,1,2025-11-18,2026-08-25 20:37:49.801000000
PYRAMID,EQ,Pyramid Technoplast Limited,INE0MIS01010,10.0,1,2023-08-29,2026-08-25 20:37:49.801000000
QMSMEDI,BE,QMS Medical Allied Services Limited,INE0FMW01018,10.0,1,2026-06-18,2026-08-25 20:37:49.801000000
QPOWER,EQ,Quality Power Electrical Equipments Limited,INE0SII01026,10.0,1,2025-02-24,2026-08-25 20:37:49.801000000
QUADFUTURE,EQ,Quadrant Future Tek Limited,INE0LRY01011,10.0,1,2025-01-14,2026-08-25 20:37:49.801000000
QUESS,EQ,Quess Corp Limited,INE615P01015,10.0,1,2016-07-12,2026-08-25 20:37:49.801000000
QUICKHEAL,BE,Quick Heal Technologies Limited,INE306L01010,10.0,1,2016-02-18,2026-08-25 20:37:49.801000000
QUINT,EQ,Quint Digital Limited,INE641R01017,10.0,1,2026-04-20,2026-08-25 20:37:49.801000000
RACE,EQ,Race Eco Chain Limited,INE084Q01012,10.0,1,2023-05-09,2026-08-25 20:37:49.801000000
RACLGEAR,EQ,RACL Geartech Limited,INE704B01017,10.0,1,2024-11-27,2026-08-25 20:37:49.801000000
RADAAN,EQ,Radaan Mediaworks India Limited,INE874F01027,2.0,1,2003-02-27,2026-08-25 20:37:49.801000000
RADHIKAJWE,EQ,Radhika Jeweltech Limited,INE583V01021,2.0,1,2022-07-18,2026-08-25 20:37:49.801000000
RADIANTCMS,EQ,Radiant Cash Management Services Limited,INE855R01021,1.0,1,2023-01-04,2026-08-25 20:37:49.801000000
RADICO,EQ,Radico Khaitan Limited,INE944F01028,2.0,1,2003-06-18,2026-08-25 20:37:49.801000000
RADIOCITY,EQ,Music Broadcast Limited,INE919I01024,2.0,1,2017-03-17,2026-08-25 20:37:49.801000000
RAILTEL,EQ,Railtel Corporation Of India Limited,INE0DD101019,10.0,1,2021-02-26,2026-08-25 20:37:49.801000000
RAIN,EQ,Rain Industries Limited,INE855B01025,2.0,1,2008-03-03,2026-08-25 20:37:49.801000000
RAINBOW,EQ,Rainbow Childrens Medicare Limited,INE961O01016,10.0,1,2022-05-10,2026-08-25 20:37:49.801000000
RAJESHEXPO,BZ,Rajesh Exports Limited,INE343B01030,1.0,1,2000-02-09,2026-08-25 20:37:49.801000000
RAJMET,EQ,Rajnandini Metal Limited,INE00KV01022,1.0,1,2021-02-16,2026-08-25 20:37:49.801000000
RAJOOENG,BE,Rajoo Engineers Limited,INE535F01024,1.0,1,2025-05-29,2026-08-25 20:37:49.801000000
RAJPALAYAM,EQ,Rajapalayam Mills Limited,INE296E01026,10.0,1,2026-04-20,2026-08-25 20:37:49.801000000
RAJRATAN,EQ,Rajratan Global Wire Limited,INE451D01029,2.0,1,2020-05-22,2026-08-25 20:37:49.801000000
RAJRILTD,BE,Raj Rayon Industries Limited,INE533D01032,1.0,1,2022-03-16,2026-08-25 20:37:49.801000000
RAJSREESUG,EQ,Rajshree Sugars & Chemicals Limited,INE562B01019,10.0,1,1995-03-29,2026-08-25 20:37:49.801000000
RAJTV,EQ,Raj Television Network Limited,INE952H01027,5.0,1,2007-03-16,2026-08-25 20:37:49.801000000
RALLIS,EQ,Rallis India Limited,INE613A01020,1.0,1,1999-04-01,2026-08-25 20:37:49.801000000
RAMANEWS,EQ,Shree Rama Newsprint Limited,INE278B01020,10.0,1,2006-09-20,2026-08-25 20:37:49.801000000
RAMAPHO,EQ,Rama Phosphates Limited,INE809A01032,5.0,1,2022-08-05,2026-08-25 20:37:49.801000000
RAMASTEEL,BE,Rama Steel Tubes Limited,INE230R01035,1.0,1,2015-08-19,2026-08-25 20:37:49.801000000
RAMBHAJO,EQ,Advit Jewels Limited,INE1SJO01012,10.0,1,2026-07-01,2026-08-25 20:37:49.801000000
RAMCOCEM,EQ,The Ramco Cements Limited,INE331A01037,1.0,1,1997-04-09,2026-08-25 20:37:49.801000000
RAMCOIND,EQ,Ramco Industries Limited,INE614A01028,1.0,1,1996-11-06,2026-08-25 20:37:49.801000000
RAMCOSYS,EQ,Ramco Systems Limited,INE246B01019,10.0,1,2000-04-12,2026-08-25 20:37:49.801000000
RAMKY,EQ,Ramky Infrastructure Limited,INE874I01013,10.0,1,2010-10-08,2026-08-25 20:37:49.801000000
RAMRAT,EQ,Ram Ratna Wires Limited,INE207E01023,5.0,1,2022-07-29,2026-08-25 20:37:49.801000000
RANASUG,EQ,Rana Sugars Limited,INE625B01014,10.0,1,2005-02-24,2026-08-25 20:37:49.801000000
RANEHOLDIN,EQ,Rane Holdings Limited,INE384A01010,10.0,1,1997-09-24,2026-08-25 20:37:49.801000000
RATEGAIN,EQ,Rategain Travel Technologies Limited,INE0CLI01024,1.0,1,2021-12-17,2026-08-25 20:37:49.801000000
RATNAMANI,EQ,Ratnamani Metals & Tubes Limited,INE703B01027,2.0,1,2006-05-09,2026-08-25 20:37:49.801000000
RATNAVEER,EQ,Ratnaveer Precision Engineering Limited,INE05CZ01011,10.0,1,2023-09-11,2026-08-25 20:37:49.801000000
RAYMOND,EQ,Raymond Limited,INE301A01014,10.0,1,1995-10-18,2026-08-25 20:37:49.801000000
RAYMONDLSL,EQ,Raymond Lifestyle Limited,INE02ID01020,2.0,1,2024-09-05,2026-08-25 20:37:49.801000000
RAYMONDREL,EQ,Raymond Realty Limited,INE1SY401010,10.0,1,2025-07-01,2026-08-25 20:37:49.801000000
RBA,EQ,Restaurant Brands Asia Limited,INE07T201019,10.0,1,2020-12-14,2026-08-25 20:37:49.801000000
RBLBANK,EQ,RBL Bank Limited,INE976G01028,10.0,1,2016-08-31,2026-08-25 20:37:49.801000000
RBZJEWEL,EQ,RBZ Jewellers Limited,INE0PEQ01016,10.0,1,2023-12-27,2026-08-25 20:37:49.801000000
RCF,EQ,Rashtriya Chemicals and Fertilizers Limited,INE027A01015,10.0,1,1998-01-07,2026-08-25 20:37:49.801000000
RCOM,BE,Reliance Communications Limited,INE330H01018,5.0,1,2006-03-06,2026-08-25 20:37:49.801000000
RECLTD,EQ,REC Limited,INE020B01018,10.0,1,2008-03-12,2026-08-25 20:37:49.801000000
REDINGTON,EQ,Redington Limited,INE891D01026,2.0,1,2007-02-15,2026-08-25 20:37:49.801000000
REDTAPE,EQ,Redtape Limited,INE0LXT01019,2.0,1,2023-08-11,2026-08-25 20:37:49.801000000
REFEX,EQ,Refex Industries Limited,INE056I01025,2.0,1,2009-12-03,2026-08-25 20:37:49.801000000
REGAAL,EQ,Regaal Resources Limited,INE0MHO01029,5.0,1,2025-08-20,2026-08-25 20:37:49.801000000
REGENCERAM,EQ,Regency Ceramics Limited,INE277C01012,10.0,1,1996-06-05,2026-08-25 20:37:49.801000000
RELAXO,EQ,Relaxo Footwears Limited,INE131B01039,1.0,1,2011-06-17,2026-08-25 20:37:49.801000000
RELCHEMQ,EQ,Reliance Chemotex Industries Limited,INE750D01016,10.0,1,2022-05-25,2026-08-25 20:37:49.801000000
RELIABLE,EQ,Reliable Data Services Limited,INE375Y01018,10.0,1,2024-07-10,2026-08-25 20:37:49.801000000
RELIANCE,EQ,Reliance Industries Limited,INE002A01018,10.0,1,1995-11-29,2026-08-25 20:37:49.801000000
RELIGARE,EQ,Religare Enterprises Limited,INE621H01010,10.0,1,2007-11-21,2026-08-25 20:37:49.801000000
RELINFRA,BE,Reliance Infrastructure Limited,INE036A01016,10.0,1,1995-02-08,2026-08-25 20:37:49.801000000
RELTD,EQ,Ravindra Energy Limited,INE206N01018,10.0,1,2024-07-30,2026-08-25 20:37:49.801000000
REMSONSIND,EQ,Remsons Industries Limited,INE474C01023,2.0,1,1996-01-31,2026-08-25 20:37:49.801000000
RENUKA,EQ,Shree Renuka Sugars Limited,INE087H01022,1.0,1,2005-10-31,2026-08-25 20:37:49.801000000
REPCOHOME,EQ,Repco Home Finance Limited,INE612J01015,10.0,1,2013-04-01,2026-08-25 20:37:49.801000000
REPL,BE,Rudrabhishek Enterprises Limited,INE364Z01019,10.0,1,2020-12-14,2026-08-25 20:37:49.801000000
REPRO,EQ,Repro India Limited,INE461B01014,10.0,1,2005-12-22,2026-08-25 20:37:49.801000000
RESPONIND,EQ,Responsive Industries Limited,INE688D01026,1.0,1,2010-10-29,2026-08-25 20:37:49.801000000
RETAIL,EQ,JHS Svendgaard Retail Ventures Limited,INE03DD01011,10.0,1,2024-06-26,2026-08-25 20:37:49.801000000
RGL,EQ,Renaissance Global Limited,INE722H01024,2.0,1,2007-12-12,2026-08-25 20:37:49.801000000
RHETAN,EQ,Rhetan TMT Limited,INE0KKN01029,1.0,1,2025-09-26,2026-08-25 20:37:49.801000000
RHFL,BZ,Reliance Home Finance Limited,INE217K01011,10.0,1,2017-09-22,2026-08-25 20:37:49.801000000
RHIM,EQ,RHI MAGNESITA INDIA LIMITED,INE743M01012,1.0,1,2012-03-12,2026-08-25 20:37:49.801000000
RHL,EQ,Robust Hotels Limited,INE508K01013,10.0,1,2023-04-25,2026-08-25 20:37:49.801000000
RICOAUTO,EQ,Rico Auto Industries Limited,INE209B01025,1.0,1,2003-05-12,2026-08-25 20:37:49.801000000
RIIL,EQ,Reliance Industrial Infrastructure Limited,INE046A01015,10.0,1,1995-11-29,2026-08-25 20:37:49.801000000
RIR,EQ,RIR Power Electronics Limited,INE302D01024,2.0,1,2026-07-16,2026-08-25 20:37:49.801000000
RISHABH,EQ,Rishabh Instruments Limited,INE0N2P01017,10.0,1,2023-09-11,2026-08-25 20:37:49.801000000
RITCO,EQ,Ritco Logistics Limited,INE01EG01016,10.0,1,2022-04-12,2026-08-25 20:37:49.801000000
RITES,EQ,RITES Limited,INE320J01015,10.0,1,2018-07-02,2026-08-25 20:37:49.801000000
RKDL,EQ,Ravi Kumar Distilleries Limited,INE722J01012,10.0,1,2010-12-27,2026-08-25 20:37:49.801000000
RKEC,EQ,RKEC Projects Limited,INE786W01010,10.0,1,2020-12-18,2026-08-25 20:37:49.801000000
RKFORGE,EQ,Ramkrishna Forgings Limited,INE399G01023,2.0,1,2004-05-05,2026-08-25 20:37:49.801000000
RKSWAMY,EQ,R K Swamy Limited,INE0NQ801033,5.0,1,2024-03-12,2026-08-25 20:37:49.801000000
RMC,EQ,RMC Switchgears Limited,INE655V01019,10.0,1,2026-04-01,2026-08-25 20:37:49.801000000
RMDRIP,BE,R M Drip and Sprinklers Systems Limited,INE219Y01026,1.0,1,2025-07-30,2026-08-25 20:37:49.801000000
RML,EQ,Rane (Madras) Limited,INE050H01012,10.0,1,2005-08-30,2026-08-25 20:37:49.801000000
RNBDENIMS,EQ,R&B Denims Limited,INE012Q01039,1.0,1,2025-09-04,2026-08-25 20:37:49.801000000
ROHLTD,EQ,Royal Orchid Hotels Limited,INE283H01019,10.0,1,2006-02-06,2026-08-25 20:37:49.801000000
ROLEXRINGS,EQ,Rolex Rings Limited,INE645S01024,1.0,1,2021-08-09,2026-08-25 20:37:49.801000000
ROLLT,BE,Rollatainers Limited,INE927A01040,1.0,1,2016-11-22,2026-08-25 20:37:49.801000000
ROML,EQ,Raj Oil Mills Limited,INE294G01026,10.0,1,2020-10-06,2026-08-25 20:37:49.801000000
ROSSARI,EQ,Rossari Biotech Limited,INE02A801020,2.0,1,2020-07-23,2026-08-25 20:37:49.801000000
ROSSELLIND,EQ,Rossell India Limited,INE847C01020,2.0,1,2012-09-25,2026-08-25 20:37:49.801000000
ROSSTECH,EQ,Rossell Techsys Limited,INE0OJW01016,2.0,1,2024-12-09,2026-08-25 20:37:49.801000000
ROTO,EQ,Roto Pumps Limited,INE535D01037,1.0,1,2022-04-21,2026-08-25 20:37:49.801000000
ROUTE,EQ,ROUTE MOBILE LIMITED,INE450U01017,10.0,1,2020-09-21,2026-08-25 20:37:49.801000000
RPEL,EQ,Raghav Productivity Enhancers Limited,INE912T01018,10.0,1,2024-08-08,2026-08-25 20:37:49.801000000
RPGLIFE,EQ,RPG Life Sciences Limited,INE105J01010,8.0,1,2008-06-10,2026-08-25 20:37:49.801000000
RPOWER,EQ,Reliance Power Limited,INE614G01033,10.0,1,2008-02-11,2026-08-25 20:37:49.801000000
RPPINFRA,EQ,R.P.P. Infra Projects Limited,INE324L01013,10.0,1,2010-12-06,2026-08-25 20:37:49.801000000
RPPL,BE,Rajshree Polypack Limited,INE760W01023,5.0,1,2021-11-26,2026-08-25 20:37:49.801000000
RPSGVENT,EQ,RPSG VENTURES LIMITED,INE425Y01011,10.0,1,2019-01-25,2026-08-25 20:37:49.801000000
RPTECH,EQ,Rashi Peripherals Limited,INE0J1F01024,5.0,1,2024-02-14,2026-08-25 20:37:49.801000000
RRECL,EQ,RDB Real Estate Constructions Limited,INE0AK901016,10.0,1,2026-08-17,2026-08-25 20:37:49.801000000
RRIL,EQ,RRIL Limited,INE951M01037,5.0,1,2026-04-20,2026-08-25 20:37:49.801000000
RRKABEL,EQ,R R Kabel Limited,INE777K01022,5.0,1,2023-09-20,2026-08-25 20:37:49.801000000
RSDFIN,BE,RSD Finance Limited,INE616F01022,5.0,1,2026-04-20,2026-08-25 20:37:49.801000000
RSL,EQ,Rajputana Stainless Limited,INE313L01016,10.0,1,2026-03-19,2026-08-25 20:37:49.801000000
RSSOFTWARE,EQ,R. S. Software (India) Limited,INE165B01029,5.0,1,1999-05-19,2026-08-25 20:37:49.801000000
RSWM,BE,RSWM Limited,INE611A01016,10.0,1,1995-02-15,2026-08-25 20:37:49.801000000
RSYSTEMS,EQ,R Systems International Limited,INE411H01032,1.0,1,2006-04-26,2026-08-25 20:37:49.801000000
RTNINDIA,EQ,RattanIndia Enterprises Limited,INE834M01019,2.0,1,2012-07-30,2026-08-25 20:37:49.801000000
RTNPOWER,EQ,RattanIndia Power Limited,INE399K01017,10.0,1,2009-10-30,2026-08-25 20:37:49.801000000
RTSPOWR,EQ,RTS Power Corporation Limited,INE005C01017,10.0,1,2026-08-17,2026-08-25 20:37:49.801000000
RUBFILA,EQ,Rubfila International Limited,INE642C01025,5.0,1,2024-08-08,2026-08-25 20:37:49.801000000
RUBICON,EQ,Rubicon Research Limited,INE506V01022,1.0,1,2025-10-16,2026-08-25 20:37:49.801000000
RUBYMILLS,BE,The Ruby Mills Limited,INE301D01026,5.0,100,1995-03-29,2026-08-25 20:37:49.801000000
RUCHINFRA,EQ,Ruchi Infrastructure Limited,INE413B01023,1.0,1,1996-10-16,2026-08-25 20:37:49.801000000
RUCHIRA,EQ,Ruchira Papers Limited,INE803H01014,10.0,1,2006-12-20,2026-08-25 20:37:49.801000000
RUDRA,EQ,Rudra Global Infra Products Limited,INE027T01023,5.0,1,2025-12-19,2026-08-25 20:37:49.801000000
RUPA,EQ,Rupa & Company Limited,INE895B01021,1.0,1,2011-12-07,2026-08-25 20:37:49.801000000
RUSHIL,EQ,Rushil Decor Limited,INE573K01025,1.0,1,2011-07-07,2026-08-25 20:37:49.801000000
RUSTOMJEE,EQ,Keystone Realtors Limited,INE263M01029,10.0,1,2022-11-24,2026-08-25 20:37:49.801000000
RVHL,EQ,Ravinder Heights Limited,INE09E501017,1.0,1,2020-12-18,2026-08-25 20:37:49.801000000
RVNL,EQ,Rail Vikas Nigam Limited,INE415G01027,10.0,1,2019-04-11,2026-08-25 20:37:49.801000000
RVTH,EQ,Revathi Equipment India Limited,INE0DAB01012,10.0,1,2024-09-11,2026-08-25 20:37:49.801000000
S&SPOWER,EQ,S&S Power Switchgears Limited,INE902B01017,10.0,1,1995-09-27,2026-08-25 20:37:49.801000000
SAATVIKGL,EQ,Saatvik Green Energy Limited,INE13B501022,2.0,1,2025-09-26,2026-08-25 20:37:49.801000000
SAB,EQ,SAB Industries Limited,INE137M01017,10.0,1,2026-08-17,2026-08-25 20:37:49.801000000
SADBHAV,EQ,Sadbhav Engineering Limited,INE226H01026,1.0,1,2006-03-01,2026-08-25 20:37:49.801000000
SADBHIN,BE,Sadbhav Infrastructure Project Limited,INE764L01010,10.0,1,2015-09-16,2026-08-25 20:37:49.801000000
SADHNANIQ,BE,Sadhana Nitrochem Limited,INE888C01040,1.0,1,2023-05-05,2026-08-25 20:37:49.801000000
SAFARI,EQ,Safari Industries (India) Limited,INE429E01023,2.0,1,2019-09-12,2026-08-25 20:37:49.801000000
SAGARDEEP,EQ,Sagardeep Alloys Limited,INE976T01013,10.0,1,2019-01-25,2026-08-25 20:37:49.801000000
SAGCEM,EQ,Sagar Cements Limited,INE229C01021,2.0,1,2007-01-29,2026-08-25 20:37:49.801000000
SAGILITY,EQ,SAGILITY LIMITED,INE0W2G01015,10.0,1,2024-11-12,2026-08-25 20:37:49.801000000
SAHLIBHFI,EQ,Shalibhadra Finance Limited,INE861D01011,10.0,1,2026-04-10,2026-08-25 20:37:49.801000000
SAHYADRI,EQ,Sahyadri Industries Limited,INE280H01015,10.0,1,2023-04-06,2026-08-25 20:37:49.801000000
SAICAPI,EQ,Sai Capital Limited,INE531X01018,10.0,1,2026-08-17,2026-08-25 20:37:49.801000000
SAIL,EQ,Steel Authority of India Limited,INE114A01011,10.0,1,1995-07-06,2026-08-25 20:37:49.801000000
SAILIFE,EQ,Sai Life Sciences Limited,INE570L01029,1.0,1,2024-12-18,2026-08-25 20:37:49.801000000
SAIPARENT,EQ,Sai Parenterals Limited,INE0H9F01037,5.0,1,2026-04-02,2026-08-25 20:37:49.801000000
SAKAR,EQ,Sakar Healthcare Limited,INE732S01012,10.0,1,2019-04-11,2026-08-25 20:37:49.801000000
SAKHTISUG,EQ,Sakthi Sugars Limited,INE623A01011,10.0,1,1995-09-06,2026-08-25 20:37:49.801000000
SAKSOFT,EQ,Saksoft Limited,INE667G01023,1.0,1,2005-05-09,2026-08-25 20:37:49.801000000
SAKUMA,EQ,Sakuma Exports Limited,INE190H01024,1.0,1,2006-03-08,2026-08-25 20:37:49.801000000
SALASAR,EQ,Salasar Techno Engineering Limited,INE170V01027,1.0,1,2017-07-25,2026-08-25 20:37:49.801000000
SALONA,EQ,Salona Cotspin Limited,INE498E01010,10.0,1,2016-06-16,2026-08-25 20:37:49.801000000
SALSTEEL,EQ,S.A.L. Steel Limited,INE658G01014,10.0,1,2004-11-24,2026-08-25 20:37:49.801000000
SALZERELEC,EQ,Salzer Electronics Limited,INE457F01013,10.0,1,2015-12-02,2026-08-25 20:37:49.801000000
SAMBANDAM,EQ,Sambandam Spinning Mills Limited,INE304D01012,10.0,1,2026-08-17,2026-08-25 20:37:49.801000000
SAMBHAAV,EQ,Sambhaav Media Limited,INE699B01027,1.0,1,1996-06-05,2026-08-25 20:37:49.801000000
SAMBHV,EQ,Sambhv Steel Tubes Limited,INE12NJ01018,10.0,1,2025-07-02,2026-08-25 20:37:49.801000000
SAMHI,EQ,Samhi Hotels Limited,INE08U801020,1.0,1,2023-09-22,2026-08-25 20:37:49.801000000
SAMMAANCAP,EQ,Sammaan Capital Limited,INE148I01020,2.0,1,2013-07-23,2026-08-25 20:37:49.801000000
SAMPANN,EQ,Sampann Utpadan India Limited,INE735M01018,10.0,1,2012-07-27,2026-08-25 20:37:49.801000000
SANATHAN,EQ,Sanathan Textiles Limited,INE0JPD01013,10.0,1,2024-12-27,2026-08-25 20:37:49.801000000
SANDESH,EQ,The Sandesh Limited,INE583B01015,10.0,1,2002-11-26,2026-08-25 20:37:49.801000000
SANDHAR,EQ,Sandhar Technologies Limited,INE278H01035,10.0,1,2018-04-02,2026-08-25 20:37:49.801000000
SANDUMA,EQ,Sandur Manganese & Iron Ores Limited,INE149K01016,10.0,1,2023-09-07,2026-08-25 20:37:49.801000000
SANGAMIND,EQ,Sangam (India) Limited,INE495C01010,10.0,1,1996-07-17,2026-08-25 20:37:49.801000000
SANGHVIMOV,EQ,Sanghvi Movers Limited,INE989A01032,1.0,1,2007-01-24,2026-08-25 20:37:49.801000000
SANGINITA,BE,Sanginita Chemicals Limited,INE753W01010,10.0,1,2019-07-15,2026-08-25 20:37:49.801000000
SANOFI,EQ,Sanofi India Limited,INE058A01010,10.0,1,2003-05-19,2026-08-25 20:37:49.801000000
SANOFICONR,EQ,Sanofi Consumer Healthcare India Limited,INE0UOS01011,10.0,1,2024-09-13,2026-08-25 20:37:49.801000000
SANSERA,EQ,Sansera Engineering Limited,INE953O01021,2.0,1,2021-09-24,2026-08-25 20:37:49.801000000
SANSTAR,EQ,Sanstar Limited,INE08NE01025,2.0,1,2024-07-26,2026-08-25 20:37:49.801000000
SANWARIA,BZ,Sanwaria Consumer Limited,INE890C01046,1.0,1,2006-03-27,2026-08-25 20:37:49.801000000
SAPPHIRE,EQ,Sapphire Foods India Limited,INE806T01020,2.0,1,2021-11-18,2026-08-25 20:37:49.801000000
SAPPL,EQ,Shree Ajit Pulp & Paper Limited,INE185C01017,10.0,1,2026-04-20,2026-08-25 20:37:49.801000000
SARDAEN,EQ,Sarda Energy & Minerals Limited,INE385C01021,1.0,1,2009-12-03,2026-08-25 20:37:49.801000000
SAREGAMA,EQ,Saregama India Limited,INE979A01025,1.0,1,1997-07-30,2026-08-25 20:37:49.801000000
SARLAPOLY,EQ,Sarla Performance Fibers Limited,INE453D01025,1.0,1,2007-01-19,2026-08-25 20:37:49.801000000
SARVESHWAR,EQ,Sarveshwar Foods Limited,INE324X01026,1.0,1,2022-12-08,2026-08-25 20:37:49.801000000
SASKEN,EQ,Sasken Technologies Limited,INE231F01020,10.0,1,2005-09-09,2026-08-25 20:37:49.801000000
SATIA,EQ,Satia Industries Limited,INE170E01023,1.0,1,2019-07-17,2026-08-25 20:37:49.801000000
SATIN,EQ,Satin Creditcare Network Limited,INE836B01017,10.0,1,2015-08-26,2026-08-25 20:37:49.801000000
SAURASHCEM,EQ,Saurashtra Cement Limited,INE626A01014,10.0,1,2024-02-27,2026-08-25 20:37:49.801000000
SAYAJIHOTL,EQ,Sayaji Hotels Limited,INE318C01014,10.0,1,2026-04-20,2026-08-25 20:37:49.801000000
SAYAJIIND,EQ,Sayaji Industries Limited,INE327G01032,5.0,1,2026-08-17,2026-08-25 20:37:49.801000000
SBC,EQ,SBC Exports Limited,INE04AK01028,1.0,1,2021-11-23,2026-08-25 20:37:49.801000000
SBCL,EQ,Shivalik Bimetal Controls Limited,INE386D01027,2.0,1,2021-06-24,2026-08-25 20:37:49.801000000
SBFC,EQ,SBFC Finance Limited,INE423Y01016,10.0,1,2023-08-16,2026-08-25 20:37:49.801000000
SBGLP,EQ,Suratwwala Business Group Limited,INE05ST01028,1.0,1,2023-02-10,2026-08-25 20:37:49.801000000
SBICARD,EQ,SBI Cards and Payment Services Limited,INE018E01016,10.0,1,2020-03-16,2026-08-25 20:37:49.801000000
SBIFUNDS,EQ,SBI Funds Management Limited,INE640G01020,1.0,1,2026-07-21,2026-08-25 20:37:49.801000000
SBILIFE,EQ,SBI Life Insurance Company Limited,INE123W01016,10.0,1,2017-10-03,2026-08-25 20:37:49.801000000
SBIN,EQ,State Bank of India,INE062A01020,1.0,1,1995-03-01,2026-08-25 20:37:49.801000000
SCANSTL,BE,Scan Steels Limited,INE099G01011,10.0,1,2026-04-20,2026-08-25 20:37:49.801000000
SCHAEFFLER,EQ,Schaeffler India Limited,INE513A01022,2.0,1,2000-11-29,2026-08-25 20:37:49.801000000
SCHAND,EQ,S Chand And Company Limited,INE807K01035,5.0,1,2017-05-09,2026-08-25 20:37:49.801000000
SCHNEIDER,EQ,Schneider Electric Infrastructure Limited,INE839M01018,2.0,1,2012-03-20,2026-08-25 20:37:49.801000000
SCI,EQ,Shipping Corporation Of India Limited,INE109A01011,10.0,1,1997-08-13,2026-08-25 20:37:49.801000000
SCILAL,EQ,Shipping Corporation of India Land and Assets Limited,INE0PB301013,10.0,1,2024-03-19,2026-08-25 20:37:49.801000000
SCODATUBES,EQ,Scoda Tubes Limited,INE090501011,10.0,1,2025-06-04,2026-08-25 20:37:49.801000000
SCPL,BE,Sheetal Cool Products Limited,INE501Y01019,10.0,1,2022-11-22,2026-08-25 20:37:49.801000000
SDBL,EQ,Som Distilleries & Breweries Limited,INE480C01038,2.0,1,2014-03-18,2026-08-25 20:37:49.801000000
SEAMECLTD,EQ,Seamec Limited,INE497B01018,10.0,1,1995-06-28,2026-08-25 20:37:49.801000000
SECMARK,EQ,SecMark Consultancy Limited,INE0BTM01013,10.0,1,2023-10-16,2026-08-25 20:37:49.801000000
SECURKLOUD,EQ,SECUREKLOUD TECHNOLOGIES LIMITED,INE650K01021,5.0,1,2014-01-29,2026-08-25 20:37:49.801000000
SEDEMAC,EQ,SEDEMAC Mechatronics Limited,INE00XB01019,10.0,1,2026-03-11,2026-08-25 20:37:49.801000000
SEIL,EQ,Shanti Educational Initiatives Limited,INE440T01028,1.0,1,2026-04-20,2026-08-25 20:37:49.801000000
SEJALLTD,EQ,Sejal Glass Limited,INE955I01044,10.0,1,2021-12-13,2026-08-25 20:37:49.801000000
SEKURITIND,EQ,Saint Gobain Sekurit India Limited,INE068B01017,10.0,1,2026-08-17,2026-08-25 20:37:49.801000000
SELMC,EQ,SEL Manufacturing Company Limited,INE105I01020,10.0,1,2021-10-26,2026-08-25 20:37:49.801000000
SEMAC,EQ,Semac Construction Limited,INE617A01013,10.0,1,2005-08-11,2026-08-25 20:37:49.801000000
SENCO,EQ,Senco Gold Limited,INE602W01027,5.0,1,2023-07-14,2026-08-25 20:37:49.801000000
SENORES,EQ,Senores Pharmaceuticals Limited,INE0RB801010,10.0,1,2024-12-30,2026-08-25 20:37:49.801000000
SEPC,EQ,SEPC Limited,INE964H01014,10.0,1,2008-02-20,2026-08-25 20:37:49.801000000
SERVOTECH,EQ,Servotech Renewable Power System Limited,INE782X01033,1.0,1,2021-09-02,2026-08-25 20:37:49.801000000
SESHAPAPER,EQ,Seshasayee Paper and Boards Limited,INE630A01024,2.0,1,1995-03-29,2026-08-25 20:37:49.801000000
SETCO,BE,Setco Automotive Limited,INE878E01021,2.0,1,2016-07-01,2026-08-25 20:37:49.801000000
SETL,EQ,Standard Engineering Technology Limited,INE0M4D01010,10.0,1,2025-01-13,2026-08-25 20:37:49.801000000
SETUINFRA,BZ,Setubandhan Infrastructure Limited,INE023M01027,1.0,1,2011-10-04,2026-08-25 20:37:49.801000000
SEYAIND,BE,Seya Industries Limited,INE573R01012,10.0,1,2019-07-11,2026-08-25 20:37:49.801000000
SFL,EQ,Sheela Foam Limited,INE916U01025,5.0,1,2016-12-09,2026-08-25 20:37:49.801000000
SGFIN,EQ,SG Finserve Limited,INE618R01015,10.0,1,2025-08-05,2026-08-25 20:37:49.801000000
SGIL,EQ,Synergy Green Industries Limited,INE00QT01015,10.0,1,2021-07-28,2026-08-25 20:37:49.801000000
SGL,EQ,STL Global Limited,INE353H01010,10.0,1,2006-04-10,2026-08-25 20:37:49.801000000
SGLRES,EQ,SGL Resources Limited,INE967B01028,2.0,1,2026-08-17,2026-08-25 20:37:49.801000000
SGMART,EQ,SG Mart Limited,INE385F01024,1.0,1,2025-09-12,2026-08-25 20:37:49.801000000
SGRL,EQ,Shree Ganesh Remedies Limited,INE414Y01015,10.0,1,2026-08-17,2026-08-25 20:37:49.801000000
SHADOWFAX,EQ,Shadowfax Technologies Limited,INE12UN01015,10.0,1,2026-01-28,2026-08-25 20:37:49.801000000
SHAH,EQ,Shah Metacorp Limited,INE482J01021,1.0,1,2010-10-27,2026-08-25 20:37:49.801000000
SHAHALLOYS,EQ,Shah Alloys Limited,INE640C01011,10.0,1,2005-06-16,2026-08-25 20:37:49.801000000
SHAILY,EQ,Shaily Engineering Plastics Limited,INE151G01028,2.0,1,2022-04-04,2026-08-25 20:37:49.801000000
SHAKTIPUMP,EQ,Shakti Pumps (India) Limited,INE908D01010,10.0,1,2015-01-29,2026-08-25 20:37:49.801000000
SHALBY,EQ,Shalby Limited,INE597J01018,10.0,1,2017-12-15,2026-08-25 20:37:49.801000000
SHALPAINTS,BE,Shalimar Paints Limited,INE849C01026,2.0,1,2008-03-03,2026-08-25 20:37:49.801000000
SHANKARA,EQ,Shankara Building Products Limited,INE274V01019,10.0,1,2017-04-05,2026-08-25 20:37:49.801000000
SHANKESH,EQ,Shankesh Jewellers Limited,INE1WFC01025,5.0,1,2026-08-25,2026-08-25 20:37:49.801000000
SHANTI,EQ,Shanti Overseas (India) Limited,INE933X01016,10.0,1,2021-09-16,2026-08-25 20:37:49.801000000
SHANTIGEAR,EQ,Shanthi Gears Limited,INE631A01022,1.0,1,1996-01-17,2026-08-25 20:37:49.801000000
SHANTIGOLD,EQ,Shanti Gold International Limited,INE06ZD01017,10.0,1,2025-08-01,2026-08-25 20:37:49.801000000
SHARDACROP,EQ,Sharda Cropchem Limited,INE221J01015,10.0,1,2014-09-23,2026-08-25 20:37:49.801000000
SHARDAMOTR,EQ,Sharda Motor Industries Limited,INE597I01028,2.0,1,2015-09-03,2026-08-25 20:37:49.801000000
SHARDUL,BE,Shardul Securities Limited,INE037B01020,2.0,1,2026-04-20,2026-08-25 20:37:49.801000000
SHAREINDIA,EQ,Share India Securities Limited,INE932X01026,2.0,1,2020-09-21,2026-08-25 20:37:49.801000000
SHBAJRG,EQ,Shri Bajrang Alliance Limited,INE402H01015,10.0,1,2026-04-20,2026-08-25 20:37:49.801000000
SHEKHAWATI,BE,Shekhawati Industries Limited,INE268L01046,10.0,1,2011-01-12,2026-08-25 20:37:49.801000000
SHEMAROO,BE,Shemaroo Entertainment Limited,INE363M01019,10.0,1,2014-10-01,2026-08-25 20:37:49.801000000
SHERVANI,EQ,Shervani Industrial Syndicate Limited,INE011D01013,10.0,1,2026-08-17,2026-08-25 20:37:49.801000000
SHILCTECH,EQ,Shilchar Technologies Limited,INE024F01011,10.0,1,2025-11-24,2026-08-25 20:37:49.801000000
SHILGRAVQ,EQ,Shilp Gravures Limited,INE960A01017,10.0,1,2026-08-17,2026-08-25 20:37:49.801000000
SHILPAMED,EQ,Shilpa Medicare Limited,INE790G01031,1.0,1,2009-12-03,2026-08-25 20:37:49.801000000
SHINDL,EQ,Sharat Industries Limited,INE220Z01013,10.0,1,2026-04-20,2026-08-25 20:37:49.801000000
SHIPROCKET,EQ,Shiprocket Limited,INE0FOO01011,10.0,1,2026-08-19,2026-08-25 20:37:49.801000000
SHIVAAGRO,EQ,Shiva Global Agro Industries Limited,INE960E01019,10.0,1,2026-08-17,2026-08-25 20:37:49.801000000
SHIVACEM,EQ,Shiva Cement Limited,INE555C01029,2.0,1,2026-08-17,2026-08-25 20:37:49.801000000
SHIVALIK,BE,Shivalik Rasayan Limited,INE788J01021,5.0,1,2021-12-09,2026-08-25 20:37:49.801000000
SHIVAMAUTO,BE,Shivam Autotech Limited,INE637H01024,2.0,1,2006-11-21,2026-08-25 20:37:49.801000000
SHIVAMILLS,EQ,Shiva Mills Limited,INE644Y01017,10.0,1,2018-02-26,2026-08-25 20:37:49.801000000
SHIVATEX,EQ,Shiva Texyarn Limited,INE705C01020,10.0,1,2017-12-26,2026-08-25 20:37:49.801000000
SHIVAUM,EQ,Shiv Aum Steels Limited,INE719F01016,10.0,1,2025-11-14,2026-08-25 20:37:49.801000000
SHK,EQ,S H Kelkar and Company Limited,INE500L01026,10.0,1,2015-11-16,2026-08-25 20:37:49.801000000
SHOPERSTOP,EQ,Shoppers Stop Limited,INE498B01024,5.0,1,2005-05-23,2026-08-25 20:37:49.801000000
SHRADDHA,EQ,Shraddha Prime Projects Limited,INE311M01018,10.0,1,2026-08-17,2026-08-25 20:37:49.801000000
SHRADHA,EQ,Shradha Realty Limited,INE715Y01031,2.0,1,2020-10-22,2026-08-25 20:37:49.801000000
SHREDIGCEM,EQ,Shree Digvijay Cement Co.Ltd,INE232A01011,10.0,1,2020-01-28,2026-08-25 20:37:49.801000000
SHREECEM,EQ,SHREE CEMENT LIMITED,INE070A01015,10.0,1,1995-04-26,2026-08-25 20:37:49.801000000
SHREEJISPG,EQ,Shreeji Shipping Global Limited,INE1B6101010,10.0,1,2025-08-26,2026-08-25 20:37:49.801000000
SHREEPUSHK,EQ,Shree Pushkar Chemicals & Fertilisers Limited,INE712K01011,10.0,1,2015-09-10,2026-08-25 20:37:49.801000000
SHREERAMA,EQ,Shree Rama Multi-Tech Limited,INE879A01019,5.0,1,2000-03-13,2026-08-25 20:37:49.801000000
SHRENIK,BZ,Shrenik Limited,INE632X01030,1.0,1,2019-08-02,2026-08-25 20:37:49.801000000
SHREYANIND,EQ,Shreyans Industries Limited,INE231C01019,10.0,1,1996-11-06,2026-08-25 20:37:49.801000000
SHRIKRISH,EQ,Shri Krishna Devcon Limited,INE997I01012,10.0,1,2026-04-20,2026-08-25 20:37:49.801000000
SHRINGARMS,EQ,Shringar House of Mangalsutra Limited,INE1B3L01017,10.0,1,2025-09-17,2026-08-25 20:37:49.801000000
SHRIPISTON,EQ,SPR Auto Technologies Limited,INE526E01018,10.0,1,2016-06-02,2026-08-25 20:37:49.801000000
SHRIRAMFIN,EQ,Shriram Finance Limited,INE721A01047,2.0,1,1996-12-11,2026-08-25 20:37:49.801000000
SHRIRAMPPS,EQ,Shriram Properties Limited,INE217L01019,10.0,1,2021-12-20,2026-08-25 20:37:49.801000000
SHRJAGP,EQ,Shri Jagdamba Polymers Limited,INE564J01026,1.0,1,2026-08-17,2026-08-25 20:37:49.801000000
SHUKRAPHAR,EQ,Shukra Pharmaceuticals Limited,INE551C01044,1.0,1,2026-08-14,2026-08-25 20:37:49.801000000
SHYAMCENT,BE,Shyam Century Ferrous Limited,INE979R01011,1.0,1,2015-07-28,2026-08-25 20:37:49.801000000
SHYAMMETL,EQ,Shyam Metalics and Energy Limited,INE810G01011,10.0,1,2021-06-24,2026-08-25 20:37:49.801000000
SHYAMTEL,EQ,Shyam Telecom Limited,INE635A01023,10.0,1,2006-11-06,2026-08-25 20:37:49.801000000
SICAGEN,EQ,Sicagen India Limited,INE176J01011,10.0,1,2026-04-20,2026-08-25 20:37:49.801000000
SICALLOG,BE,Sical Logistics Limited,INE075B01020,10.0,1,2023-10-12,2026-08-25 20:37:49.801000000
SIEL,EQ,Superior Industrial Enterprises Limited,INE843L01012,10.0,1,2026-08-17,2026-08-25 20:37:49.801000000
SIEMENS,EQ,Siemens Limited,INE003A01024,2.0,1,1995-09-06,2026-08-25 20:37:49.801000000
SIGACHI,EQ,Sigachi Industries Limited,INE0D0K01022,1.0,1,2021-11-15,2026-08-25 20:37:49.801000000
SIGIND,BE,Signet Industries Limited,INE529F01035,10.0,1,2018-08-29,2026-08-25 20:37:49.801000000
SIGMA,EQ,Sigma Solve Limited,INE0A0S01028,1.0,1,2023-06-09,2026-08-25 20:37:49.801000000
SIGMAADV,EQ,SIGMA ADVANCED SYSTEMS LIMITED,INE933B01012,10.0,1,2007-07-19,2026-08-25 20:37:49.801000000
SIGNATURE,EQ,Signatureglobal (India) Limited,INE903U01023,1.0,1,2023-09-27,2026-08-25 20:37:49.801000000
SIGNPOST,EQ,Signpost India Limited,INE0KGZ01021,2.0,1,2024-02-14,2026-08-25 20:37:49.801000000
SIKA,EQ,Sika Interplant Systems Limited,INE438E01032,2.0,1,2026-04-20,2026-08-25 20:37:49.801000000
SIKKO,BE,Sikko Industries Limited,INE112X01025,1.0,1,2021-10-22,2026-08-25 20:37:49.801000000
SIL,EQ,Standard Industries Limited,INE173A01025,5.0,1,2004-01-27,2026-08-25 20:37:49.801000000
SILGO,EQ,Silgo Retail Limited,INE01II01013,10.0,1,2021-03-03,2026-08-25 20:37:49.801000000
SILINV,EQ,SIL Investments Limited,INE923A01015,10.0,1,1996-05-22,2026-08-25 20:37:49.801000000
SILLYMONKS,EQ,Silly Monks Entertainment Limited,INE203Y01012,10.0,1,2020-07-08,2026-08-25 20:37:49.801000000
SILVERTUC,EQ,Silver Touch Technologies Limited,INE625X01026,2.0,1,2022-05-12,2026-08-25 20:37:49.801000000
SIMBHALS,BZ,Simbhaoli Sugars Limited,INE748T01016,10.0,1,2016-03-14,2026-08-25 20:37:49.801000000
SIMPLEXINF,EQ,Simplex Infrastructures Limited,INE059B01024,2.0,1,2004-03-09,2026-08-25 20:37:49.801000000
SIMPLXREA,EQ,Simplex Realty Limited,INE167H01014,10.0,1,2026-08-17,2026-08-25 20:37:49.801000000
SINCLAIR,EQ,Sinclairs Hotels Limited,INE985A01022,2.0,1,2024-04-10,2026-08-25 20:37:49.801000000
SINDHUTRAD,EQ,Sindhu Trade Links Limited,INE325D01025,1.0,1,2023-06-20,2026-08-25 20:37:49.801000000
SINGERIND,EQ,Singer India Limited,INE638A01035,2.0,1,2026-03-19,2026-08-25 20:37:49.801000000
SINTERCOM,EQ,Sintercom India Limited,INE129Z01016,10.0,1,2020-10-07,2026-08-25 20:37:49.801000000
SIRCA,EQ,Sirca Paints India Limited,INE792Z01011,10.0,1,2019-07-22,2026-08-25 20:37:49.801000000
SIS,EQ,SIS LIMITED,INE285J01028,5.0,1,2017-08-10,2026-08-25 20:37:49.801000000
SITINET,BZ,Siti Networks Limited,INE965H01011,1.0,1,2007-01-10,2026-08-25 20:37:49.801000000
SIYSIL,EQ,Siyaram Silk Mills Limited,INE076B01028,2.0,1,2007-01-29,2026-08-25 20:37:49.801000000
SJS,EQ,S.J.S. Enterprises Limited,INE284S01014,10.0,1,2021-11-15,2026-08-25 20:37:49.801000000
SJVN,EQ,SJVN Limited,INE002L01015,10.0,1,2010-05-20,2026-08-25 20:37:49.801000000
SKFINDIA,EQ,SKF India Limited,INE640A01023,10.0,1,1999-01-27,2026-08-25 20:37:49.801000000
SKFINDUS,EQ,SKF India (Industrial) Limited,INE2J8701016,10.0,1,2025-12-05,2026-08-25 20:37:49.801000000
SKIPPER,EQ,Skipper Limited,INE439E01022,1.0,1,2015-05-27,2026-08-25 20:37:49.801000000
SKMEGGPROD,EQ,SKM Egg Products Export (India) Limited,INE411D01023,5.0,1,1997-03-14,2026-08-25 20:37:49.801000000
SKYGOLD,EQ,SKY GOLD AND DIAMONDS LIMITED,INE01IU01018,10.0,1,2023-01-06,2026-08-25 20:37:49.801000000
SMARTLINK,BE,Smartlink Holdings Limited,INE178C01020,2.0,1,2001-04-11,2026-08-25 20:37:49.801000000
SMARTWORKS,EQ,Smartworks Coworking Spaces Limited,INE0NAZ01010,10.0,1,2025-07-17,2026-08-25 20:37:49.801000000
SMCGLOBAL,EQ,SMC Global Securities Limited,INE103C01036,2.0,1,2021-02-24,2026-08-25 20:37:49.801000000
SMLMAH,EQ,SML Mahindra Limited,INE294B01019,10.0,1,2003-08-29,2026-08-25 20:37:49.801000000
SMLT,EQ,Sarthak Metals Limited,INE017W01010,10.0,1,2021-11-25,2026-08-25 20:37:49.801000000
SMSPHARMA,EQ,SMS Pharmaceuticals Limited,INE812G01025,1.0,1,2007-02-28,2026-08-25 20:37:49.801000000
SNOWMAN,EQ,Snowman Logistics Limited,INE734N01019,10.0,1,2014-09-12,2026-08-25 20:37:49.801000000
SOBHA,EQ,Sobha Limited,INE671H01015,10.0,1,2006-12-20,2026-08-25 20:37:49.801000000
SOFTTECH,EQ,Softtech Engineers Limited,INE728Z01015,10.0,1,2022-02-25,2026-08-25 20:37:49.801000000
SOLARA,EQ,Solara Active Pharma Sciences Limited,INE624Z01016,10.0,1,2018-06-27,2026-08-25 20:37:49.801000000
SOLARINDS,EQ,Solar Industries India Limited,INE343H01029,2.0,1,2006-04-03,2026-08-25 20:37:49.801000000
SOLARWORLD,EQ,Solarworld Energy Solutions Limited,INE0TY101024,5.0,1,2025-09-30,2026-08-25 20:37:49.801000000
SOLEX,EQ,Solex Energy Limited,INE880Y01017,10.0,1,2025-10-08,2026-08-25 20:37:49.801000000
SOMANYCERA,EQ,Somany Ceramics Limited,INE355A01028,2.0,1,1995-11-22,2026-08-25 20:37:49.801000000
SOMATEX,EQ,Soma Textiles & Industries Limited,INE314C01013,10.0,1,1996-08-14,2026-08-25 20:37:49.801000000
SOMICONVEY,EQ,Somi Conveyor Beltings Limited,INE323J01019,10.0,1,2016-07-18,2026-08-25 20:37:49.801000000
SONACOMS,EQ,Sona BLW Precision Forgings Limited,INE073K01018,10.0,1,2021-06-24,2026-08-25 20:37:49.801000000
SONAL,EQ,Sonal Mercantile Limited,INE321M01017,10.0,1,2026-04-20,2026-08-25 20:37:49.801000000
SONAMLTD,EQ,SONAM LIMITED,INE00LM01029,5.0,1,2022-04-07,2026-08-25 20:37:49.801000000
SONATSOFTW,EQ,Sonata Software Limited,INE269A01021,1.0,1,1999-07-28,2026-08-25 20:37:49.801000000
SOTL,EQ,Savita Oil Technologies Limited,INE035D01020,2.0,1,1995-06-28,2026-08-25 20:37:49.801000000
SOUTHBANK,EQ,The South Indian Bank Limited,INE683A01023,1.0,1,1998-12-08,2026-08-25 20:37:49.801000000
SOUTHWEST,EQ,South West Pinnacle Exploration Limited,INE980Y01015,10.0,1,2019-04-18,2026-08-25 20:37:49.801000000
SPAL,EQ,S. P. Apparels Limited,INE212I01016,10.0,1,2016-08-12,2026-08-25 20:37:49.801000000
SPANDANA,EQ,Spandana Sphoorty Financial Limited,INE572J01011,10.0,1,2019-08-19,2026-08-25 20:37:49.801000000
SPARC,EQ,Sun Pharma Advanced Research Company Limited,INE232I01014,1.0,1,2007-07-18,2026-08-25 20:37:49.801000000
SPCENET,EQ,Spacenet Enterprises India Limited,INE970N01027,1.0,1,2017-01-10,2026-08-25 20:37:49.801000000
SPECIALITY,BE,Speciality Restaurants Limited,INE247M01014,10.0,1,2012-05-30,2026-08-25 20:37:49.801000000
SPECTRUM,BE,Spectrum Electrical Industries Limited,INE01EO01010,10.0,1,2025-03-28,2026-08-25 20:37:49.801000000
SPELS,EQ,SPEL Semiconductor Limited,INE252A01019,10.0,1,2026-08-17,2026-08-25 20:37:49.801000000
SPENCERS,EQ,Spencer's Retail Limited,INE020801028,5.0,1,2019-01-25,2026-08-25 20:37:49.801000000
SPIC,EQ,Southern Petrochemicals Industries Corporation  Limited,INE147A01011,10.0,1,1996-01-10,2026-08-25 20:37:49.801000000
SPLIL,EQ,SPL Industries Limited,INE978G01016,10.0,1,2005-07-26,2026-08-25 20:37:49.801000000
SPLPETRO,EQ,Supreme Petrochem Limited,INE663A01033,2.0,1,2022-05-24,2026-08-25 20:37:49.801000000
SPMLINFRA,EQ,SPML Infra Limited,INE937A01023,2.0,1,1996-02-14,2026-08-25 20:37:49.801000000
SPORTKING,EQ,Sportking India Limited,INE885H01029,1.0,1,2022-08-24,2026-08-25 20:37:49.801000000
SRD,EQ,Shankar Lal Rampal Dye-Chem Limited,INE01NE01012,10.0,1,2024-10-09,2026-08-25 20:37:49.801000000
SREEL,EQ,Sreeleathers Limited,INE099F01013,10.0,1,2014-01-01,2026-08-25 20:37:49.801000000
SRF,EQ,SRF Limited,INE647A01010,10.0,1,2003-08-18,2026-08-25 20:37:49.801000000
SRGHFL,EQ,SRG Housing Finance Limited,INE559N01010,10.0,1,2023-08-21,2026-08-25 20:37:49.801000000
SRHHYPOLTD,EQ,Sree Rayalaseema Hi-Strength Hypo Limited,INE917H01012,10.0,1,2007-05-08,2026-08-25 20:37:49.801000000
SRIKPRIND,EQ,Sri KPR Industries Limited,INE009C01019,10.0,1,2026-08-17,2026-08-25 20:37:49.801000000
SRM,EQ,SRM Contractors Limited,INE0R6Z01013,10.0,1,2024-04-03,2026-08-25 20:37:49.801000000
SRTL,EQ,Shree Ram Twistex Limited,INE19GK01015,10.0,1,2026-03-02,2026-08-25 20:37:49.801000000
SSDL,EQ,Saraswati Saree Depot Limited,INE0PQ101010,10.0,1,2024-08-20,2026-08-25 20:37:49.801000000
SSWL,EQ,Steel Strips Wheels Limited,INE802C01033,1.0,1,2005-06-06,2026-08-25 20:37:49.801000000
STALLION,BE,Stallion India Fluorochemicals Limited,INE0RYC01010,10.0,1,2025-01-23,2026-08-25 20:37:49.801000000
STANLEY,EQ,Stanley Lifestyles Limited,INE01A001028,2.0,1,2024-06-28,2026-08-25 20:37:49.801000000
STAR,EQ,Strides Pharma Science Limited,INE939A01011,10.0,1,2000-02-02,2026-08-25 20:37:49.801000000
STARCEMENT,EQ,Star Cement Limited,INE460H01021,1.0,1,2017-06-16,2026-08-25 20:37:49.801000000
STARHEALTH,EQ,Star Health and Allied Insurance Company Limited,INE575P01011,10.0,1,2021-12-10,2026-08-25 20:37:49.801000000
STARPAPER,EQ,Star Paper Mills Limited,INE733A01018,10.0,1,1995-09-13,2026-08-25 20:37:49.801000000
STARTECK,EQ,Starteck Finance Limited,INE992I01013,10.0,1,2022-05-04,2026-08-25 20:37:49.801000000
STCINDIA,EQ,The State Trading Corporation of India Limited,INE655A01013,10.0,1,2003-04-01,2026-08-25 20:37:49.801000000
STEELCAS,EQ,Steelcast Limited,INE124E01038,1.0,1,2021-11-23,2026-08-25 20:37:49.801000000
STEELCITY,EQ,Steel City Securities Limited,INE395H01011,10.0,1,2019-06-27,2026-08-25 20:37:49.801000000
STEELXIND,EQ,STEEL EXCHANGE INDIA LIMITED,INE503B01021,1.0,1,2017-07-20,2026-08-25 20:37:49.801000000
STEL,EQ,Stel Holdings Limited,INE577L01016,10.0,1,2011-02-09,2026-08-25 20:37:49.801000000
STERTOOLS,BE,Sterling Tools Limited,INE334A01023,2.0,1,2006-02-02,2026-08-25 20:37:49.801000000
STLNETWORK,EQ,STL Networks Limited,INE1VXE01018,2.0,1,2025-09-04,2026-08-25 20:37:49.801000000
STLSTRINF,EQ,Steel Strips Infrastructures Limited,INE205F01016,10.0,1,2026-08-17,2026-08-25 20:37:49.801000000
STLTECH,BE,Sterlite Technologies Limited,INE089C01029,2.0,1,2000-12-08,2026-08-25 20:37:49.801000000
STOVEKRAFT,EQ,Stove Kraft Limited,INE00IN01015,10.0,1,2021-02-05,2026-08-25 20:37:49.801000000
STUDDS,EQ,Studds Accessories Limited,INE00Q601028,5.0,1,2025-11-07,2026-08-25 20:37:49.801000000
STYL,EQ,Seshaasai Technologies Limited,INE04VU01023,10.0,1,2025-09-30,2026-08-25 20:37:49.801000000
STYLAMIND,EQ,Stylam Industries Limited,INE239C01020,5.0,1,2021-08-02,2026-08-25 20:37:49.801000000
STYLEBAAZA,EQ,Baazar Style Retail Limited,INE01FR01028,5.0,1,2024-09-06,2026-08-25 20:37:49.801000000
STYRENIX,EQ,Styrenix Performance Materials Limited,INE189B01011,10.0,1,1995-03-29,2026-08-25 20:37:49.801000000
SUBEXLTD,EQ,Subex Limited,INE754A01055,5.0,1,2020-11-05,2026-08-25 20:37:49.801000000
SUBROS,EQ,Subros Limited,INE287B01021,2.0,1,2005-07-13,2026-08-25 20:37:49.801000000
SUDARCOLOR,EQ,Sudarshan Colorants India Limited,INE492A01029,10.0,1,1995-06-14,2026-08-25 20:37:49.801000000
SUDARSCHEM,EQ,Sudarshan Chemical Industries Limited,INE659A01023,2.0,1,1995-05-25,2026-08-25 20:37:49.801000000
SUDEEPPHRM,EQ,Sudeep Pharma Limited,INE0QPI01025,1.0,1,2025-11-28,2026-08-25 20:37:49.801000000
SUKHJITS,EQ,Sukhjit Starch & Chemicals Limited,INE450E01029,5.0,1,2022-11-07,2026-08-25 20:37:49.801000000
SULA,EQ,Sula Vineyards Limited,INE142Q01026,2.0,1,2022-12-22,2026-08-25 20:37:49.801000000
SUMEDHA,EQ,Sumedha Fiscal Services Limited,INE886B01012,10.0,1,2026-08-17,2026-08-25 20:37:49.801000000
SUMEETINDS,EQ,Sumeet Industries Limited,INE235C01036,2.0,1,2010-12-10,2026-08-25 20:37:49.801000000
SUMICHEM,EQ,Sumitomo Chemical India Limited,INE258G01013,10.0,1,2020-01-27,2026-08-25 20:37:49.801000000
SUMIT,EQ,Sumit Woods Limited,INE748Z01013,10.0,1,2019-07-30,2026-08-25 20:37:49.801000000
SUMMITSEC,EQ,Summit Securities Limited,INE519C01017,10.0,1,2011-01-28,2026-08-25 20:37:49.801000000
SUNCLAY,EQ,Sundaram Clayton Limited,INE0Q3R01026,5.0,1,2023-12-29,2026-08-25 20:37:49.801000000
SUNDARAM,EQ,Sundaram Multi Pap Limited,INE108E01023,1.0,1,2010-06-02,2026-08-25 20:37:49.801000000
SUNDARMFIN,EQ,Sundaram Finance Limited,INE660A01013,10.0,1,1998-01-07,2026-08-25 20:37:49.801000000
SUNDRMBRAK,BE,Sundaram Brake Linings Limited,INE073D01013,10.0,1,1996-07-17,2026-08-25 20:37:49.801000000
SUNDRMFAST,EQ,Sundram Fasteners Limited,INE387A01021,1.0,1,2000-06-07,2026-08-25 20:37:49.801000000
SUNDROP,EQ,Sundrop Brands Limited,INE209A01019,10.0,1,2002-12-06,2026-08-25 20:37:49.801000000
SUNFLAG,EQ,Sunflag Iron And Steel Company Limited,INE947A01014,10.0,1,2005-09-29,2026-08-25 20:37:49.801000000
SUNLOC,EQ,Sunil Healthcare Limited,INE671C01016,10.0,1,2026-08-17,2026-08-25 20:37:49.801000000
SUNPHARMA,EQ,Sun Pharmaceutical Industries Limited,INE044A01036,1.0,1,1995-02-08,2026-08-25 20:37:49.801000000
SUNRAKSHAK,EQ,Sunrakshakk Industries India Limited,INE671K01027,2.0,1,2026-08-17,2026-08-25 20:37:49.801000000
SUNSHIEL,EQ,Sunshield Chemicals Limited,INE199E01014,10.0,1,2026-08-17,2026-08-25 20:37:49.801000000
SUNSHINE,EQ,Sunshine Pictures Limited,INE1B3O01011,10.0,1,2026-08-25,2026-08-25 20:37:49.801000000
SUNTECK,EQ,Sunteck Realty Limited,INE805D01034,1.0,1,2009-11-13,2026-08-25 20:37:49.801000000
SUNTV,EQ,Sun TV Network Limited,INE424H01027,5.0,1,2006-04-24,2026-08-25 20:37:49.801000000
SUPERHOUSE,EQ,Superhouse Limited,INE712B01010,10.0,1,2014-09-26,2026-08-25 20:37:49.801000000
SUPERSPIN,BE,Super Spinning Mills Limited,INE662A01027,1.0,1,2004-07-08,2026-08-25 20:37:49.801000000
SUPRAJIT,EQ,Suprajit Engineering Limited,INE399C01030,1.0,1,2005-02-18,2026-08-25 20:37:49.801000000
SUPREME,EQ,Supreme Holdings & Hospitality (India) Limited,INE822E01011,10.0,1,2025-02-03,2026-08-25 20:37:49.801000000
SUPREMEENG,BZ,Supreme Engineering Limited,INE319Z01021,1.0,1,2020-12-04,2026-08-25 20:37:49.801000000
SUPREMEIND,EQ,Supreme Industries Limited,INE195A01028,2.0,1,1995-07-19,2026-08-25 20:37:49.801000000
SUPREMEINF,EQ,Supreme Infrastructure India Limited,INE550H01011,10.0,1,2007-10-18,2026-08-25 20:37:49.801000000
SUPRIYA,EQ,Supriya Lifescience Limited,INE07RO01027,2.0,1,2021-12-28,2026-08-25 20:37:49.801000000
SUPTANERY,EQ,Super Tannery Limited,INE460D01038,1.0,1,2026-08-17,2026-08-25 20:37:49.801000000
SURAJEST,EQ,Suraj Estate Developers Limited,INE843S01025,5.0,1,2023-12-26,2026-08-25 20:37:49.801000000
SURAJLTD,EQ,Suraj Limited,INE713C01016,10.0,1,2024-08-29,2026-08-25 20:37:49.801000000
SURAKSHA,EQ,Suraksha Diagnostic Limited,INE877V01027,2.0,1,2024-12-06,2026-08-25 20:37:49.801000000
SURANASOL,EQ,Surana Solar Limited,INE272L01022,5.0,1,2011-01-07,2026-08-25 20:37:49.801000000
SURANAT&P,EQ,Surana Telecom and Power Limited,INE130B01031,1.0,1,2002-05-22,2026-08-25 20:37:49.801000000
SURYALA,EQ,Suryalata Spinning Mills Limited,INE132C01027,10.0,1,2026-04-20,2026-08-25 20:37:49.801000000
SURYALAXMI,EQ,Suryalakshmi Cotton Mills Limited,INE713B01026,10.0,1,2005-06-15,2026-08-25 20:37:49.801000000
SURYAROSNI,EQ,Surya Roshni Limited,INE335A01020,5.0,1,1995-05-10,2026-08-25 20:37:49.801000000
SURYODAY,EQ,Suryoday Small Finance Bank Limited,INE428Q01011,10.0,1,2021-03-26,2026-08-25 20:37:49.801000000
SUTLEJTEX,BE,Sutlej Textiles and Industries Limited,INE645H01027,1.0,1,2006-12-14,2026-08-25 20:37:49.801000000
SUVEN,EQ,Suven Life Sciences Limited,INE495B01038,1.0,1,2003-10-23,2026-08-25 20:37:49.801000000
SUVIDHAA,EQ,Suvidhaa Infoserve Limited,INE018401013,1.0,1,2021-03-31,2026-08-25 20:37:49.801000000
SUYOG,EQ,Suyog Telematics Limited,INE442P01014,10.0,1,2024-08-20,2026-08-25 20:37:49.801000000
SUZLON,EQ,Suzlon Energy Limited,INE040H01021,2.0,1,2005-10-19,2026-08-25 20:37:49.801000000
SVGLOBAL,EQ,S V Global Mill Limited,INE159L01013,5.0,1,2026-08-17,2026-08-25 20:37:49.801000000
SVLL,BE,Shree Vasu Logistics Limited,INE00CE01017,10.0,1,2023-04-21,2026-08-25 20:37:49.801000000
SVPGLOB,EQ,SVP GLOBAL TEXTILES LIMITED,INE308E01029,1.0,1,2021-07-14,2026-08-25 20:37:49.801000000
SWANCORP,EQ,SWAN CORP LIMITED,INE665A01038,1.0,1,2012-05-29,2026-08-25 20:37:49.801000000
SWANDEF,BE,Swan Defence and Heavy Industries Limited,INE542F01020,10.0,1,2025-01-20,2026-08-25 20:37:49.801000000
SWARAJ,EQ,Swaraj Suiting Limited,INE0GMR01016,10.0,1,2026-08-13,2026-08-25 20:37:49.801000000
SWARAJENG,EQ,Swaraj Engines Limited,INE277A01016,10.0,1,1995-12-06,2026-08-25 20:37:49.801000000
SWARNSAR,EQ,Swarnsarita Jewels India Limited,INE967A01012,10.0,1,2026-08-17,2026-08-25 20:37:49.801000000
SWELECTES,EQ,Swelect Energy Systems Limited,INE409B01013,10.0,1,2006-05-09,2026-08-25 20:37:49.801000000
SWIGGY,EQ,Swiggy Limited,INE00H001014,1.0,1,2024-11-13,2026-08-25 20:37:49.801000000
SWISSMLTRY,EQ,Swiss Military Consumer Goods Limited,INE010C01025,2.0,1,2026-08-17,2026-08-25 20:37:49.801000000
SWSOLAR,EQ,Sterling and Wilson Renewable Energy Limited,INE00M201021,1.0,1,2019-08-20,2026-08-25 20:37:49.801000000
SYMPHONY,EQ,Symphony Limited,INE225D01027,2.0,1,2011-06-15,2026-08-25 20:37:49.801000000
SYNCOMF,EQ,Syncom Formulations (India) Limited,INE312C01025,1.0,1,2022-11-18,2026-08-25 20:37:49.801000000
SYNGENE,EQ,Syngene International Limited,INE398R01022,10.0,1,2015-08-11,2026-08-25 20:37:49.801000000
SYRMA,EQ,Syrma SGS Technology Limited,INE0DYJ01015,10.0,1,2022-08-26,2026-08-25 20:37:49.801000000
SYSTMTXC,BE,Systematix Corporate Services Limited,INE356B01024,1.0,1,2025-10-06,2026-08-25 20:37:49.801000000
TAALTECH,EQ,Taal Tech Limited,INE524T01011,10.0,1,2026-04-20,2026-08-25 20:37:49.801000000
TAINWALCHM,EQ,Tainwala Chemical and Plastic (I) Limited,INE123C01018,10.0,1,1995-07-27,2026-08-25 20:37:49.801000000
TAJGVK,EQ,Taj GVK Hotels & Resorts Limited,INE586B01026,2.0,1,2000-12-20,2026-08-25 20:37:49.801000000
TAKE,EQ,TAKE Limited,INE142I01023,1.0,1,2007-08-27,2026-08-25 20:37:49.801000000
TALBROAUTO,EQ,Talbros Automotive Components Limited,INE187D01029,2.0,1,2006-09-29,2026-08-25 20:37:49.801000000
TAMBOLIIN,BE,Tamboli Industries Limited,INE864J01012,10.0,1,2026-04-20,2026-08-25 20:37:49.801000000
TANAA,EQ,Taneja Aerospace & Aviation Limited,INE692C01020,5.0,1,2026-08-17,2026-08-25 20:37:49.801000000
TANLA,EQ,Tanla Platforms Limited,INE483C01032,1.0,1,2007-01-05,2026-08-25 20:37:49.801000000
TARACHAND,EQ,Tara Chand InfraLogistic Solutions Limited,INE555Z01020,2.0,1,2024-04-16,2026-08-25 20:37:49.801000000
TARAPUR,EQ,Tarapur Transformers Limited,INE747K01017,10.0,1,2010-05-18,2026-08-25 20:37:49.801000000
TARC,EQ,TARC Limited,INE0EK901012,2.0,1,2020-12-18,2026-08-25 20:37:49.801000000
TARIL,EQ,Transformers And Rectifiers (India) Limited,INE763I01026,1.0,1,2007-12-28,2026-08-25 20:37:49.801000000
TARMAT,EQ,Tarmat Limited,INE924H01018,10.0,1,2007-07-09,2026-08-25 20:37:49.801000000
TARSONS,EQ,Tarsons Products Limited,INE144Z01023,2.0,1,2021-11-26,2026-08-25 20:37:49.801000000
TASTYBITE,EQ,Tasty Bite Eatables Limited,INE488B01017,10.0,1,2017-03-23,2026-08-25 20:37:49.801000000
TATACAP,EQ,Tata Capital Limited,INE976I01016,10.0,1,2025-10-13,2026-08-25 20:37:49.801000000
TATACHEM,EQ,Tata Chemicals Limited,INE092A01019,10.0,1,1999-04-01,2026-08-25 20:37:49.801000000
TATACOMM,EQ,Tata Communications Limited,INE151A01013,10.0,1,1995-04-12,2026-08-25 20:37:49.801000000
TATACONSUM,EQ,TATA CONSUMER PRODUCTS LIMITED,INE192A01025,1.0,1,1998-11-18,2026-08-25 20:37:49.801000000
TATAELXSI,EQ,Tata Elxsi Limited,INE670A01012,10.0,1,2003-09-17,2026-08-25 20:37:49.801000000
TATAINVEST,EQ,Tata Investment Corporation Limited,INE672A01026,1.0,1,1998-06-24,2026-08-25 20:37:49.801000000
TATAPOWER,EQ,Tata Power Company Limited,INE245A01021,1.0,1,1996-04-03,2026-08-25 20:37:49.801000000
TATASTEEL,EQ,Tata Steel Limited,INE081A01020,1.0,1,1998-11-18,2026-08-25 20:37:49.801000000
TATATECH,EQ,Tata Technologies Limited,INE142M01025,2.0,1,2023-11-30,2026-08-25 20:37:49.801000000
TATVA,EQ,Tatva Chintan Pharma Chem Limited,INE0GK401011,10.0,1,2021-07-29,2026-08-25 20:37:49.801000000
TBOTEK,EQ,TBO Tek Limited,INE673O01025,1.0,1,2024-05-15,2026-08-25 20:37:49.801000000
TBZ,EQ,Tribhovandas Bhimji Zaveri Limited,INE760L01018,10.0,1,2012-05-09,2026-08-25 20:37:49.801000000
TCC,EQ,TCC Concept Limited,INE887D01016,10.0,1,2026-02-25,2026-08-25 20:37:49.801000000
TCI,EQ,Transport Corporation of India Limited,INE688A01022,2.0,1,2002-01-21,2026-08-25 20:37:49.801000000
TCIEXP,EQ,TCI Express Limited,INE586V01016,2.0,1,2016-12-15,2026-08-25 20:37:49.801000000
TCIFINANCE,BE,TCI Finance Limited,INE911B01018,10.0,1,1997-05-21,2026-08-25 20:37:49.801000000
TCPLPACK,EQ,TCPL Packaging Limited,INE822C01015,10.0,1,2017-10-17,2026-08-25 20:37:49.801000000
TCS,EQ,Tata Consultancy Services Limited,INE467B01029,1.0,1,2004-08-25,2026-08-25 20:37:49.801000000
TDPOWERSYS,EQ,TD Power Systems Limited,INE419M01035,1.0,1,2011-09-08,2026-08-25 20:37:49.801000000
TEAMGTY,EQ,Team India Guaranty Limited,INE289C01025,10.0,1,2002-06-11,2026-08-25 20:37:49.801000000
TEAMLEASE,EQ,Teamlease Services Limited,INE985S01024,10.0,1,2016-02-12,2026-08-25 20:37:49.801000000
TECHM,EQ,Tech Mahindra Limited,INE669C01036,5.0,1,2006-08-28,2026-08-25 20:37:49.801000000
TECHNOCRAF,EQ,Technocraft Ventures Limited,INE1D0W01018,10.0,1,2026-08-14,2026-08-25 20:37:49.801000000
TECHNOE,EQ,Techno Electric & Engineering Company Limited,INE285K01026,2.0,1,2018-12-04,2026-08-25 20:37:49.801000000
TECHNVISN,EQ,TechNVision Ventures Limited,INE314H01012,10.0,1,2026-04-20,2026-08-25 20:37:49.801000000
TECILCHEM,EQ,TECIL Chemicals and Hydro Power Limited,INE014B01011,10.0,50,1995-12-06,2026-08-25 20:37:49.801000000
TEGA,EQ,Tega Industries Limited,INE011K01018,10.0,1,2021-12-13,2026-08-25 20:37:49.801000000
TEJASNET,EQ,Tejas Networks Limited,INE010J01012,10.0,1,2017-06-27,2026-08-25 20:37:49.801000000
TEMBO,EQ,Tembo Global Industries Limited,INE869Y01028,1.0,1,2021-04-23,2026-08-25 20:37:49.801000000
TENNIND,EQ,Tenneco Clean Air India Limited,INE19RI01016,10.0,1,2025-11-19,2026-08-25 20:37:49.801000000
TERAI,EQ,Terai Tea Company Limited,INE390D01011,10.0,1,2026-08-17,2026-08-25 20:37:49.801000000
TERASOFT,EQ,Tera Software Limited,INE482B01010,10.0,1,2016-12-29,2026-08-25 20:37:49.801000000
TEXINFRA,EQ,Texmaco Infrastructure & Holdings Limited,INE435C01024,1.0,1,2004-09-09,2026-08-25 20:37:49.801000000
TEXMOPIPES,EQ,Texmo Pipes and Products Limited,INE141K01013,10.0,1,2010-03-10,2026-08-25 20:37:49.801000000
TEXRAIL,EQ,Texmaco Rail & Engineering Limited,INE621L01012,1.0,1,2011-03-03,2026-08-25 20:37:49.801000000
TFCILTD,EQ,Tourism Finance Corporation of India Limited,INE305A01023,2.0,1,2000-07-26,2026-08-25 20:37:49.801000000
TFL,EQ,Transwarranty Finance Limited,INE804H01012,10.0,1,2007-02-26,2026-08-25 20:37:49.801000000
TGBHOTELS,EQ,TGB Banquets And Hotels Limited,INE797H01018,10.0,1,2007-05-17,2026-08-25 20:37:49.801000000
TGVSL,EQ,TGV Sraac Limited,INE284B01028,10.0,1,2026-08-17,2026-08-25 20:37:49.801000000
THACKER,BE,Thacker & Company Limited,INE077P01034,1.0,1,2026-04-20,2026-08-25 20:37:49.801000000
THAKDEV,EQ,Thakkers Developers Limited,INE403F01017,10.0,1,2026-04-20,2026-08-25 20:37:49.801000000
THANGAMAYL,EQ,Thangamayil Jewellery Limited,INE085J01014,10.0,1,2010-02-19,2026-08-25 20:37:49.801000000
THEINVEST,EQ,The Investment Trust Of India Limited,INE924D01017,10.0,1,2017-08-02,2026-08-25 20:37:49.801000000
THEJO,EQ,Thejo Engineering Limited,INE121N01019,10.0,1,2023-10-10,2026-08-25 20:37:49.801000000
THELEELA,EQ,Leela Palaces Hotels & Resorts Limited,INE0AQ201015,10.0,1,2025-06-02,2026-08-25 20:37:49.801000000
THEMISMED,EQ,Themis Medicare Limited,INE083B01024,1.0,1,2007-04-02,2026-08-25 20:37:49.801000000
THERMAX,EQ,Thermax Limited,INE152A01029,2.0,1,1995-08-30,2026-08-25 20:37:49.801000000
THOMASCOOK,EQ,Thomas Cook  (India)  Limited,INE332A01027,1.0,1,2000-06-07,2026-08-25 20:37:49.801000000
THOMASCOTT,EQ,Thomas Scott (India) Limited,INE480M01011,10.0,1,2012-01-30,2026-08-25 20:37:49.801000000
THYROCARE,EQ,Thyrocare Technologies Limited,INE594H01019,10.0,1,2016-05-09,2026-08-25 20:37:49.801000000
TI,EQ,Tilaknagar Industries Limited,INE133E01013,10.0,1,2010-07-16,2026-08-25 20:37:49.801000000
TICL,BE,Twamev Construction and Infrastructure Limited,INE388G01026,1.0,1,2023-10-16,2026-08-25 20:37:49.801000000
TIGERLOGS,EQ,Tiger Logistics (India) Limited,INE906O01029,1.0,1,2025-09-18,2026-08-25 20:37:49.801000000
TIIL,EQ,Technocraft Industries (India) Limited,INE545H01011,10.0,1,2007-02-12,2026-08-25 20:37:49.801000000
TIINDIA,EQ,Tube Investments of India Limited,INE974X01010,1.0,1,2017-11-02,2026-08-25 20:37:49.801000000
TIJARIA,EQ,Tijaria Polypipes Limited,INE440L01017,10.0,1,2011-10-14,2026-08-25 20:37:49.801000000
TIL,BE,TIL Limited,INE806C01018,10.0,1,1995-09-27,2026-08-25 20:37:49.801000000
TIMETECHNO,EQ,Time Technoplast Limited,INE508G01029,1.0,1,2007-06-13,2026-08-25 20:37:49.801000000
TIMEX,EQ,Timex Group India Limited,INE064A01026,1.0,1,2026-04-20,2026-08-25 20:37:49.801000000
TIMKEN,EQ,Timken India Limited,INE325A01013,10.0,1,2007-02-06,2026-08-25 20:37:49.801000000
TINNARUBR,EQ,Tinna Rubber and Infrastructure Limited,INE015C01016,10.0,1,2025-04-17,2026-08-25 20:37:49.801000000
TIPSFILMS,EQ,Tips Films Limited,INE0LQS01015,10.0,1,2022-10-06,2026-08-25 20:37:49.801000000
TIPSMUSIC,EQ,Tips Music Limited,INE716B01029,1.0,1,2000-11-10,2026-08-25 20:37:49.801000000
TIRUMALCHM,EQ,Thirumalai Chemicals Limited,INE338A01024,1.0,1,2003-05-14,2026-08-25 20:37:49.801000000
TIRUPATIFL,BE,Tirupati Forge Limited,INE319Y01024,2.0,1,2020-08-04,2026-08-25 20:37:49.801000000
TITAGARH,EQ,TITAGARH RAIL SYSTEMS LIMITED,INE615H01020,2.0,1,2008-04-21,2026-08-25 20:37:49.801000000
TITAN,EQ,Titan Company Limited,INE280A01028,1.0,1,2004-09-24,2026-08-25 20:37:49.801000000
TMB,EQ,Tamilnad Mercantile Bank Limited,INE668A01016,10.0,1,2022-09-15,2026-08-25 20:37:49.801000000
TMCV,EQ,Tata Motors Limited,INE1TAE01010,2.0,1,2025-11-12,2026-08-25 20:37:49.801000000
TMPV,EQ,Tata Motors Passenger Vehicles Limited,INE155A01022,2.0,1,1998-07-22,2026-08-25 20:37:49.801000000
TNPETRO,EQ,Tamilnadu PetroProducts Limited,INE148A01019,10.0,1,1999-10-27,2026-08-25 20:37:49.801000000
TNPL,EQ,Tamil Nadu Newsprint & Papers Limited,INE107A01015,10.0,1,1996-02-14,2026-08-25 20:37:49.801000000
TNTELE,EQ,Tamilnadu Telecommunication Limited,INE141D01018,10.0,1,2003-02-04,2026-08-25 20:37:49.801000000
TOKYOPLAST,EQ,Tokyo Plast International Limited,INE932C01012,10.0,1,1995-10-11,2026-08-25 20:37:49.801000000
TOLINS,EQ,Tolins Tyres Limited,INE0RWQ01014,5.0,1,2024-09-16,2026-08-25 20:37:49.801000000
TORNTPHARM,EQ,Torrent Pharmaceuticals Limited,INE685A01028,5.0,1,2002-11-25,2026-08-25 20:37:49.801000000
TORNTPOWER,EQ,Torrent Power Limited,INE813H01021,10.0,1,2006-11-28,2026-08-25 20:37:49.801000000
TOTAL,EQ,Total Transport Systems Limited,INE336X01012,10.0,1,2020-08-28,2026-08-25 20:37:49.801000000
TOUCHWOOD,EQ,Touchwood Entertainment Limited,INE486Y01013,10.0,1,2020-01-21,2026-08-25 20:37:49.801000000
TOYAMSL,EQ,Toyam Sports Limited,INE457P01020,1.0,1,2026-08-17,2026-08-25 20:37:49.801000000
TPHQ,BE,Teamo Productions HQ Limited,INE065J01024,1.0,1,2009-01-30,2026-08-25 20:37:49.801000000
TPLPLASTEH,EQ,TPL Plastech Limited,INE413G01022,2.0,1,2015-05-20,2026-08-25 20:37:49.801000000
TRACXN,EQ,Tracxn Technologies Limited,INE0HMF01019,1.0,1,2022-10-20,2026-08-25 20:37:49.801000000
TRANSCOR,EQ,Transcorp International Limited,INE330E01023,2.0,1,2026-08-17,2026-08-25 20:37:49.801000000
TRANSPEK,BE,Transpek Industry Limited,INE687A01016,10.0,1,2026-04-20,2026-08-25 20:37:49.801000000
TRANSRAILL,EQ,Transrail Lighting Limited,INE454P01035,2.0,1,2024-12-27,2026-08-25 20:37:49.801000000
TRANSWORLD,BE,TRANSWORLD SHIPPING LINES LIMITED,INE757B01015,10.0,1,1995-03-01,2026-08-25 20:37:49.801000000
TRAVELFOOD,EQ,Travel Food Services Limited,INE103V01028,1.0,1,2025-07-14,2026-08-25 20:37:49.801000000
TREEHOUSE,EQ,Tree House Education & Accessories Limited,INE040M01013,10.0,1,2011-08-26,2026-08-25 20:37:49.801000000
TREJHARA,EQ,TREJHARA SOLUTIONS LIMITED,INE00CA01015,10.0,1,2018-12-28,2026-08-25 20:37:49.801000000
TREL,EQ,Transindia Real Estate Limited,INE0O3901029,2.0,1,2023-08-10,2026-08-25 20:37:49.801000000
TRENT,EQ,Trent Limited,INE849A01020,1.0,1,2004-06-07,2026-08-25 20:37:49.801000000
TRF,EQ,TRF Limited,INE391D01019,10.0,1,2010-03-26,2026-08-25 20:37:49.801000000
TRIDENT,EQ,Trident Limited,INE064C01022,1.0,1,2001-02-21,2026-08-25 20:37:49.801000000
TRIGYN,EQ,Trigyn Technologies Limited,INE948A01012,10.0,1,1998-04-09,2026-08-25 20:37:49.801000000
TRITONV,EQ,Triton Valves Limited,INE440G01017,10.0,1,2026-08-17,2026-08-25 20:37:49.801000000
TRITURBINE,EQ,Triveni Turbine Limited,INE152M01016,1.0,1,2011-10-28,2026-08-25 20:37:49.801000000
TRIVENI,EQ,Triveni Engineering & Industries Limited,INE256C01024,1.0,1,2005-12-13,2026-08-25 20:37:49.801000000
TRU,EQ,TruCap Finance Limited,INE615R01029,2.0,1,2023-06-20,2026-08-25 20:37:49.801000000
TRUALT,EQ,TruAlt Bioenergy Limited,INE0MWH01014,10.0,1,2025-10-03,2026-08-25 20:37:49.801000000
TSFINV,EQ,TSF INVESTMENTS LIMITED,INE202Z01029,5.0,1,2018-03-26,2026-08-25 20:37:49.801000000
TTKHLTCARE,EQ,TTK Healthcare Limited,INE910C01018,10.0,1,2015-12-02,2026-08-25 20:37:49.801000000
TTKPRESTIG,EQ,TTK Prestige Limited,INE690A01028,1.0,1,1999-12-22,2026-08-25 20:37:49.801000000
TTL,EQ,T T Limited,INE592B01024,1.0,1,2007-02-22,2026-08-25 20:37:49.801000000
TTML,EQ,Tata Teleservices (Maharashtra) Limited,INE517B01013,10.0,1,2000-10-20,2026-08-25 20:37:49.801000000
TURTLEMINT,EQ,Turtlemint Fintech Solutions Limited,INE0OC301013,1.0,1,2026-06-29,2026-08-25 20:37:49.801000000
TUTIALKA,EQ,Tuticorin Alkali Chemicals & Fertilizers Limited,INE400A01014,10.0,1,2026-08-17,2026-08-25 20:37:49.801000000
TVSELECT,EQ,TVS Electronics Limited,INE236G01019,10.0,1,2003-12-26,2026-08-25 20:37:49.801000000
TVSHLTD,EQ,TVS Holdings Limited,INE105A01035,5.0,1,2012-10-23,2026-08-25 20:37:49.801000000
TVSMOTOR,EQ,TVS Motor Company Limited,INE494B01023,1.0,1,2000-08-02,2026-08-25 20:37:49.801000000
TVSSCS,EQ,TVS Supply Chain Solutions Limited,INE395N01027,1.0,1,2023-08-23,2026-08-25 20:37:49.801000000
TVSSRICHAK,EQ,TVS Srichakra Limited,INE421C01016,10.0,1,2007-02-13,2026-08-25 20:37:49.801000000
TVTODAY,EQ,TV Today Network Limited,INE038F01029,5.0,1,2004-01-16,2026-08-25 20:37:49.801000000
TVVISION,BE,TV Vision Limited,INE871L01013,10.0,1,2016-09-15,2026-08-25 20:37:49.801000000
UBL,EQ,United Breweries Limited,INE686F01025,1.0,1,2008-07-28,2026-08-25 20:37:49.801000000
UCAL,BE,UCAL LIMITED,INE139B01016,10.0,1,1995-09-13,2026-08-25 20:37:49.801000000
UCOBANK,EQ,UCO Bank,INE691A01018,10.0,1,2003-10-09,2026-08-25 20:37:49.801000000
UDAYJEW,EQ,Uday Jewellery Industries Limited,INE551B01012,10.0,1,2026-08-17,2026-08-25 20:37:49.801000000
UDS,EQ,Updater Services Limited,INE851I01011,10.0,1,2023-10-04,2026-08-25 20:37:49.801000000
UEL,EQ,Ujaas Energy Limited,INE899L01030,1.0,1,2024-04-16,2026-08-25 20:37:49.801000000
UFBL,BE,United Foodbrands Limited,INE382M01027,5.0,1,2021-04-07,2026-08-25 20:37:49.801000000
UFLEX,EQ,UFLEX Limited,INE516A01017,10.0,1,1995-08-23,2026-08-25 20:37:49.801000000
UFO,EQ,UFO Moviez India Limited,INE527H01019,10.0,1,2015-05-14,2026-08-25 20:37:49.801000000
UGARSUGAR,EQ,The Ugar Sugar Works Limited,INE071E01023,1.0,1,2010-08-23,2026-08-25 20:37:49.801000000
UGROCAP,EQ,Ugro Capital Limited,INE583D01011,10.0,1,2021-08-11,2026-08-25 20:37:49.801000000
UJJIVANSFB,EQ,Ujjivan Small Finance Bank Limited,INE551W01018,10.0,1,2019-12-12,2026-08-25 20:37:49.801000000
ULTRACEMCO,EQ,UltraTech Cement Limited,INE481G01011,10.0,1,2004-08-24,2026-08-25 20:37:49.801000000
ULTRAMAR,EQ,Ultramarine & Pigments Limited,INE405A01021,2.0,1,2026-04-20,2026-08-25 20:37:49.801000000
UMAEXPORTS,BE,Uma Exports Limited,INE0GIU01018,10.0,1,2022-04-07,2026-08-25 20:37:49.801000000
UMESLTD,EQ,Usha Martin Education & Solutions Limited,INE240C01028,1.0,1,2010-07-12,2026-08-25 20:37:49.801000000
UMIYA-MRO,EQ,UMIYA BUILDCON LIMITED,INE398B01018,5.0,1,2000-11-01,2026-08-25 20:37:49.801000000
UNICHEMLAB,EQ,Unichem Laboratories Limited,INE351A01035,2.0,1,2001-02-07,2026-08-25 20:37:49.801000000
UNIDT,BE,United Drilling Tools Limited,INE961D01019,10.0,1,2020-09-25,2026-08-25 20:37:49.801000000
UNIECOM,EQ,Unicommerce Esolutions Limited,INE00U401027,1.0,1,2024-08-13,2026-08-25 20:37:49.801000000
UNIENTER,EQ,Uniphos Enterprises Limited,INE037A01022,2.0,1,2004-01-23,2026-08-25 20:37:49.801000000
UNIINFO,EQ,Uniinfo Telecom Services Limited,INE481Z01011,10.0,1,2022-01-12,2026-08-25 20:37:49.801000000
UNIMECH,EQ,Unimech Aerospace and Manufacturing Limited,INE0U3I01011,5.0,1,2024-12-31,2026-08-25 20:37:49.801000000
UNIONBANK,EQ,Union Bank of India,INE692A01016,10.0,1,2002-09-24,2026-08-25 20:37:49.801000000
UNIPARTS,EQ,Uniparts India Limited,INE244O01017,10.0,1,2022-12-12,2026-08-25 20:37:49.801000000
UNITDSPR,EQ,United Spirits Limited,INE854D01024,2.0,1,2001-09-27,2026-08-25 20:37:49.801000000
UNITECH,EQ,Unitech Limited,INE694A01020,2.0,1,1999-09-08,2026-08-25 20:37:49.801000000
UNITEDPOLY,EQ,United Polyfab Gujarat Limited,INE368U01029,1.0,1,2021-12-31,2026-08-25 20:37:49.801000000
UNITEDTEA,EQ,The United Nilgiri Tea Estates Company Limited,INE458F01011,10.0,1,2015-01-28,2026-08-25 20:37:49.801000000
UNIVASTU,BE,Univastu India Limited,INE562X01013,10.0,1,2020-06-22,2026-08-25 20:37:49.801000000
UNIVCABLES,EQ,Universal Cables Limited,INE279A01012,10.0,1,1995-05-17,2026-08-25 20:37:49.801000000
UNIVPHOTO,BE,Universus Photo Imagings Limited,INE03V001013,10.0,1,2020-02-14,2026-08-25 20:37:49.801000000
UNOMINDA,EQ,UNO Minda Limited,INE405E01023,2.0,1,2007-02-02,2026-08-25 20:37:49.801000000
UPHOT,EQ,U P Hotels Limited,INE726E01014,10.0,1,2026-08-17,2026-08-25 20:37:49.801000000
UPL,EQ,UPL Limited,INE628A01036,2.0,1,2004-01-23,2026-08-25 20:37:49.801000000
URAVIDEF,BE,Uravi Defence and Technology Limited,INE568Z01015,10.0,1,2023-07-05,2026-08-25 20:37:49.801000000
URBANCO,EQ,Urban Company Limited,INE0CAZ01013,1.0,1,2025-09-17,2026-08-25 20:37:49.801000000
URJA,EQ,Urja Global Limited,INE550C01020,1.0,1,2017-03-28,2026-08-25 20:37:49.801000000
USHAMART,EQ,Usha Martin Limited,INE228A01035,1.0,1,2000-10-11,2026-08-25 20:37:49.801000000
USK,EQ,Udayshivakumar Infra Limited,INE0N0Y01013,10.0,1,2023-04-03,2026-08-25 20:37:49.801000000
UTIAMC,EQ,UTI Asset Management Company Limited,INE094J01016,10.0,1,2020-10-12,2026-08-25 20:37:49.801000000
UTKARSHBNK,EQ,Utkarsh Small Finance Bank Limited,INE735W01017,10.0,1,2023-07-21,2026-08-25 20:37:49.801000000
UTLSOLAR,EQ,Fujiyama Power Systems Limited,INE12UR01024,1.0,1,2025-11-20,2026-08-25 20:37:49.801000000
UTTAMSUGAR,EQ,Uttam Sugar Mills Limited,INE786F01031,10.0,1,2006-04-10,2026-08-25 20:37:49.801000000
UYFINCORP,BE,U. Y. Fincorp Limited,INE152C01025,5.0,1,2024-10-03,2026-08-25 20:37:49.801000000
V2RETAIL,EQ,V2 Retail Limited,INE945H01021,1.0,1,2007-07-04,2026-08-25 20:37:49.801000000
VADILALIND,EQ,Vadilal Industries Limited,INE694D01016,10.0,1,2011-06-15,2026-08-25 20:37:49.801000000
VADILENT,EQ,Vadilal Enterprises Limited,INE693D01018,10.0,1,2026-08-17,2026-08-25 20:37:49.801000000
VAIBHAVGBL,EQ,Vaibhav Global Limited,INE884A01027,2.0,1,2004-04-05,2026-08-25 20:37:49.801000000
VAISHALI,EQ,Vaishali Pharma Limited,INE972X01022,2.0,1,2020-01-15,2026-08-25 20:37:49.801000000
VAKRANGEE,EQ,Vakrangee Limited,INE051B01021,1.0,1,2006-04-03,2026-08-25 20:37:49.801000000
VALIANTLAB,EQ,Valiant Laboratories Limited,INE0JWS01017,10.0,1,2023-10-06,2026-08-25 20:37:49.801000000
VALIANTORG,BE,Valiant Organics Limited,INE565V01010,10.0,1,2021-07-23,2026-08-25 20:37:49.801000000
VAML,EQ,Vedanta Aluminium Metal Limited,INE1CDF01017,1.0,1,2026-06-15,2026-08-25 20:37:49.801000000
VARDHACRLC,BE,Vardhman Acrylics Limited,INE116G01013,10.0,1,2003-09-30,2026-08-25 20:37:49.801000000
VARDMNPOLY,EQ,Vardhman Polytex Limited,INE835A01029,1.0,1,2003-05-12,2026-08-25 20:37:49.801000000
VARROC,EQ,Varroc Engineering Limited,INE665L01035,1.0,1,2018-07-06,2026-08-25 20:37:49.801000000
VASCONEQ,EQ,Vascon Engineers Limited,INE893I01013,10.0,1,2010-02-15,2026-08-25 20:37:49.801000000
VASUPRADA,EQ,Shri Vasuprada Plantations Limited,INE574G01013,10.0,1,2026-08-17,2026-08-25 20:37:49.801000000
VASWANI,EQ,Vaswani Industries Limited,INE590L01019,10.0,1,2011-09-20,2026-08-25 20:37:49.801000000
VBL,EQ,Varun Beverages Limited,INE200M01039,2.0,1,2016-11-08,2026-08-25 20:37:49.801000000
VCL,BE,Vaxtex Cotfab Limited,INE098201036,1.0,1,2022-04-19,2026-08-25 20:37:49.801000000
VEDAVAAG,EQ,VEDAVAAG Systems Limited,INE359B01010,10.0,1,2026-08-17,2026-08-25 20:37:49.801000000
VEDL,EQ,Vedanta Limited,INE205A01025,1.0,1,1998-05-13,2026-08-25 20:37:49.801000000
VEDPOWER,EQ,Vedanta Power Limited,INE694L01019,10.0,1,2026-06-15,2026-08-25 20:37:49.801000000
VEEDOL,EQ,Veedol Corporation Limited,INE484C01030,2.0,1,2007-01-16,2026-08-25 20:37:49.801000000
VELJAN,BE,Veljan Denison Limited,INE232E01013,10.0,1,2026-04-20,2026-08-25 20:37:49.801000000
VENKEYS,EQ,Venky's (India) Limited,INE398A01010,10.0,1,2003-07-28,2026-08-25 20:37:49.801000000
VENTIVE,EQ,Ventive Hospitality Limited,INE781S01027,1.0,1,2024-12-30,2026-08-25 20:37:49.801000000
VENUSPIPES,EQ,Venus Pipes & Tubes Limited,INE0JA001018,10.0,1,2022-05-24,2026-08-25 20:37:49.801000000
VENUSREM,BE,Venus Remedies Limited,INE411B01019,10.0,1,2006-12-20,2026-08-25 20:37:49.801000000
VERANDA,EQ,Veranda Learning Solutions Limited,INE0IQ001011,10.0,1,2022-04-11,2026-08-25 20:37:49.801000000
VERTOZ,BE,Vertoz Limited,INE188Y01031,10.0,1,2020-05-14,2026-08-25 20:37:49.801000000
VESUVIUS,EQ,Vesuvius India Limited,INE386A01023,1.0,1,2002-10-04,2026-08-25 20:37:49.801000000
VETO,BE,Veto Switchgears And Cables Limited,INE918N01018,10.0,1,2015-04-29,2026-08-25 20:37:49.801000000
VGCL,EQ,Vibrant Global Capital Limited,INE761Q01015,10.0,1,2026-08-17,2026-08-25 20:37:49.801000000
VGL,EQ,VARVEE GLOBAL LIMITED,INE273D01027,5.0,1,2006-11-21,2026-08-25 20:37:49.801000000
VGUARD,EQ,V-Guard Industries Limited,INE951I01027,1.0,1,2008-03-13,2026-08-25 20:37:49.801000000
VHL,EQ,Vardhman Holdings Limited,INE701A01023,10.0,1,2005-06-30,2026-08-25 20:37:49.801000000
VHLTD,BE,Viceroy Hotels Limited,INE048C01025,10.0,1,2024-04-03,2026-08-25 20:37:49.801000000
VIDHIING,EQ,Vidhi Specialty Food Ingredients Limited,INE632C01026,1.0,1,2016-03-02,2026-08-25 20:37:49.801000000
VIDYAWIRES,EQ,Vidya Wires Limited,INE14UN01029,1.0,1,2025-12-10,2026-08-25 20:37:49.801000000
VIJAYA,EQ,Vijaya Diagnostic Centre Limited,INE043W01024,1.0,1,2021-09-14,2026-08-25 20:37:49.801000000
VIJIFIN,BE,Viji Finance Limited,INE159N01027,1.0,1,2016-07-11,2026-08-25 20:37:49.801000000
VIJSOLX,EQ,Vijay Solvex Limited,INE362D01010,10.0,1,2026-08-17,2026-08-25 20:37:49.801000000
VIKASECO,EQ,Vikas EcoTech Limited,INE806A01020,1.0,1,2011-12-12,2026-08-25 20:37:49.801000000
VIKASLIFE,EQ,Vikas Lifecare Limited,INE161L01027,1.0,1,2019-05-08,2026-08-25 20:37:49.801000000
VIKRAMSOLR,EQ,Vikram Solar Limited,INE078V01014,10.0,1,2025-08-26,2026-08-25 20:37:49.801000000
VIKRAN,EQ,Vikran Engineering Limited,INE01R501028,1.0,1,2025-09-03,2026-08-25 20:37:49.801000000
VIMTALABS,EQ,Vimta Labs Limited,INE579C01029,2.0,1,2005-12-15,2026-08-25 20:37:49.801000000
VINATIORGA,EQ,Vinati Organics Limited,INE410B01037,1.0,1,2009-07-28,2026-08-25 20:37:49.801000000
VINCOFE,EQ,Vintage Coffee And Beverages Limited,INE498Q01014,10.0,1,2024-10-18,2026-08-25 20:37:49.801000000
VINDHYATEL,EQ,Vindhya Telelinks Limited,INE707A01012,10.0,1,1995-02-08,2026-08-25 20:37:49.801000000
VINEETLAB,EQ,Vineet Laboratories Limited,INE505Y01010,10.0,1,2021-06-15,2026-08-25 20:37:49.801000000
VINNY,EQ,Vinny Overseas Limited,INE01KI01027,1.0,1,2022-11-28,2026-08-25 20:37:49.801000000
VINYLINDIA,EQ,Vinyl Chemicals (India) Limited,INE250B01029,1.0,1,2008-07-21,2026-08-25 20:37:49.801000000
VIPCLOTHNG,EQ,VIP Clothing Limited,INE450G01024,2.0,1,2007-08-06,2026-08-25 20:37:49.801000000
VIPIND,EQ,VIP Industries Limited,INE054A01027,2.0,1,2005-03-02,2026-08-25 20:37:49.801000000
VIPULLTD,BE,Vipul Limited,INE946H01037,1.0,1,2015-04-23,2026-08-25 20:37:49.801000000
VIRAT,EQ,Virat Industries Limited,INE467D01017,10.0,1,2026-08-17,2026-08-25 20:37:49.801000000
VIRINCHI,EQ,Virinchi Limited,INE539B01017,10.0,1,2023-05-03,2026-08-25 20:37:49.801000000
VIRTUALG,EQ,Virtual Global Education Limited,INE247C01023,1.0,1,2026-08-17,2026-08-25 20:37:49.801000000
VISACHROME,EQ,VISA Chrome Limited,INE286H01012,10.0,1,2006-03-17,2026-08-25 20:37:49.801000000
VISAKAIND,EQ,Visaka Industries Limited,INE392A01021,2.0,1,1996-08-28,2026-08-25 20:37:49.801000000
VISHAL,EQ,Vishal Fabrics Limited,INE755Q01025,5.0,1,2026-08-17,2026-08-25 20:37:49.801000000
VISHNU,EQ,Vishnu Chemicals Limited,INE270I01022,2.0,1,2015-03-05,2026-08-25 20:37:49.801000000
VISHWARAJ,EQ,Vishwaraj Sugar Industries Limited,INE430N01022,2.0,1,2019-10-15,2026-08-25 20:37:49.801000000
VISL,EQ,Vedanta Iron and Steel Limited,INE1CLE01013,1.0,1,2026-06-15,2026-08-25 20:37:49.801000000
VITAL,BE,Vital Chemtech Limited,INE0L4K01016,10.0,1,2026-03-11,2026-08-25 20:37:49.801000000
VIVIANA,BE,Viviana Power Tech Limited,INE0MEG01014,10.0,1,2026-06-02,2026-08-25 20:37:49.801000000
VIVIDHA,EQ,Visagar Polytex Limited,INE370E01029,1.0,1,2013-05-21,2026-08-25 20:37:49.801000000
VIVIMEDLAB,BE,Vivimed Labs Limited,INE526G01021,2.0,1,2005-08-17,2026-08-25 20:37:49.801000000
VIVOBIOT,EQ,Vivo Bio Tech Limited,INE380K01017,10.0,1,2026-08-17,2026-08-25 20:37:49.801000000
VIYASH,EQ,Viyash Scientific Limited,INE807F01027,2.0,1,2016-03-10,2026-08-25 20:37:49.801000000
VLEGOV,BE,VL E-Governance & IT Solutions Limited,INE03HW01020,10.0,1,2023-08-14,2026-08-25 20:37:49.801000000
VLSFINANCE,EQ,VLS Finance Limited,INE709A01018,10.0,1,1995-05-25,2026-08-25 20:37:49.801000000
VMART,EQ,V-Mart Retail Limited,INE665J01013,10.0,1,2013-02-20,2026-08-25 20:37:49.801000000
VMM,EQ,Vishal Mega Mart Limited,INE01EA01019,10.0,1,2024-12-18,2026-08-25 20:37:49.801000000
VMSTMT,EQ,VMS TMT Limited,INE0SJA01013,10.0,1,2025-09-24,2026-08-25 20:37:49.801000000
VOEPL,EQ,Virtuoso Optoelectronics Limited,INE0I0T01010,10.0,1,2026-07-01,2026-08-25 20:37:49.801000000
VOGL,EQ,Vedanta Oil and Gas Limited,INE704J01044,1.0,1,2026-06-15,2026-08-25 20:37:49.801000000
VOITHPAPR,EQ,Voith Paper Fabrics India Limited,INE285C01015,10.0,1,2026-08-17,2026-08-25 20:37:49.801000000
VOLTAMP,EQ,Voltamp Transformers Limited,INE540H01012,10.0,1,2006-09-20,2026-08-25 20:37:49.801000000
VOLTAS,EQ,Voltas Limited,INE226A01021,1.0,1,1995-04-12,2026-08-25 20:37:49.801000000
VPRPL,EQ,Vishnu Prakash R Punglia Limited,INE0AE001013,10.0,1,2023-09-05,2026-08-25 20:37:49.801000000
VRAJ,EQ,Vraj Iron and Steel Limited,INE0S2V01010,10.0,1,2024-07-03,2026-08-25 20:37:49.801000000
VRLLOG,EQ,VRL Logistics Limited,INE366I01010,10.0,1,2015-04-30,2026-08-25 20:37:49.801000000
VSSL,EQ,Vardhman Special Steels Limited,INE050M01012,10.0,1,2012-05-17,2026-08-25 20:37:49.801000000
VSTIND,EQ,VST Industries Limited,INE710A01016,10.0,1,2003-09-05,2026-08-25 20:37:49.801000000
VSTL,EQ,Vibhor Steel Tubes Limited,INE0QTF01015,10.0,1,2024-02-20,2026-08-25 20:37:49.801000000
VSTTILLERS,EQ,V.S.T Tillers Tractors Limited,INE764D01017,10.0,1,2011-06-20,2026-08-25 20:37:49.801000000
VTL,EQ,Vardhman Textiles Limited,INE825A01020,2.0,1,2003-01-14,2026-08-25 20:37:49.801000000
VTMLTD,EQ,VTM Limited,INE222F01029,1.0,1,2026-08-17,2026-08-25 20:37:49.801000000
WAAREEENER,EQ,Waaree Energies Limited,INE377N01017,10.0,1,2024-10-28,2026-08-25 20:37:49.801000000
WAAREEINDO,EQ,Indosolar Limited,INE866K01023,10.0,1,2010-09-29,2026-08-25 20:37:49.801000000
WAAREERTL,EQ,Waaree Renewable Technologies Limited,INE299N01021,2.0,1,2025-04-09,2026-08-25 20:37:49.801000000
WABAG,EQ,VA Tech Wabag Limited,INE956G01038,2.0,1,2010-10-13,2026-08-25 20:37:49.801000000
WAKEFIT,EQ,Wakefit Innovations Limited,INE0E7301029,1.0,1,2025-12-15,2026-08-25 20:37:49.801000000
WALCHANNAG,EQ,Walchandnagar Industries Limited,INE711A01022,2.0,1,1996-09-18,2026-08-25 20:37:49.801000000
WANBURY,EQ,Wanbury Limited,INE107F01022,10.0,1,2007-01-29,2026-08-25 20:37:49.801000000
WARDINMOBI,EQ,Wardwizard Innovations & Mobility Limited,INE945P01024,1.0,1,2026-08-17,2026-08-25 20:37:49.801000000
WATERBASE,EQ,Waterbase Limited,INE054C01015,10.0,1,2026-08-17,2026-08-25 20:37:49.801000000
WCIL,EQ,Western Carriers (India) Limited,INE0CJF01024,5.0,1,2024-09-24,2026-08-25 20:37:49.801000000
WEALTH,EQ,Wealth First Portfolio Managers Limited,INE658T01017,10.0,1,2021-01-20,2026-08-25 20:37:49.801000000
WEBELSOLAR,EQ,Websol Energy System Limited,INE855C01023,1.0,1,2007-05-15,2026-08-25 20:37:49.801000000
WEIZMANIND,EQ,Weizmann Limited,INE080A01014,10.0,1,1995-05-10,2026-08-25 20:37:49.801000000
WEL,EQ,Wonder Electricals Limited,INE02WG01024,1.0,1,2022-01-17,2026-08-25 20:37:49.801000000
WELCORP,EQ,Welspun Corp Limited,INE191B01025,5.0,1,2005-05-24,2026-08-25 20:37:49.801000000
WELENT,EQ,Welspun Enterprises Limited,INE625G01013,10.0,1,2004-11-04,2026-08-25 20:37:49.801000000
WELINV,BE,Welspun Investments and Commercials Limited,INE389K01018,10.0,1,2010-09-20,2026-08-25 20:37:49.801000000
WELSPLSOL,EQ,Welspun Specialty Solutions Limited,INE731F01037,6.0,1,2026-04-20,2026-08-25 20:37:49.801000000
WELSPUNLIV,EQ,Welspun Living Limited,INE192B01031,1.0,1,2003-12-04,2026-08-25 20:37:49.801000000
WENDT,EQ,Wendt (India) Limited,INE274C01019,10.0,1,2006-08-07,2026-08-25 20:37:49.801000000
WESTLIFE,EQ,WESTLIFE FOODWORLD LIMITED,INE274F01020,2.0,1,2023-06-05,2026-08-25 20:37:49.801000000
WEWIN,EQ,WE WIN LIMITED,INE082W01014,10.0,1,2022-06-15,2026-08-25 20:37:49.801000000
WEWORK,EQ,WeWork India Management Limited,INE085001019,10.0,1,2025-10-10,2026-08-25 20:37:49.801000000
WHBRADY,EQ,WH Brady & Company Limited,INE855A01019,10.0,1,2026-08-17,2026-08-25 20:37:49.801000000
WHEELS,EQ,Wheels India Limited,INE715A01015,10.0,1,2000-04-07,2026-08-25 20:37:49.801000000
WHIRLPOOL,EQ,Whirlpool of India Limited,INE716A01013,10.0,1,2010-04-06,2026-08-25 20:37:49.801000000
WILLAMAGOR,EQ,Williamson Magor & Company Limited,INE210A01017,10.0,1,1995-02-08,2026-08-25 20:37:49.801000000
WINDLAS,EQ,Windlas Biotech Limited,INE0H5O01029,5.0,1,2021-08-16,2026-08-25 20:37:49.801000000
WINDMACHIN,EQ,Windsor Machines Limited,INE052A01021,2.0,1,2011-08-17,2026-08-25 20:37:49.801000000
WIPL,EQ,The Western India Plywoods Limited,INE215F01023,10.0,1,2017-04-17,2026-08-25 20:37:49.801000000
WIPRO,EQ,Wipro Limited,INE075A01022,2.0,1,1995-11-08,2026-08-25 20:37:49.801000000
WOCKPHARMA,EQ,Wockhardt Limited,INE049B01025,5.0,1,2000-02-23,2026-08-25 20:37:49.801000000
WONDERLA,EQ,Wonderla Holidays Limited,INE066O01014,10.0,1,2014-05-09,2026-08-25 20:37:49.801000000
WORTHPERI,EQ,Worth Peripherals Limited,INE196Y01018,10.0,1,2020-08-04,2026-08-25 20:37:49.801000000
WPIL,EQ,WPIL Limited,INE765D01022,1.0,1,2026-04-20,2026-08-25 20:37:49.801000000
WSI,EQ,W S Industries (I) Limited,INE100D01014,10.0,1,2007-08-01,2026-08-25 20:37:49.801000000
WSTCSTPAPR,EQ,West Coast Paper Mills Limited,INE976A01021,2.0,1,2001-01-17,2026-08-25 20:37:49.801000000
XCHANGING,EQ,Xchanging Solutions Limited,INE692G01013,10.0,1,2005-03-09,2026-08-25 20:37:49.801000000
XELPMOC,EQ,Xelpmoc Design And Tech Limited,INE01P501012,10.0,1,2019-02-04,2026-08-25 20:37:49.801000000
XPROINDIA,EQ,Xpro India Limited,INE445C01015,10.0,1,2004-04-27,2026-08-25 20:37:49.801000000
XTGLOBAL,EQ,Xtglobal Infotech Limited,INE547B01028,1.0,1,2024-09-16,2026-08-25 20:37:49.801000000
XTRANET,EQ,Xtranet Technologies Limited,INE0NG701011,10.0,1,2026-07-30,2026-08-25 20:37:49.801000000
YASHO,EQ,Yasho Industries Limited,INE616Z01012,10.0,1,2023-08-21,2026-08-25 20:37:49.801000000
YATHARTH,EQ,Yatharth Hospital & Trauma Care Services Limited,INE0JO301016,10.0,1,2023-08-07,2026-08-25 20:37:49.801000000
YATRA,EQ,Yatra Online Limited,INE0JR601024,1.0,1,2023-09-28,2026-08-25 20:37:49.801000000
YESBANK,EQ,Yes Bank Limited,INE528G01035,2.0,1,2005-07-12,2026-08-25 20:37:49.801000000
YOGI,EQ,Yogi Limited,INE290E01011,10.0,1,2026-08-17,2026-08-25 20:37:49.801000000
YUKEN,EQ,Yuken India Limited,INE384C01016,10.0,1,2021-09-02,2026-08-25 20:37:49.801000000
ZAGGLE,EQ,Zaggle Prepaid Ocean Services Limited,INE07K301024,1.0,1,2023-09-22,2026-08-25 20:37:49.801000000
ZEEL,EQ,Zee Entertainment Enterprises Limited,INE256A01028,1.0,1,1998-09-09,2026-08-25 20:37:49.801000000
ZEELEARN,BE,Zee Learn Limited,INE565L01011,1.0,1,2010-12-20,2026-08-25 20:37:49.801000000
ZEEMEDIA,EQ,Zee Media Corporation Limited,INE966H01019,1.0,1,2007-01-10,2026-08-25 20:37:49.801000000
ZENITHEXPO,EQ,Zenith Exports Limited,INE058B01018,10.0,1,1996-07-10,2026-08-25 20:37:49.801000000
ZENITHSTL,EQ,Zenith Steel Pipes & Industries Limited,INE318D01020,10.0,1,2007-04-30,2026-08-25 20:37:49.801000000
ZENSARTECH,EQ,Zensar Technologies Limited,INE520A01027,2.0,1,2003-07-09,2026-08-25 20:37:49.801000000
ZENTEC,EQ,Zen Technologies Limited,INE251B01027,1.0,1,2015-03-30,2026-08-25 20:37:49.801000000
ZFCVINDIA,EQ,ZF Commercial Vehicle Control Systems India Limited,INE342J01019,5.0,1,2008-10-01,2026-08-25 20:37:49.801000000
ZFSTEERING,EQ,ZF Steering Gear (India) Limited,INE116C01012,10.0,1,2026-04-20,2026-08-25 20:37:49.801000000
ZIMLAB,EQ,Zim Laboratories Limited,INE518E01015,10.0,1,2022-11-25,2026-08-25 20:37:49.801000000
ZODIAC,EQ,Zodiac Energy Limited,INE761Y01019,10.0,1,2021-12-14,2026-08-25 20:37:49.801000000
ZODIACLOTH,EQ,Zodiac Clothing Company Limited,INE206B01013,10.0,1,1995-09-27,2026-08-25 20:37:49.801000000
ZOTA,EQ,Zota Health Care LImited,INE358U01012,10.0,1,2019-08-19,2026-08-25 20:37:49.801000000
ZSARACOM,EQ,Saraswati Commercial India Limited,INE967G01019,10.0,1,2026-04-20,2026-08-25 20:37:49.801000000
ZUARI,EQ,Zuari Agro Chemicals Limited,INE840M01016,10.0,1,2012-11-27,2026-08-25 20:37:49.801000000
ZUARIIND,EQ,ZUARI INDUSTRIES LIMITED,INE217A01012,10.0,1,1995-04-12,2026-08-25 20:37:49.801000000
ZYDUSLIFE,EQ,Zydus Lifesciences Limited,INE010B01027,1.0,1,2000-04-18,2026-08-25 20:37:49.801000000
ZYDUSWELL,EQ,Zydus Wellness Limited,INE768C01028,2.0,1,2009-11-13,2026-08-25 20:37:49.801000000
